{
"type": "FeatureCollection",
"name": "L_COURS_DEAU_L_095",
"crs": { "type": "name", "properties": { "name": "urn:ogc:def:crs:OGC:1.3:CRS84" } },
"xy_coordinate_resolution": 1e-05,
"features": [
{"type":"Feature","properties":{"NOM":"Bras de l'Epte","ETAT":1,"CODE_MODIF":0,"DATE_MODIF":null,"MODIFICATI":null,"RAPPORT_UR":null,"ID_NOM":"N0001","ID_TRONCON":"T0001","ID_COURSDE":"N0001T0001","ORIGINE1":"SCAN25","BCAE":"oui","ZNT":"oui"},"geometry":{"type":"LineString","coordinates":[[1.67746,49.20592],[1.67767,49.2056],[1.67774,49.20538],[1.67747,49.2052],[1.67706,49.2051],[1.67672,49.2051]]}},
{"type":"Feature","properties":{"NOM":"Bras de l'Epte","ETAT":1,"CODE_MODIF":0,"DATE_MODIF":null,"MODIFICATI":null,"RAPPORT_UR":null,"ID_NOM":"N0001","ID_TRONCON":"T0002","ID_COURSDE":"N0001T0002","ORIGINE1":"SCAN25","BCAE":"oui","ZNT":"oui"},"geometry":{"type":"LineString","coordinates":[[1.67672,49.2051],[1.67631,49.20488],[1.67617,49.20465],[1.67618,49.20393]]}},
{"type":"Feature","properties":{"NOM":"Bras de l'Epte","ETAT":1,"CODE_MODIF":0,"DATE_MODIF":null,"MODIFICATI":null,"RAPPORT_UR":null,"ID_NOM":"N0001","ID_TRONCON":"T0003","ID_COURSDE":"N0001T0003","ORIGINE1":"SCAN25","BCAE":"oui","ZNT":"oui"},"geometry":{"type":"LineString","coordinates":[[1.67419,49.2086],[1.6746,49.20833],[1.67474,49.20816],[1.67482,49.20744],[1.67517,49.20699]]}},
{"type":"Feature","properties":{"NOM":"Bras de l'Epte","ETAT":1,"CODE_MODIF":0,"DATE_MODIF":null,"MODIFICATI":null,"RAPPORT_UR":null,"ID_NOM":"N0001","ID_TRONCON":"T0004","ID_COURSDE":"N0001T0004","ORIGINE1":"SCAN25","BCAE":"oui","ZNT":"oui"},"geometry":{"type":"LineString","coordinates":[[1.67517,49.20699],[1.67628,49.20682],[1.67691,49.20624],[1.67746,49.20592]]}},
{"type":"Feature","properties":{"NOM":"Bras de l'Epte","ETAT":1,"CODE_MODIF":0,"DATE_MODIF":null,"MODIFICATI":null,"RAPPORT_UR":null,"ID_NOM":"N0001","ID_TRONCON":"T0005","ID_COURSDE":"N0001T0005","ORIGINE1":"SCAN25","BCAE":"oui","ZNT":"oui"},"geometry":{"type":"LineString","coordinates":[[1.67517,49.20699],[1.67519,49.20676],[1.67581,49.20645],[1.67588,49.206],[1.6763,49.20577],[1.67678,49.2056],[1.67672,49.2051]]}},
{"type":"Feature","properties":{"NOM":"Canal de L'Ourq","ETAT":1,"CODE_MODIF":0,"DATE_MODIF":null,"MODIFICATI":null,"RAPPORT_UR":null,"ID_NOM":"N0002","ID_TRONCON":"T0006","ID_COURSDE":"N0002T0006","ORIGINE1":"SCAN25","BCAE":"oui","ZNT":"oui"},"geometry":{"type":"LineString","coordinates":[[2.60251,48.95216],[2.52345,48.93217],[2.52119,48.93141],[2.52065,48.93118],[2.51955,48.93033],[2.51846,48.9293],[2.51654,48.92768],[2.5155,48.92661],[2.51448,48.92566],[2.51386,48.92517],[2.5127,48.92409],[2.51174,48.92328],[2.50777,48.91969],[2.50128,48.9139],[2.49957,48.91247],[2.49827,48.91157],[2.4971,48.91094],[2.49546,48.91036],[2.49341,48.90982],[2.43022,48.89716],[2.42715,48.89663],[2.41407,48.89511],[2.41283,48.89502],[2.41146,48.89502],[2.40008,48.8961],[2.39892,48.89615],[2.39674,48.89611],[2.39518,48.89584],[2.39313,48.89516],[2.38698,48.89211],[2.38664,48.89198]]}},
{"type":"Feature","properties":{"NOM":"Canal de St Denis","ETAT":1,"CODE_MODIF":0,"DATE_MODIF":null,"MODIFICATI":null,"RAPPORT_UR":null,"ID_NOM":"N0003","ID_TRONCON":"T0007","ID_COURSDE":"N0003T0007","ORIGINE1":"SCAN25","BCAE":"oui","ZNT":"oui"},"geometry":{"type":"LineString","coordinates":[[2.38664,48.89198],[2.3865,48.89202],[2.38412,48.89593],[2.38371,48.89647],[2.3833,48.89724],[2.37718,48.907],[2.37568,48.90952],[2.37548,48.9097],[2.37139,48.91631],[2.36715,48.92301],[2.36702,48.92323],[2.36702,48.92332],[2.36661,48.924],[2.36647,48.92413],[2.36606,48.9248],[2.36531,48.92579],[2.3645,48.9266],[2.36381,48.92701],[2.36252,48.92741],[2.36095,48.92764],[2.35604,48.92759],[2.35515,48.92768],[2.35413,48.928],[2.35311,48.92845],[2.35243,48.9289],[2.35188,48.9294],[2.35181,48.92953],[2.35004,48.93174],[2.34607,48.93659],[2.34525,48.93731],[2.34075,48.9409],[2.34027,48.94108],[2.33933,48.94107]]}},
{"type":"Feature","properties":{"NOM":"Canal St Martin","ETAT":1,"CODE_MODIF":0,"DATE_MODIF":null,"MODIFICATI":null,"RAPPORT_UR":null,"ID_NOM":"N0004","ID_TRONCON":"T0008","ID_COURSDE":"N0004T0008","ORIGINE1":"SCAN25","BCAE":"oui","ZNT":"oui"},"geometry":{"type":"LineString","coordinates":[[2.38664,48.89198],[2.38664,48.89193],[2.37191,48.88447],[2.37144,48.88411],[2.36931,48.88173],[2.36692,48.87885],[2.3642,48.87571],[2.36331,48.87459],[2.36331,48.874],[2.37204,48.86258],[2.37244,48.86172],[2.37251,48.86114],[2.37244,48.86051],[2.37121,48.85795],[2.37018,48.85556],[2.36847,48.85189],[2.36636,48.84715],[2.36438,48.84639]]}},
{"type":"Feature","properties":{"NOM":"Fossé du Marais","ETAT":2,"CODE_MODIF":0,"DATE_MODIF":null,"MODIFICATI":null,"RAPPORT_UR":null,"ID_NOM":"N0005","ID_TRONCON":"T0009","ID_COURSDE":"N0005T0009","ORIGINE1":"SCAN25","BCAE":"non","ZNT":"oui"},"geometry":{"type":"LineString","coordinates":[[1.58848,49.07736],[1.58821,49.0769],[1.58815,49.07668],[1.58788,49.07641],[1.58788,49.076],[1.58768,49.07587],[1.58652,49.07582],[1.58618,49.07568],[1.58564,49.07532],[1.58516,49.07518],[1.58448,49.07517],[1.58413,49.07526],[1.58379,49.07548],[1.58358,49.07553],[1.58316,49.07548],[1.58159,49.07493],[1.58098,49.07497],[1.58029,49.07506],[1.57934,49.07496],[1.57818,49.07473]]}},
{"type":"Feature","properties":{"NOM":"Fossé du Marais","ETAT":2,"CODE_MODIF":0,"DATE_MODIF":null,"MODIFICATI":null,"RAPPORT_UR":null,"ID_NOM":"N0005","ID_TRONCON":"T0010","ID_COURSDE":"N0005T0010","ORIGINE1":"SCAN25","BCAE":"non","ZNT":"oui"},"geometry":{"type":"LineString","coordinates":[[1.57818,49.07473],[1.57703,49.074],[1.57682,49.07378],[1.57628,49.07345],[1.57512,49.07331],[1.57282,49.07253],[1.57014,49.07242],[1.56712,49.07127],[1.5662,49.07096],[1.56565,49.07069],[1.56311,49.06979],[1.56091,49.06925],[1.55905,49.06854],[1.55538,49.06648],[1.55446,49.06579],[1.5534,49.06556],[1.55265,49.0657]]}},
{"type":"Feature","properties":{"NOM":"Fossé du Marais","ETAT":2,"CODE_MODIF":0,"DATE_MODIF":null,"MODIFICATI":null,"RAPPORT_UR":null,"ID_NOM":"N0005","ID_TRONCON":"T0011","ID_COURSDE":"N0005T0011","ORIGINE1":"SCAN25","BCAE":"non","ZNT":"oui"},"geometry":{"type":"LineString","coordinates":[[1.55265,49.0657],[1.55231,49.06587]]}},
{"type":"Feature","properties":{"NOM":"Fossé du Marais","ETAT":2,"CODE_MODIF":0,"DATE_MODIF":null,"MODIFICATI":null,"RAPPORT_UR":null,"ID_NOM":"N0005","ID_TRONCON":"T0012","ID_COURSDE":"N0005T0012","ORIGINE1":"SCAN25","BCAE":"non","ZNT":"oui"},"geometry":{"type":"LineString","coordinates":[[1.60308,49.08473],[1.60356,49.08451],[1.6039,49.08451],[1.60431,49.08506],[1.60471,49.08537],[1.60505,49.08542],[1.60609,49.08493],[1.60678,49.08449],[1.60685,49.08431],[1.60671,49.08422],[1.60453,49.08366],[1.60358,49.08348],[1.6033,49.08348],[1.60316,49.08361],[1.60268,49.08392],[1.60254,49.08388],[1.59996,49.08274],[1.59846,49.08219],[1.59635,49.0815],[1.59574,49.08114],[1.59534,49.08073],[1.59473,49.08032],[1.59405,49.08014],[1.59099,49.07908],[1.59003,49.07871],[1.58949,49.07835],[1.58916,49.07781],[1.58848,49.07736]]}},
{"type":"Feature","properties":{"NOM":"L'Aubette de Magny","ETAT":0,"CODE_MODIF":5,"DATE_MODIF":"2010-09-03","MODIFICATI":"SUPPRESSION","RAPPORT_UR":null,"ID_NOM":"N0006","ID_TRONCON":"T0013","ID_COURSDE":"N0006T0013","ORIGINE1":"TERRAIN","BCAE":"non","ZNT":"non"},"geometry":{"type":"LineString","coordinates":[[1.83913,49.16324],[1.84018,49.16339],[1.84026,49.16378],[1.84237,49.16401],[1.84254,49.16409],[1.84488,49.16426],[1.84552,49.16447],[1.84693,49.1645],[1.84785,49.16446],[1.8507,49.16468],[1.8507,49.16434],[1.85036,49.16392],[1.85018,49.16346],[1.8499,49.163],[1.84982,49.16283],[1.84979,49.16248],[1.85001,49.1617],[1.85034,49.1614],[1.85098,49.16096],[1.85118,49.1607],[1.85129,49.16061],[1.85079,49.16036],[1.85148,49.15968],[1.85149,49.15964],[1.85081,49.15906],[1.85088,49.15898],[1.85124,49.15878]]}},
{"type":"Feature","properties":{"NOM":"L'Aubette de Magny","ETAT":1,"CODE_MODIF":0,"DATE_MODIF":null,"MODIFICATI":null,"RAPPORT_UR":null,"ID_NOM":"N0006","ID_TRONCON":"T0014","ID_COURSDE":"N0006T0014","ORIGINE1":"SCAN25","BCAE":"oui","ZNT":"oui"},"geometry":{"type":"LineString","coordinates":[[1.80532,49.15892],[1.80532,49.15883],[1.80402,49.15867],[1.80389,49.15862],[1.80348,49.15856],[1.80229,49.15825]]}},
{"type":"Feature","properties":{"NOM":"L'Aubette de Magny","ETAT":1,"CODE_MODIF":0,"DATE_MODIF":null,"MODIFICATI":null,"RAPPORT_UR":null,"ID_NOM":"N0006","ID_TRONCON":"T0015","ID_COURSDE":"N0006T0015","ORIGINE1":"SCAN25","BCAE":"oui","ZNT":"oui"},"geometry":{"type":"LineString","coordinates":[[1.77321,49.15086],[1.77227,49.15082],[1.77189,49.15074],[1.77037,49.15024],[1.76965,49.15007],[1.7691,49.14991],[1.76894,49.14976],[1.76862,49.14964],[1.76844,49.14948],[1.7683,49.14941],[1.76798,49.1491],[1.76776,49.14902],[1.76766,49.14896],[1.76762,49.14885],[1.76751,49.14876],[1.76735,49.14841],[1.76721,49.14826],[1.7671,49.14823],[1.76705,49.14824],[1.76661,49.14849],[1.7665,49.14851],[1.7663,49.14838],[1.76595,49.14825],[1.76544,49.14794],[1.765,49.14778],[1.76478,49.14775],[1.76465,49.14767]]}},
{"type":"Feature","properties":{"NOM":"L'Aubette de Magny","ETAT":1,"CODE_MODIF":0,"DATE_MODIF":null,"MODIFICATI":null,"RAPPORT_UR":null,"ID_NOM":"N0006","ID_TRONCON":"T0016","ID_COURSDE":"N0006T0016","ORIGINE1":"SCAN25","BCAE":"oui","ZNT":"oui"},"geometry":{"type":"LineString","coordinates":[[1.76517,49.14661],[1.76405,49.1464],[1.76317,49.14611],[1.76252,49.14579],[1.76227,49.1457],[1.76195,49.14561],[1.76137,49.14549],[1.76066,49.14525],[1.76049,49.14522],[1.75973,49.14522],[1.75894,49.14507],[1.75859,49.1449],[1.75842,49.14488],[1.75822,49.14489],[1.75784,49.14484],[1.7576,49.14487],[1.75716,49.14479],[1.75666,49.14464],[1.75589,49.14451],[1.75566,49.14443],[1.75539,49.14446],[1.75515,49.14438],[1.75455,49.14435]]}},
{"type":"Feature","properties":{"NOM":"L'Aubette de Magny","ETAT":1,"CODE_MODIF":0,"DATE_MODIF":null,"MODIFICATI":null,"RAPPORT_UR":null,"ID_NOM":"N0006","ID_TRONCON":"T0017","ID_COURSDE":"N0006T0017","ORIGINE1":"SCAN25","BCAE":"oui","ZNT":"oui"},"geometry":{"type":"LineString","coordinates":[[1.75455,49.14435],[1.75455,49.14457],[1.75468,49.14467],[1.75556,49.14477],[1.75588,49.14487],[1.75606,49.14497],[1.75614,49.14512],[1.75613,49.14527],[1.75657,49.14551],[1.75699,49.14563],[1.75764,49.14574],[1.75979,49.14652],[1.76051,49.1467],[1.76131,49.14679],[1.76177,49.14688],[1.76227,49.14709],[1.76358,49.14736],[1.76428,49.1476],[1.76465,49.14767]]}},
{"type":"Feature","properties":{"NOM":"L'Aubette de Magny","ETAT":1,"CODE_MODIF":0,"DATE_MODIF":null,"MODIFICATI":null,"RAPPORT_UR":null,"ID_NOM":"N0006","ID_TRONCON":"T0018","ID_COURSDE":"N0006T0018","ORIGINE1":"SCAN25","BCAE":"oui","ZNT":"oui"},"geometry":{"type":"LineString","coordinates":[[1.75455,49.14435],[1.75417,49.14414],[1.75353,49.14424],[1.75325,49.14419],[1.75269,49.14394],[1.75209,49.14392],[1.75144,49.14379],[1.75129,49.14379],[1.7508,49.14385],[1.75064,49.14389],[1.74974,49.14435],[1.74938,49.1445],[1.7486,49.14475],[1.74816,49.14481],[1.74751,49.14485],[1.74622,49.14485],[1.74541,49.14517],[1.74492,49.14531],[1.74414,49.14549],[1.74369,49.14567],[1.74342,49.14568],[1.74327,49.14554],[1.74318,49.14551],[1.74296,49.14554],[1.74246,49.14549],[1.74227,49.14557]]}},
{"type":"Feature","properties":{"NOM":"L'Aubette de Magny","ETAT":0,"CODE_MODIF":5,"DATE_MODIF":"2013-04-11","MODIFICATI":"SUPPRESSION","RAPPORT_UR":null,"ID_NOM":"N0006","ID_TRONCON":"T0019","ID_COURSDE":"N0006T0019","ORIGINE1":"TERRAIN","BCAE":"non","ZNT":"non"},"geometry":{"type":"LineString","coordinates":[[1.77224,49.14914],[1.7724,49.14914],[1.77265,49.14932],[1.77273,49.14942],[1.77282,49.14973],[1.77308,49.15005],[1.77341,49.15029],[1.77352,49.15042],[1.77321,49.15086]]}},
{"type":"Feature","properties":{"NOM":"L'Aubette de Magny","ETAT":1,"CODE_MODIF":0,"DATE_MODIF":null,"MODIFICATI":null,"RAPPORT_UR":null,"ID_NOM":"N0006","ID_TRONCON":"T0020","ID_COURSDE":"N0006T0020","ORIGINE1":"SCAN25","BCAE":"oui","ZNT":"oui"},"geometry":{"type":"LineString","coordinates":[[1.83907,49.16335],[1.83778,49.16309],[1.83663,49.16307],[1.83629,49.16314],[1.8361,49.16305],[1.83599,49.16294],[1.83448,49.16247],[1.83415,49.16243],[1.83392,49.16237],[1.83361,49.16235],[1.83006,49.16249],[1.82962,49.16258],[1.82861,49.16259],[1.82842,49.16275],[1.82814,49.1628],[1.82745,49.16277],[1.82683,49.1627],[1.82668,49.16263],[1.82651,49.16247],[1.82635,49.16242],[1.82622,49.16251],[1.82588,49.16257],[1.82582,49.16266],[1.82551,49.16267],[1.82449,49.163],[1.82429,49.16315],[1.82387,49.1633],[1.82372,49.16339],[1.8235,49.16343],[1.82317,49.16344],[1.82272,49.16349],[1.82239,49.16349],[1.82209,49.16355],[1.82189,49.16349],[1.82179,49.16355],[1.82155,49.16358],[1.82146,49.16355],[1.82148,49.16339],[1.82143,49.16336],[1.82111,49.16334],[1.8212,49.16318],[1.82119,49.1631],[1.82109,49.16302],[1.82104,49.16301],[1.82091,49.16317],[1.82034,49.16322],[1.81919,49.16327],[1.81874,49.16321],[1.81862,49.16314],[1.81852,49.16313],[1.81817,49.16319],[1.81786,49.16307],[1.8175,49.16318],[1.81712,49.16317],[1.81675,49.16321],[1.81653,49.16317],[1.81528,49.16259],[1.81534,49.16248],[1.81531,49.1624],[1.81521,49.16237],[1.81509,49.16241],[1.81505,49.16236],[1.81513,49.16231],[1.81526,49.16229],[1.81529,49.16225],[1.81514,49.16222],[1.81508,49.16216],[1.81511,49.16205],[1.81485,49.16198],[1.81493,49.16182],[1.81487,49.16172],[1.81465,49.16164],[1.81459,49.16158],[1.81445,49.16153],[1.81435,49.16138],[1.81426,49.16138],[1.81419,49.16143],[1.81406,49.16146],[1.81395,49.16144],[1.81391,49.16141],[1.81387,49.16119],[1.81381,49.16115],[1.81371,49.16119],[1.81356,49.16131],[1.81339,49.16131],[1.81327,49.16106],[1.81296,49.16098],[1.81288,49.16086],[1.81276,49.16084],[1.81193,49.16011],[1.81169,49.16014],[1.81159,49.16007],[1.8115,49.16006],[1.81142,49.1601],[1.8113,49.1601],[1.81111,49.16001],[1.81049,49.15986],[1.81026,49.15977],[1.80986,49.1598],[1.80958,49.15972],[1.80934,49.15976],[1.80877,49.15979],[1.80825,49.15987],[1.80793,49.15989],[1.80774,49.15987],[1.8058,49.15907],[1.80532,49.15892]]}},
{"type":"Feature","properties":{"NOM":"L'Aubette de Magny","ETAT":1,"CODE_MODIF":0,"DATE_MODIF":null,"MODIFICATI":null,"RAPPORT_UR":null,"ID_NOM":"N0006","ID_TRONCON":"T0021","ID_COURSDE":"N0006T0021","ORIGINE1":"SCAN25","BCAE":"oui","ZNT":"oui"},"geometry":{"type":"LineString","coordinates":[[1.80532,49.15892],[1.80522,49.15896],[1.80496,49.15894],[1.80488,49.15903],[1.80468,49.159],[1.80465,49.15907],[1.80459,49.15908],[1.80234,49.15845],[1.80229,49.15825]]}},
{"type":"Feature","properties":{"NOM":"L'Aubette de Magny","ETAT":1,"CODE_MODIF":0,"DATE_MODIF":null,"MODIFICATI":null,"RAPPORT_UR":null,"ID_NOM":"N0006","ID_TRONCON":"T0022","ID_COURSDE":"N0006T0022","ORIGINE1":"SCAN25","BCAE":"oui","ZNT":"oui"},"geometry":{"type":"LineString","coordinates":[[1.80229,49.15825],[1.80178,49.15804],[1.80094,49.15781],[1.80084,49.15768],[1.80082,49.15757],[1.80077,49.15755],[1.80016,49.1576],[1.79949,49.1576],[1.79948,49.15767],[1.79916,49.15769],[1.79765,49.15775],[1.79703,49.15783],[1.79655,49.15795],[1.79651,49.15797],[1.79655,49.15812],[1.79648,49.15815],[1.79472,49.15843],[1.79443,49.15858],[1.79459,49.15877],[1.79448,49.15887],[1.79394,49.15915],[1.79221,49.15928],[1.79176,49.15926],[1.79166,49.15921],[1.79119,49.15911],[1.79052,49.1591],[1.78978,49.15897],[1.78941,49.15896],[1.78891,49.1588],[1.78872,49.15869],[1.78764,49.15856],[1.78749,49.15847],[1.78733,49.1583],[1.78699,49.15829],[1.78676,49.15795],[1.78612,49.15764],[1.78361,49.15722],[1.78338,49.15722],[1.78326,49.15718],[1.78321,49.15713],[1.78314,49.15681],[1.78301,49.15647],[1.78314,49.15589],[1.78311,49.1558],[1.78286,49.15563],[1.78281,49.15547],[1.78254,49.15533],[1.78243,49.15523],[1.78265,49.15499],[1.78268,49.15491],[1.78266,49.15478],[1.78256,49.15469],[1.78226,49.15455],[1.7817,49.15443],[1.78152,49.15435],[1.78087,49.15397],[1.78057,49.15375],[1.78015,49.1536],[1.77998,49.15343],[1.77982,49.15315],[1.77897,49.15272],[1.77873,49.15254],[1.77791,49.15224],[1.77672,49.15193],[1.77637,49.15187],[1.77555,49.15163],[1.77471,49.15137],[1.77359,49.15095],[1.77321,49.15086]]}},
{"type":"Feature","properties":{"NOM":"L'Aubette de Magny","ETAT":1,"CODE_MODIF":0,"DATE_MODIF":null,"MODIFICATI":null,"RAPPORT_UR":null,"ID_NOM":"N0006","ID_TRONCON":"T0023","ID_COURSDE":"N0006T0023","ORIGINE1":"SCAN25","BCAE":"oui","ZNT":"oui"},"geometry":{"type":"LineString","coordinates":[[1.74227,49.14557],[1.74213,49.14563],[1.74186,49.1457],[1.74161,49.14587],[1.74112,49.14612],[1.74066,49.14625],[1.74017,49.14633],[1.73984,49.14631],[1.73932,49.14617],[1.73904,49.14599],[1.73885,49.14594],[1.73863,49.14591],[1.73823,49.14595],[1.73774,49.14607],[1.73733,49.1463],[1.73714,49.14629],[1.73686,49.14635],[1.73663,49.14635],[1.73658,49.14642],[1.73662,49.1465],[1.73656,49.14655],[1.73662,49.14664],[1.73657,49.14671],[1.73645,49.14674],[1.73619,49.14668],[1.73598,49.14671],[1.73592,49.14665],[1.73583,49.14644],[1.73566,49.14636],[1.73559,49.14641],[1.73532,49.14681],[1.73523,49.14685],[1.73512,49.14684],[1.73488,49.14674],[1.7347,49.14644],[1.7346,49.14639],[1.73434,49.14648],[1.73336,49.14698],[1.73331,49.14706],[1.73336,49.14718],[1.73318,49.14733],[1.73335,49.14754],[1.73297,49.1478],[1.7328,49.14779],[1.73252,49.14791],[1.73206,49.14774],[1.73181,49.14793],[1.73168,49.14799],[1.73127,49.14783],[1.73105,49.14795],[1.73097,49.14797],[1.73093,49.14796],[1.73085,49.14782],[1.73068,49.14783],[1.7304,49.14791],[1.73037,49.14803],[1.73027,49.14811],[1.73007,49.14812],[1.72976,49.1482]]}},
{"type":"Feature","properties":{"NOM":"L'Aubette de Magny","ETAT":1,"CODE_MODIF":0,"DATE_MODIF":null,"MODIFICATI":null,"RAPPORT_UR":null,"ID_NOM":"N0006","ID_TRONCON":"T0024","ID_COURSDE":"N0006T0024","ORIGINE1":"SCAN25","BCAE":"oui","ZNT":"oui"},"geometry":{"type":"LineString","coordinates":[[1.72976,49.1482],[1.72905,49.14838],[1.72869,49.14853],[1.72838,49.14854],[1.728,49.14862],[1.72712,49.1486],[1.72673,49.14853],[1.72631,49.14851]]}},
{"type":"Feature","properties":{"NOM":"L'Aubette de Magny","ETAT":1,"CODE_MODIF":0,"DATE_MODIF":null,"MODIFICATI":null,"RAPPORT_UR":null,"ID_NOM":"N0006","ID_TRONCON":"T0025","ID_COURSDE":"N0006T0025","ORIGINE1":"SCAN25","BCAE":"oui","ZNT":"oui"},"geometry":{"type":"LineString","coordinates":[[1.72631,49.14851],[1.72564,49.14845],[1.72544,49.1484],[1.72468,49.14808],[1.72457,49.14809],[1.72304,49.14795],[1.72153,49.14789],[1.72096,49.14777],[1.71984,49.14775],[1.71953,49.14778],[1.71902,49.14772],[1.71843,49.14783],[1.71785,49.14785],[1.71739,49.1479],[1.71688,49.14803],[1.71639,49.14805],[1.71552,49.14818],[1.71525,49.14824],[1.71428,49.14856],[1.71354,49.14872],[1.71326,49.14872],[1.71266,49.14879],[1.71218,49.14904],[1.71176,49.14922],[1.71157,49.14915],[1.71067,49.14869]]}},
{"type":"Feature","properties":{"NOM":"L'Aubette de Magny","ETAT":1,"CODE_MODIF":0,"DATE_MODIF":null,"MODIFICATI":null,"RAPPORT_UR":null,"ID_NOM":"N0006","ID_TRONCON":"T0026","ID_COURSDE":"N0006T0026","ORIGINE1":"SCAN25","BCAE":"oui","ZNT":"oui"},"geometry":{"type":"LineString","coordinates":[[1.71067,49.14869],[1.71053,49.14872],[1.71047,49.14892],[1.71035,49.14899],[1.71031,49.14915],[1.71006,49.14935],[1.70989,49.14956],[1.70939,49.14984],[1.70904,49.15015],[1.70893,49.15017],[1.70863,49.1501],[1.70854,49.15012],[1.70851,49.15033],[1.70843,49.1504],[1.70812,49.15044],[1.70778,49.15054],[1.70753,49.15052],[1.70741,49.1506],[1.70729,49.15063],[1.70642,49.15066],[1.7055,49.15065]]}},
{"type":"Feature","properties":{"NOM":"L'Aubette de Magny","ETAT":1,"CODE_MODIF":0,"DATE_MODIF":null,"MODIFICATI":null,"RAPPORT_UR":null,"ID_NOM":"N0006","ID_TRONCON":"T0027","ID_COURSDE":"N0006T0027","ORIGINE1":"SCAN25","BCAE":"oui","ZNT":"oui"},"geometry":{"type":"LineString","coordinates":[[1.7055,49.15065],[1.70561,49.15108],[1.70558,49.1512],[1.70548,49.1513],[1.70522,49.15142],[1.70415,49.15171]]}},
{"type":"Feature","properties":{"NOM":"L'Aubette de Magny","ETAT":1,"CODE_MODIF":0,"DATE_MODIF":null,"MODIFICATI":null,"RAPPORT_UR":null,"ID_NOM":"N0006","ID_TRONCON":"T0028","ID_COURSDE":"N0006T0028","ORIGINE1":"SCAN25","BCAE":"oui","ZNT":"oui"},"geometry":{"type":"LineString","coordinates":[[1.70415,49.15171],[1.70197,49.15237],[1.70097,49.15263],[1.70031,49.15277],[1.69964,49.15297],[1.69944,49.153],[1.69891,49.15295],[1.69672,49.15258]]}},
{"type":"Feature","properties":{"NOM":"L'Aubette de Magny","ETAT":1,"CODE_MODIF":0,"DATE_MODIF":null,"MODIFICATI":null,"RAPPORT_UR":null,"ID_NOM":"N0006","ID_TRONCON":"T0029","ID_COURSDE":"N0006T0029","ORIGINE1":"SCAN25","BCAE":"oui","ZNT":"oui"},"geometry":{"type":"LineString","coordinates":[[1.69672,49.15258],[1.6946,49.15223],[1.69403,49.15216],[1.69243,49.15182],[1.69208,49.15159],[1.69171,49.15144],[1.6916,49.15143],[1.6912,49.15146],[1.69047,49.15112],[1.69024,49.15106],[1.68985,49.15101],[1.68928,49.15101],[1.68855,49.1508],[1.68826,49.1508],[1.68804,49.1507],[1.68755,49.15063],[1.68742,49.15059],[1.68722,49.15045],[1.6871,49.15042],[1.68684,49.15043],[1.68675,49.15039],[1.68674,49.15028],[1.68668,49.15023],[1.68658,49.15022],[1.68633,49.15033],[1.68621,49.15033],[1.68574,49.15023],[1.68549,49.15024],[1.68536,49.15019],[1.68513,49.15],[1.68456,49.14964],[1.68442,49.14959],[1.68401,49.14962],[1.68384,49.14956],[1.68351,49.14937],[1.6833,49.14914],[1.68303,49.14908],[1.68276,49.14865],[1.682,49.14813],[1.68147,49.14772],[1.68102,49.14748],[1.68074,49.14723],[1.68051,49.14711],[1.6798,49.1464],[1.67939,49.14607],[1.67893,49.14584],[1.67834,49.14543],[1.67804,49.14528],[1.67654,49.14498],[1.67593,49.1448],[1.67527,49.14452],[1.67507,49.14447],[1.6725,49.14402],[1.67196,49.14396],[1.67182,49.14397],[1.67176,49.14402],[1.67174,49.14428],[1.6716,49.14448],[1.67117,49.14466],[1.67067,49.14458]]}},
{"type":"Feature","properties":{"NOM":"L'Aubette de Magny","ETAT":1,"CODE_MODIF":0,"DATE_MODIF":null,"MODIFICATI":null,"RAPPORT_UR":null,"ID_NOM":"N0006","ID_TRONCON":"T0030","ID_COURSDE":"N0006T0030","ORIGINE1":"SCAN25","BCAE":"oui","ZNT":"oui"},"geometry":{"type":"LineString","coordinates":[[1.67067,49.14458],[1.67065,49.14439],[1.67053,49.14415],[1.67044,49.14411],[1.67017,49.14415],[1.67004,49.14427],[1.66965,49.14432],[1.66924,49.14442]]}},
{"type":"Feature","properties":{"NOM":"L'Aubette de Magny","ETAT":1,"CODE_MODIF":0,"DATE_MODIF":null,"MODIFICATI":null,"RAPPORT_UR":null,"ID_NOM":"N0006","ID_TRONCON":"T0031","ID_COURSDE":"N0006T0031","ORIGINE1":"SCAN25","BCAE":"oui","ZNT":"oui"},"geometry":{"type":"LineString","coordinates":[[1.66924,49.14442],[1.66986,49.14449],[1.67029,49.1446],[1.67067,49.14458]]}},
{"type":"Feature","properties":{"NOM":"L'Aubette de Magny","ETAT":1,"CODE_MODIF":0,"DATE_MODIF":null,"MODIFICATI":null,"RAPPORT_UR":null,"ID_NOM":"N0006","ID_TRONCON":"T0032","ID_COURSDE":"N0006T0032","ORIGINE1":"SCAN25","BCAE":"oui","ZNT":"oui"},"geometry":{"type":"LineString","coordinates":[[1.65772,49.14856],[1.65799,49.1484],[1.6583,49.1481],[1.65862,49.14806],[1.65877,49.14788],[1.65885,49.14785],[1.65924,49.14783]]}},
{"type":"Feature","properties":{"NOM":"L'Aubette de Magny","ETAT":1,"CODE_MODIF":0,"DATE_MODIF":null,"MODIFICATI":null,"RAPPORT_UR":null,"ID_NOM":"N0006","ID_TRONCON":"T0033","ID_COURSDE":"N0006T0033","ORIGINE1":"SCAN25","BCAE":"oui","ZNT":"oui"},"geometry":{"type":"LineString","coordinates":[[1.66719,49.14517],[1.66732,49.1451],[1.66743,49.14496],[1.66781,49.14488],[1.66786,49.14469],[1.668,49.14462],[1.66807,49.14455],[1.6682,49.1445],[1.6685,49.14448],[1.66882,49.14426],[1.66898,49.14436],[1.66924,49.14442]]}},
{"type":"Feature","properties":{"NOM":"L'Aubette de Magny","ETAT":1,"CODE_MODIF":0,"DATE_MODIF":null,"MODIFICATI":null,"RAPPORT_UR":null,"ID_NOM":"N0006","ID_TRONCON":"T0034","ID_COURSDE":"N0006T0034","ORIGINE1":"SCAN25","BCAE":"oui","ZNT":"oui"},"geometry":{"type":"LineString","coordinates":[[1.65924,49.14783],[1.65982,49.14742],[1.65998,49.14744],[1.66006,49.14736],[1.66011,49.14735],[1.6604,49.14738],[1.66063,49.14727],[1.6609,49.14731],[1.66111,49.14708],[1.66123,49.14701],[1.66139,49.14698],[1.66168,49.147],[1.66173,49.14698],[1.66168,49.1469],[1.6617,49.14686],[1.66206,49.14663],[1.66233,49.14659],[1.6625,49.14669],[1.66263,49.14667],[1.66267,49.14648],[1.6629,49.14644],[1.66286,49.14631],[1.66294,49.14624],[1.66322,49.1463],[1.66355,49.14633],[1.66366,49.14628],[1.66374,49.14605],[1.66379,49.14603],[1.66396,49.14607],[1.66408,49.14607],[1.66441,49.14578],[1.66516,49.14562],[1.66524,49.14553],[1.66535,49.14549],[1.66582,49.14544],[1.66595,49.14533],[1.666,49.14509],[1.6662,49.14493],[1.6664,49.14495],[1.66658,49.14515],[1.66668,49.14515],[1.6667,49.14506],[1.66686,49.14501],[1.66719,49.14517]]}},
{"type":"Feature","properties":{"NOM":"L'Aubette de Magny","ETAT":1,"CODE_MODIF":0,"DATE_MODIF":null,"MODIFICATI":null,"RAPPORT_UR":null,"ID_NOM":"N0006","ID_TRONCON":"T0035","ID_COURSDE":"N0006T0035","ORIGINE1":"SCAN25","BCAE":"oui","ZNT":"oui"},"geometry":{"type":"LineString","coordinates":[[1.69672,49.15258],[1.69694,49.15186],[1.69707,49.15176],[1.69744,49.15171],[1.69778,49.15171],[1.69803,49.15174],[1.69829,49.15182],[1.6987,49.15206],[1.69883,49.15207],[1.6997,49.15185],[1.70048,49.15175],[1.70074,49.15168],[1.70123,49.15144],[1.70251,49.1509],[1.70272,49.15089],[1.70354,49.15102],[1.70373,49.15103],[1.70402,49.15099],[1.70429,49.15091],[1.70475,49.15089],[1.70522,49.15069],[1.7055,49.15065]]}},
{"type":"Feature","properties":{"NOM":"L'Aubette de Meulan","ETAT":1,"CODE_MODIF":0,"DATE_MODIF":null,"MODIFICATI":null,"RAPPORT_UR":null,"ID_NOM":"N0007","ID_TRONCON":"T0036","ID_COURSDE":"N0007T0036","ORIGINE1":"SCAN25","BCAE":"oui","ZNT":"oui"},"geometry":{"type":"MultiLineString","coordinates":[[[1.9039,49.00735],[1.90338,49.00814],[1.90313,49.00839],[1.90342,49.00856],[1.90299,49.00913],[1.90356,49.01005],[1.90436,49.01037],[1.9061,49.01094],[1.90661,49.01125],[1.90769,49.01203],[1.90744,49.01228],[1.90749,49.0125],[1.90782,49.01286],[1.90874,49.01373],[1.90888,49.01378],[1.90964,49.01384],[1.91063,49.01499],[1.91158,49.01597],[1.91294,49.01722],[1.91288,49.01733],[1.91275,49.0174],[1.91276,49.01754],[1.91314,49.01796],[1.91355,49.0186],[1.91379,49.01867],[1.91464,49.01865],[1.91531,49.01959],[1.91588,49.02012],[1.91646,49.02056],[1.91693,49.02073],[1.91725,49.02074],[1.91808,49.02101],[1.91887,49.02104],[1.91939,49.02114],[1.92049,49.02186],[1.9207,49.02213],[1.92165,49.0231],[1.92328,49.02388],[1.92326,49.02392],[1.92407,49.02435],[1.92465,49.02447],[1.92477,49.02455],[1.92552,49.02484],[1.92584,49.0253],[1.92586,49.02571],[1.92614,49.02595],[1.92643,49.02599],[1.92731,49.0259],[1.92852,49.02611],[1.92897,49.02612],[1.92938,49.02622],[1.93012,49.02677],[1.93029,49.02675],[1.93051,49.02682],[1.93663,49.03027],[1.9365,49.03051],[1.9366,49.03066],[1.93714,49.03124],[1.94343,49.03722],[1.94346,49.03731],[1.9432,49.03904],[1.94318,49.03971],[1.94322,49.04005],[1.94344,49.04024],[1.94424,49.04114],[1.94527,49.04213],[1.94611,49.043],[1.94667,49.04367],[1.94682,49.044],[1.94693,49.04438],[1.94727,49.04462],[1.94728,49.04468],[1.94714,49.04495],[1.94715,49.04503],[1.94761,49.04666],[1.94773,49.0473],[1.9478,49.04737],[1.94876,49.04949],[1.94881,49.04966],[1.94879,49.04982],[1.94819,49.05033],[1.94741,49.05068],[1.94522,49.05184],[1.94477,49.05215],[1.94457,49.05224],[1.94331,49.05256],[1.94034,49.05342],[1.94092,49.05388],[1.9406,49.05402],[1.94036,49.05419],[1.93961,49.05424],[1.93853,49.05506],[1.93838,49.05514],[1.938,49.05525],[1.93752,49.05532],[1.93709,49.05543],[1.93568,49.05615],[1.93491,49.05674],[1.93475,49.05692],[1.93452,49.05741],[1.93416,49.05795],[1.9336,49.05915],[1.93351,49.05928],[1.93347,49.05944],[1.93342,49.06003],[1.93352,49.06047],[1.93349,49.06071],[1.9336,49.06088],[1.9338,49.06105],[1.93374,49.06124],[1.93392,49.06172],[1.93396,49.06253],[1.93395,49.06264],[1.93363,49.06358],[1.93357,49.06365],[1.93193,49.0645],[1.93112,49.06487],[1.9265,49.0662],[1.92375,49.06729],[1.92354,49.06742],[1.92313,49.06755],[1.92243,49.0677],[1.92208,49.06781],[1.92147,49.06814],[1.92113,49.06842],[1.92093,49.06881],[1.92091,49.06907],[1.92041,49.06916],[1.91972,49.06913],[1.9196,49.06916],[1.91956,49.06931],[1.91966,49.06946],[1.92062,49.07038],[1.92068,49.0704],[1.92205,49.07067],[1.92269,49.07072],[1.92289,49.07079],[1.92333,49.07081],[1.92425,49.07071],[1.92459,49.07073],[1.92516,49.0708],[1.92541,49.07091],[1.92574,49.07097],[1.92587,49.07105],[1.92628,49.07116],[1.92689,49.07142],[1.92711,49.07155],[1.92716,49.07161],[1.92798,49.07202],[1.92805,49.07213],[1.92822,49.07224],[1.92867,49.07275],[1.92912,49.07348],[1.92912,49.07359],[1.9292,49.07371],[1.92914,49.07444],[1.92877,49.07501],[1.92852,49.07528],[1.92784,49.07568],[1.92741,49.07576],[1.92702,49.07588],[1.92688,49.07595],[1.92601,49.07598],[1.9247,49.07632],[1.92377,49.07647],[1.92331,49.07647],[1.92237,49.07654],[1.92099,49.07675],[1.92082,49.07675],[1.92045,49.0767],[1.91836,49.07659],[1.91794,49.07667],[1.91745,49.07665],[1.91709,49.0767],[1.9169,49.07676],[1.91633,49.07682],[1.91614,49.07693],[1.91586,49.07718],[1.91557,49.07724],[1.91528,49.07736],[1.91518,49.07747],[1.91481,49.07759],[1.91461,49.07776],[1.91418,49.07794],[1.91362,49.07833],[1.91313,49.07852],[1.9124,49.07948],[1.91236,49.07962],[1.91206,49.08009],[1.91186,49.08032],[1.91171,49.08083],[1.91139,49.08106],[1.91118,49.08112],[1.91089,49.08137],[1.91068,49.08145],[1.90974,49.08201],[1.90944,49.08227],[1.90905,49.08246],[1.90867,49.08277],[1.9082,49.08306],[1.90782,49.08318],[1.90747,49.08338],[1.90646,49.08363],[1.90627,49.08363],[1.9059,49.08358],[1.9048,49.08357],[1.9045,49.08353],[1.90399,49.08364],[1.90193,49.08402],[1.90035,49.08486],[1.89954,49.0855],[1.89873,49.08588],[1.89916,49.08592],[1.89913,49.08643],[1.89895,49.08711],[1.89847,49.08798],[1.89846,49.08816],[1.89822,49.08865],[1.89774,49.08925],[1.89656,49.09049],[1.89639,49.09063],[1.89433,49.09163],[1.89252,49.09237],[1.89125,49.09252],[1.89047,49.09251],[1.88998,49.09261]],[[1.91939,49.02114],[1.91898,49.02077],[1.91869,49.02037],[1.91869,49.02016],[1.91858,49.02009],[1.91815,49.02009],[1.91795,49.01996],[1.91746,49.01978],[1.91715,49.01944],[1.91652,49.01913],[1.91636,49.01889],[1.91625,49.01851],[1.91634,49.01806],[1.9163,49.01786],[1.91599,49.01753],[1.91559,49.01719],[1.91536,49.01687],[1.91479,49.01638],[1.91454,49.01636],[1.91395,49.01653],[1.91376,49.01654],[1.91287,49.01586],[1.91213,49.01469],[1.91194,49.01465],[1.9114,49.01464],[1.91098,49.01431],[1.91077,49.01422],[1.91055,49.01392],[1.91028,49.01375],[1.91011,49.01371],[1.90988,49.01384],[1.90958,49.01382]],[[1.93967,49.05422],[1.93968,49.05422]],[[1.94899,49.05093],[1.94881,49.0509],[1.9482,49.05042],[1.94805,49.05041]],[[1.9049,49.0056],[1.90486,49.00588],[1.90466,49.00636],[1.90453,49.00686],[1.90425,49.0074],[1.90384,49.00817],[1.90342,49.00856]],[[1.90453,49.00308],[1.90521,49.00423],[1.90496,49.00465],[1.9049,49.0056],[1.90481,49.00566],[1.90472,49.00585],[1.90468,49.00611],[1.90434,49.00652],[1.9039,49.00735],[1.90425,49.0074]],[[1.94879,49.04982],[1.94905,49.05],[1.94956,49.05073],[1.94949,49.05079],[1.94899,49.05093],[1.94905,49.05102],[1.94877,49.05136],[1.94827,49.05152],[1.94773,49.05175],[1.94744,49.05189],[1.94729,49.05203],[1.94693,49.05207],[1.94638,49.05232],[1.94612,49.0524],[1.94555,49.05274],[1.94448,49.05324],[1.94414,49.05336],[1.94385,49.05356],[1.94362,49.05362],[1.94268,49.05375],[1.94255,49.0538],[1.94206,49.05373],[1.94195,49.05375],[1.94183,49.05381],[1.94142,49.0538],[1.94092,49.05388]]]}},
{"type":"Feature","properties":{"NOM":"L'Aubette de Meulan","ETAT":2,"CODE_MODIF":0,"DATE_MODIF":null,"MODIFICATI":null,"RAPPORT_UR":null,"ID_NOM":"N0007","ID_TRONCON":"T0037","ID_COURSDE":"N0007T0037","ORIGINE1":"SCAN25","BCAE":"non","ZNT":"oui"},"geometry":{"type":"LineString","coordinates":[[1.93968,49.05422],[1.94041,49.05372],[1.94042,49.05363],[1.94034,49.05342]]}},
{"type":"Feature","properties":{"NOM":"L'Epte","ETAT":1,"CODE_MODIF":0,"DATE_MODIF":null,"MODIFICATI":null,"RAPPORT_UR":null,"ID_NOM":"N0008","ID_TRONCON":"T0038","ID_COURSDE":"N0008T0038","ORIGINE1":"SCAN25","BCAE":"oui","ZNT":"oui"},"geometry":{"type":"LineString","coordinates":[[1.69867,49.22614],[1.69862,49.22484],[1.69849,49.22434],[1.69835,49.22411],[1.69822,49.22398]]}},
{"type":"Feature","properties":{"NOM":"L'Epte","ETAT":1,"CODE_MODIF":0,"DATE_MODIF":null,"MODIFICATI":null,"RAPPORT_UR":null,"ID_NOM":"N0008","ID_TRONCON":"T0039","ID_COURSDE":"N0008T0039","ORIGINE1":"SCAN25","BCAE":"oui","ZNT":"oui"},"geometry":{"type":"LineString","coordinates":[[1.69822,49.22398],[1.69746,49.22402],[1.69712,49.2242],[1.69677,49.22429],[1.69622,49.22433],[1.69473,49.22409]]}},
{"type":"Feature","properties":{"NOM":"L'Epte","ETAT":1,"CODE_MODIF":0,"DATE_MODIF":null,"MODIFICATI":null,"RAPPORT_UR":null,"ID_NOM":"N0008","ID_TRONCON":"T0040","ID_COURSDE":"N0008T0040","ORIGINE1":"SCAN25","BCAE":"oui","ZNT":"oui"},"geometry":{"type":"LineString","coordinates":[[1.69473,49.22409],[1.69219,49.22368],[1.69143,49.2234],[1.69103,49.22309],[1.69082,49.22286],[1.69083,49.22209],[1.69091,49.2216],[1.69112,49.22133],[1.69119,49.22097],[1.69112,49.22088],[1.69003,49.22056],[1.68881,49.2192],[1.68875,49.21835]]}},
{"type":"Feature","properties":{"NOM":"L'Epte","ETAT":1,"CODE_MODIF":0,"DATE_MODIF":null,"MODIFICATI":null,"RAPPORT_UR":null,"ID_NOM":"N0008","ID_TRONCON":"T0041","ID_COURSDE":"N0008T0041","ORIGINE1":"SCAN25","BCAE":"oui","ZNT":"oui"},"geometry":{"type":"LineString","coordinates":[[1.68875,49.21835],[1.68766,49.21834],[1.68629,49.21816],[1.68595,49.21797],[1.68547,49.21752],[1.68507,49.21676],[1.68473,49.21649],[1.68275,49.21629],[1.6824,49.21616],[1.68125,49.21512],[1.67982,49.2142],[1.67844,49.2137],[1.67783,49.21361],[1.67749,49.21352]]}},
{"type":"Feature","properties":{"NOM":"L'Epte","ETAT":1,"CODE_MODIF":0,"DATE_MODIF":null,"MODIFICATI":null,"RAPPORT_UR":null,"ID_NOM":"N0008","ID_TRONCON":"T0042","ID_COURSDE":"N0008T0042","ORIGINE1":"SCAN25","BCAE":"oui","ZNT":"oui"},"geometry":{"type":"LineString","coordinates":[[1.67749,49.21352],[1.6775,49.21271],[1.67647,49.21257],[1.67647,49.21248],[1.67702,49.21221]]}},
{"type":"Feature","properties":{"NOM":"L'Epte","ETAT":1,"CODE_MODIF":0,"DATE_MODIF":null,"MODIFICATI":null,"RAPPORT_UR":null,"ID_NOM":"N0008","ID_TRONCON":"T0043","ID_COURSDE":"N0008T0043","ORIGINE1":"SCAN25","BCAE":"oui","ZNT":"oui"},"geometry":{"type":"LineString","coordinates":[[1.67702,49.21221],[1.67696,49.21185],[1.67682,49.21172],[1.67593,49.21176],[1.67504,49.21157],[1.67477,49.21157],[1.67429,49.21184],[1.67408,49.21184],[1.67394,49.2117],[1.67402,49.21116],[1.67451,49.21067],[1.67444,49.2104],[1.67384,49.20945],[1.67384,49.20914],[1.67419,49.20878]]}},
{"type":"Feature","properties":{"NOM":"L'Epte","ETAT":1,"CODE_MODIF":0,"DATE_MODIF":null,"MODIFICATI":null,"RAPPORT_UR":null,"ID_NOM":"N0008","ID_TRONCON":"T0044","ID_COURSDE":"N0008T0044","ORIGINE1":"SCAN25","BCAE":"oui","ZNT":"oui"},"geometry":{"type":"LineString","coordinates":[[1.67419,49.20878],[1.67419,49.2086]]}},
{"type":"Feature","properties":{"NOM":"L'Epte","ETAT":1,"CODE_MODIF":0,"DATE_MODIF":null,"MODIFICATI":null,"RAPPORT_UR":null,"ID_NOM":"N0008","ID_TRONCON":"T0045","ID_COURSDE":"N0008T0045","ORIGINE1":"SCAN25","BCAE":"oui","ZNT":"oui"},"geometry":{"type":"LineString","coordinates":[[1.67419,49.2086],[1.67331,49.20801],[1.67297,49.20761],[1.6729,49.20725],[1.67263,49.20692],[1.67223,49.20656],[1.67216,49.20633],[1.6723,49.20625],[1.67292,49.20616],[1.67313,49.20607],[1.6732,49.20567],[1.67334,49.20522],[1.67376,49.20486],[1.67495,49.2041],[1.6755,49.20397],[1.67618,49.20393]]}},
{"type":"Feature","properties":{"NOM":"L'Epte","ETAT":1,"CODE_MODIF":0,"DATE_MODIF":null,"MODIFICATI":null,"RAPPORT_UR":null,"ID_NOM":"N0008","ID_TRONCON":"T0046","ID_COURSDE":"N0008T0046","ORIGINE1":"SCAN25","BCAE":"oui","ZNT":"oui"},"geometry":{"type":"LineString","coordinates":[[1.67618,49.20393],[1.6766,49.20357],[1.67688,49.20322],[1.67689,49.20263],[1.67656,49.20169],[1.6765,49.20052],[1.67637,49.20011],[1.67543,49.19885],[1.67516,49.1984]]}},
{"type":"Feature","properties":{"NOM":"L'Epte","ETAT":1,"CODE_MODIF":0,"DATE_MODIF":null,"MODIFICATI":null,"RAPPORT_UR":null,"ID_NOM":"N0008","ID_TRONCON":"T0047","ID_COURSDE":"N0008T0047","ORIGINE1":"SCAN25","BCAE":"oui","ZNT":"oui"},"geometry":{"type":"LineString","coordinates":[[1.67516,49.1984],[1.6751,49.19746],[1.67497,49.19714],[1.6745,49.19637],[1.67389,49.19582],[1.67362,49.19573]]}},
{"type":"Feature","properties":{"NOM":"L'Epte","ETAT":1,"CODE_MODIF":0,"DATE_MODIF":null,"MODIFICATI":null,"RAPPORT_UR":null,"ID_NOM":"N0008","ID_TRONCON":"T0048","ID_COURSDE":"N0008T0048","ORIGINE1":"SCAN25","BCAE":"oui","ZNT":"oui"},"geometry":{"type":"LineString","coordinates":[[1.67362,49.19573],[1.67185,49.19451],[1.67076,49.19369]]}},
{"type":"Feature","properties":{"NOM":"L'Epte","ETAT":1,"CODE_MODIF":0,"DATE_MODIF":null,"MODIFICATI":null,"RAPPORT_UR":null,"ID_NOM":"N0008","ID_TRONCON":"T0049","ID_COURSDE":"N0008T0049","ORIGINE1":"SCAN25","BCAE":"oui","ZNT":"oui"},"geometry":{"type":"LineString","coordinates":[[1.67076,49.19369],[1.6707,49.19342],[1.6705,49.19315],[1.67091,49.19262],[1.67106,49.19221],[1.67106,49.19199]]}},
{"type":"Feature","properties":{"NOM":"L'Epte","ETAT":1,"CODE_MODIF":0,"DATE_MODIF":null,"MODIFICATI":null,"RAPPORT_UR":null,"ID_NOM":"N0008","ID_TRONCON":"T0050","ID_COURSDE":"N0008T0050","ORIGINE1":"SCAN25","BCAE":"oui","ZNT":"oui"},"geometry":{"type":"LineString","coordinates":[[1.67106,49.19199],[1.67127,49.19181],[1.67141,49.19145],[1.67135,49.191],[1.67094,49.19033],[1.67007,49.1892],[1.6698,49.18875],[1.66967,49.18807],[1.6692,49.18743],[1.66907,49.18707],[1.66907,49.18649],[1.66921,49.18626],[1.66936,49.18541]]}},
{"type":"Feature","properties":{"NOM":"L'Epte","ETAT":1,"CODE_MODIF":0,"DATE_MODIF":null,"MODIFICATI":null,"RAPPORT_UR":null,"ID_NOM":"N0008","ID_TRONCON":"T0051","ID_COURSDE":"N0008T0051","ORIGINE1":"SCAN25","BCAE":"oui","ZNT":"oui"},"geometry":{"type":"LineString","coordinates":[[1.66936,49.18541],[1.6695,49.18505],[1.66985,49.18487]]}},
{"type":"Feature","properties":{"NOM":"L'Epte","ETAT":1,"CODE_MODIF":0,"DATE_MODIF":null,"MODIFICATI":null,"RAPPORT_UR":null,"ID_NOM":"N0008","ID_TRONCON":"T0052","ID_COURSDE":"N0008T0052","ORIGINE1":"SCAN25","BCAE":"oui","ZNT":"oui"},"geometry":{"type":"LineString","coordinates":[[1.66985,49.18487],[1.66985,49.18478],[1.67075,49.18439],[1.67084,49.1825],[1.67105,49.18196],[1.67168,49.18125],[1.67175,49.18111],[1.67175,49.18053],[1.67162,49.18026],[1.67142,49.18012],[1.67107,49.18021],[1.67018,49.18052],[1.66956,49.18043],[1.66922,49.18029],[1.66902,49.17979],[1.66868,49.17966],[1.66752,49.17956],[1.66718,49.17938],[1.66691,49.17893],[1.66698,49.17861],[1.66761,49.17781],[1.66754,49.17754],[1.667,49.17721]]}},
{"type":"Feature","properties":{"NOM":"L'Epte","ETAT":1,"CODE_MODIF":0,"DATE_MODIF":null,"MODIFICATI":null,"RAPPORT_UR":null,"ID_NOM":"N0008","ID_TRONCON":"T0053","ID_COURSDE":"N0008T0053","ORIGINE1":"SCAN25","BCAE":"oui","ZNT":"oui"},"geometry":{"type":"LineString","coordinates":[[1.667,49.17721],[1.66652,49.17703],[1.66618,49.17676],[1.66619,49.1764],[1.66633,49.17622],[1.66626,49.17586]]}},
{"type":"Feature","properties":{"NOM":"L'Epte","ETAT":1,"CODE_MODIF":0,"DATE_MODIF":null,"MODIFICATI":null,"RAPPORT_UR":null,"ID_NOM":"N0008","ID_TRONCON":"T0054","ID_COURSDE":"N0008T0054","ORIGINE1":"SCAN25","BCAE":"oui","ZNT":"oui"},"geometry":{"type":"LineString","coordinates":[[1.66626,49.17586],[1.66634,49.17541],[1.66655,49.1751],[1.66676,49.17456]]}},
{"type":"Feature","properties":{"NOM":"L'Epte","ETAT":1,"CODE_MODIF":0,"DATE_MODIF":null,"MODIFICATI":null,"RAPPORT_UR":null,"ID_NOM":"N0008","ID_TRONCON":"T0055","ID_COURSDE":"N0008T0055","ORIGINE1":"SCAN25","BCAE":"oui","ZNT":"oui"},"geometry":{"type":"LineString","coordinates":[[1.66676,49.17456],[1.6669,49.17456],[1.66759,49.17389],[1.6678,49.17362],[1.66829,49.17318],[1.66843,49.17246],[1.66857,49.17214],[1.66865,49.17129],[1.66881,49.17107],[1.66902,49.17089]]}},
{"type":"Feature","properties":{"NOM":"L'Epte","ETAT":1,"CODE_MODIF":0,"DATE_MODIF":null,"MODIFICATI":null,"RAPPORT_UR":null,"ID_NOM":"N0008","ID_TRONCON":"T0056","ID_COURSDE":"N0008T0056","ORIGINE1":"SCAN25","BCAE":"oui","ZNT":"oui"},"geometry":{"type":"LineString","coordinates":[[1.66902,49.17089],[1.66984,49.17031],[1.67019,49.16995],[1.6702,49.1695],[1.66884,49.16864],[1.6685,49.16824],[1.66809,49.16801],[1.66775,49.16787],[1.66748,49.16765],[1.66728,49.16737],[1.66701,49.16719],[1.66646,49.16696],[1.66613,49.16651],[1.66613,49.16646],[1.66579,49.16623],[1.66461,49.16587],[1.66434,49.1656],[1.66414,49.16524],[1.66409,49.16434]]}},
{"type":"Feature","properties":{"NOM":"L'Epte","ETAT":1,"CODE_MODIF":0,"DATE_MODIF":null,"MODIFICATI":null,"RAPPORT_UR":null,"ID_NOM":"N0008","ID_TRONCON":"T0057","ID_COURSDE":"N0008T0057","ORIGINE1":"SCAN25","BCAE":"oui","ZNT":"oui"},"geometry":{"type":"LineString","coordinates":[[1.66409,49.16434],[1.66412,49.16259],[1.66291,49.16074],[1.66286,49.15934],[1.66246,49.15898],[1.66184,49.15875],[1.66083,49.1578],[1.66056,49.15721],[1.66063,49.15685],[1.66077,49.15681],[1.66112,49.15658],[1.66236,49.15574],[1.66319,49.15507],[1.66382,49.15444]]}},
{"type":"Feature","properties":{"NOM":"L'Epte","ETAT":1,"CODE_MODIF":0,"DATE_MODIF":null,"MODIFICATI":null,"RAPPORT_UR":null,"ID_NOM":"N0008","ID_TRONCON":"T0058","ID_COURSDE":"N0008T0058","ORIGINE1":"SCAN25","BCAE":"oui","ZNT":"oui"},"geometry":{"type":"LineString","coordinates":[[1.66382,49.15444],[1.66444,49.15364],[1.66445,49.15346],[1.66418,49.15323]]}},
{"type":"Feature","properties":{"NOM":"L'Epte","ETAT":1,"CODE_MODIF":0,"DATE_MODIF":null,"MODIFICATI":null,"RAPPORT_UR":null,"ID_NOM":"N0008","ID_TRONCON":"T0059","ID_COURSDE":"N0008T0059","ORIGINE1":"SCAN25","BCAE":"oui","ZNT":"oui"},"geometry":{"type":"LineString","coordinates":[[1.66418,49.15323],[1.6639,49.15314],[1.66288,49.1526],[1.6622,49.15241],[1.66124,49.15227],[1.65961,49.1515],[1.6594,49.15145],[1.6592,49.15127],[1.65887,49.15046],[1.65881,49.1501]]}},
{"type":"Feature","properties":{"NOM":"L'Epte","ETAT":1,"CODE_MODIF":0,"DATE_MODIF":null,"MODIFICATI":null,"RAPPORT_UR":null,"ID_NOM":"N0008","ID_TRONCON":"T0060","ID_COURSDE":"N0008T0060","ORIGINE1":"SCAN25","BCAE":"oui","ZNT":"oui"},"geometry":{"type":"LineString","coordinates":[[1.65881,49.1501],[1.65854,49.14929],[1.6582,49.14889],[1.65787,49.14857]]}},
{"type":"Feature","properties":{"NOM":"L'Epte","ETAT":1,"CODE_MODIF":0,"DATE_MODIF":null,"MODIFICATI":null,"RAPPORT_UR":null,"ID_NOM":"N0008","ID_TRONCON":"T0061","ID_COURSDE":"N0008T0061","ORIGINE1":"SCAN25","BCAE":"oui","ZNT":"oui"},"geometry":{"type":"LineString","coordinates":[[1.65787,49.14857],[1.65595,49.1485],[1.65582,49.14832],[1.65582,49.14805],[1.65603,49.14779],[1.65603,49.14743],[1.65576,49.14716],[1.65508,49.14688],[1.65467,49.14661],[1.65454,49.14629],[1.65448,49.14598]]}},
{"type":"Feature","properties":{"NOM":"L'Epte","ETAT":1,"CODE_MODIF":0,"DATE_MODIF":null,"MODIFICATI":null,"RAPPORT_UR":null,"ID_NOM":"N0008","ID_TRONCON":"T0062","ID_COURSDE":"N0008T0062","ORIGINE1":"SCAN25","BCAE":"oui","ZNT":"oui"},"geometry":{"type":"LineString","coordinates":[[1.65448,49.14598],[1.65462,49.14562],[1.65449,49.14522],[1.65415,49.14499],[1.65312,49.14476],[1.65299,49.14462],[1.653,49.14404],[1.65314,49.14364],[1.65329,49.14265],[1.65289,49.14184],[1.65257,49.14138],[1.65248,49.14097],[1.65267,49.1405],[1.65307,49.13988]]}},
{"type":"Feature","properties":{"NOM":"L'Epte","ETAT":1,"CODE_MODIF":0,"DATE_MODIF":null,"MODIFICATI":null,"RAPPORT_UR":null,"ID_NOM":"N0008","ID_TRONCON":"T0063","ID_COURSDE":"N0008T0063","ORIGINE1":"SCAN25","BCAE":"oui","ZNT":"oui"},"geometry":{"type":"LineString","coordinates":[[1.65682,49.13439],[1.6569,49.13375],[1.65777,49.13316],[1.65801,49.13233],[1.65795,49.13211],[1.65768,49.13193],[1.6559,49.13151],[1.65577,49.1312],[1.65584,49.13079],[1.65598,49.13039],[1.65578,49.13021],[1.65571,49.13022],[1.65428,49.13002],[1.65366,49.12984],[1.65312,49.12974],[1.65278,49.12961],[1.65263,49.12924],[1.65273,49.12812],[1.65266,49.12794],[1.65253,49.1278],[1.65198,49.12766],[1.65089,49.12757],[1.65038,49.12745],[1.65028,49.12716],[1.65022,49.12612],[1.65009,49.12558],[1.64982,49.12531],[1.64948,49.12518],[1.6477,49.12499],[1.6473,49.12489],[1.64709,49.12476],[1.64642,49.12395],[1.64637,49.1237],[1.64642,49.12332],[1.64689,49.12171],[1.6465,49.12137],[1.64602,49.12112],[1.64596,49.12098]]}},
{"type":"Feature","properties":{"NOM":"L'Epte","ETAT":1,"CODE_MODIF":0,"DATE_MODIF":null,"MODIFICATI":null,"RAPPORT_UR":null,"ID_NOM":"N0008","ID_TRONCON":"T0064","ID_COURSDE":"N0008T0064","ORIGINE1":"SCAN25","BCAE":"oui","ZNT":"oui"},"geometry":{"type":"LineString","coordinates":[[1.64596,49.12098],[1.64564,49.12093],[1.6455,49.12075],[1.6451,49.11976],[1.6447,49.11921],[1.64457,49.11862],[1.6443,49.1184],[1.64376,49.11804],[1.64342,49.11754]]}},
{"type":"Feature","properties":{"NOM":"L'Epte","ETAT":1,"CODE_MODIF":0,"DATE_MODIF":null,"MODIFICATI":null,"RAPPORT_UR":null,"ID_NOM":"N0008","ID_TRONCON":"T0065","ID_COURSDE":"N0008T0065","ORIGINE1":"SCAN25","BCAE":"oui","ZNT":"oui"},"geometry":{"type":"LineString","coordinates":[[1.64342,49.11754],[1.64193,49.11654],[1.64138,49.11636],[1.64097,49.11636],[1.6407,49.11654],[1.64035,49.11685],[1.64015,49.11689],[1.6398,49.11675],[1.63838,49.1158],[1.63648,49.11494],[1.63518,49.11444],[1.63491,49.11421],[1.63458,49.1134],[1.63445,49.11317],[1.63397,49.11286],[1.63274,49.11249],[1.63254,49.11231],[1.63262,49.11167],[1.63276,49.11145],[1.63303,49.11127],[1.63318,49.11103],[1.6329,49.11091],[1.63236,49.11086],[1.63174,49.11063],[1.63113,49.11058],[1.63065,49.11067],[1.63044,49.11067],[1.62976,49.11035],[1.62956,49.11008],[1.62965,49.10873],[1.62966,49.10775],[1.62953,49.10756],[1.62844,49.10675],[1.6277,49.10589],[1.62709,49.10535],[1.62696,49.10512],[1.62698,49.104],[1.62712,49.10364],[1.62746,49.10324],[1.62747,49.10288],[1.62727,49.1027],[1.62686,49.10251],[1.62624,49.10246],[1.62549,49.10254],[1.62501,49.10241],[1.62427,49.10177],[1.62379,49.1015],[1.62209,49.10109],[1.62168,49.1009],[1.62168,49.10068],[1.62155,49.10018],[1.62115,49.09969],[1.62109,49.09933],[1.6213,49.09888],[1.62131,49.0983],[1.62111,49.09794],[1.6207,49.09757],[1.62009,49.09753],[1.61899,49.09734],[1.61859,49.09711],[1.6186,49.09617],[1.61853,49.09603],[1.61792,49.09572],[1.61765,49.09549],[1.61753,49.09441],[1.61733,49.09404]]}},
{"type":"Feature","properties":{"NOM":"L'Epte","ETAT":1,"CODE_MODIF":0,"DATE_MODIF":null,"MODIFICATI":null,"RAPPORT_UR":null,"ID_NOM":"N0008","ID_TRONCON":"T0066","ID_COURSDE":"N0008T0066","ORIGINE1":"SCAN25","BCAE":"oui","ZNT":"oui"},"geometry":{"type":"LineString","coordinates":[[1.61733,49.09404],[1.61699,49.09377],[1.61557,49.09237],[1.61552,49.09147],[1.61538,49.09129],[1.61491,49.09102],[1.6143,49.09079],[1.61416,49.0907],[1.61382,49.09029],[1.61383,49.08998]]}},
{"type":"Feature","properties":{"NOM":"L'Epte","ETAT":1,"CODE_MODIF":0,"DATE_MODIF":null,"MODIFICATI":null,"RAPPORT_UR":null,"ID_NOM":"N0008","ID_TRONCON":"T0067","ID_COURSDE":"N0008T0067","ORIGINE1":"SCAN25","BCAE":"oui","ZNT":"oui"},"geometry":{"type":"LineString","coordinates":[[1.61383,49.08998],[1.61378,49.08854],[1.61351,49.08827],[1.6131,49.08813],[1.61249,49.08808],[1.61214,49.08821],[1.61133,49.08789],[1.61105,49.08789],[1.60994,49.08838],[1.60939,49.08842],[1.60871,49.08828],[1.60823,49.08814],[1.60769,49.08778],[1.60728,49.08755],[1.60599,49.08719],[1.60565,49.08705],[1.60504,49.08614]]}},
{"type":"Feature","properties":{"NOM":"L'Epte","ETAT":1,"CODE_MODIF":0,"DATE_MODIF":null,"MODIFICATI":null,"RAPPORT_UR":null,"ID_NOM":"N0008","ID_TRONCON":"T0068","ID_COURSDE":"N0008T0068","ORIGINE1":"SCAN25","BCAE":"oui","ZNT":"oui"},"geometry":{"type":"LineString","coordinates":[[1.60504,49.08614],[1.6047,49.08605],[1.60436,49.086],[1.60361,49.08626],[1.60333,49.08626],[1.60313,49.08617],[1.60313,49.08595],[1.60341,49.08572],[1.60348,49.08559],[1.60342,49.08519],[1.60308,49.08473]]}},
{"type":"Feature","properties":{"NOM":"L'Epte","ETAT":1,"CODE_MODIF":0,"DATE_MODIF":null,"MODIFICATI":null,"RAPPORT_UR":null,"ID_NOM":"N0008","ID_TRONCON":"T0069","ID_COURSDE":"N0008T0069","ORIGINE1":"SCAN25","BCAE":"oui","ZNT":"oui"},"geometry":{"type":"LineString","coordinates":[[1.60308,49.08473],[1.60267,49.0846],[1.60082,49.08459],[1.60028,49.08422],[1.59981,49.08408],[1.59926,49.08404],[1.59823,49.08421],[1.59796,49.08412],[1.59742,49.08376],[1.59585,49.08316],[1.59572,49.08307],[1.59559,49.08253],[1.59552,49.08244],[1.59538,49.08244],[1.59511,49.08257],[1.59422,49.08275],[1.59401,49.08275],[1.59354,49.08238],[1.59299,49.08238],[1.59271,49.08256],[1.59244,49.08287],[1.59216,49.08296],[1.59182,49.08282],[1.59081,49.08183],[1.59,49.08128],[1.58966,49.08115]]}},
{"type":"Feature","properties":{"NOM":"L'Epte","ETAT":1,"CODE_MODIF":0,"DATE_MODIF":null,"MODIFICATI":null,"RAPPORT_UR":null,"ID_NOM":"N0008","ID_TRONCON":"T0070","ID_COURSDE":"N0008T0070","ORIGINE1":"SCAN25","BCAE":"oui","ZNT":"oui"},"geometry":{"type":"LineString","coordinates":[[1.58966,49.08115],[1.58904,49.08114],[1.58794,49.08127],[1.58704,49.08103],[1.58609,49.08058],[1.58514,49.0803],[1.5833,49.08011],[1.58221,49.07979],[1.58057,49.0796],[1.58036,49.07951],[1.5803,49.07897],[1.58017,49.07879],[1.57969,49.07851],[1.5797,49.07842]]}},
{"type":"Feature","properties":{"NOM":"L'Epte","ETAT":1,"CODE_MODIF":0,"DATE_MODIF":null,"MODIFICATI":null,"RAPPORT_UR":null,"ID_NOM":"N0008","ID_TRONCON":"T0071","ID_COURSDE":"N0008T0071","ORIGINE1":"SCAN25","BCAE":"oui","ZNT":"oui"},"geometry":{"type":"LineString","coordinates":[[1.5797,49.07842],[1.57949,49.07842],[1.57908,49.07828],[1.57833,49.07833],[1.57798,49.0785],[1.57798,49.07855],[1.57771,49.07877],[1.57736,49.07881],[1.57648,49.07863],[1.5758,49.0784],[1.57388,49.07852],[1.57333,49.07847],[1.57313,49.07829],[1.573,49.07793],[1.57301,49.07762],[1.57267,49.07712],[1.57206,49.07671]]}},
{"type":"Feature","properties":{"NOM":"L'Epte","ETAT":1,"CODE_MODIF":0,"DATE_MODIF":null,"MODIFICATI":null,"RAPPORT_UR":null,"ID_NOM":"N0008","ID_TRONCON":"T0072","ID_COURSDE":"N0008T0072","ORIGINE1":"SCAN25","BCAE":"oui","ZNT":"oui"},"geometry":{"type":"LineString","coordinates":[[1.5424,49.07363],[1.54205,49.0738],[1.54103,49.07375]]}},
{"type":"Feature","properties":{"NOM":"L'Epte","ETAT":1,"CODE_MODIF":0,"DATE_MODIF":null,"MODIFICATI":null,"RAPPORT_UR":null,"ID_NOM":"N0008","ID_TRONCON":"T0073","ID_COURSDE":"N0008T0073","ORIGINE1":"SCAN25","BCAE":"oui","ZNT":"oui"},"geometry":{"type":"LineString","coordinates":[[1.52071,49.06983],[1.52035,49.06983],[1.51954,49.06964]]}},
{"type":"Feature","properties":{"NOM":"L'Epte","ETAT":1,"CODE_MODIF":0,"DATE_MODIF":null,"MODIFICATI":null,"RAPPORT_UR":null,"ID_NOM":"N0008","ID_TRONCON":"T0074","ID_COURSDE":"N0008T0074","ORIGINE1":"SCAN25","BCAE":"oui","ZNT":"oui"},"geometry":{"type":"LineString","coordinates":[[1.54103,49.07375],[1.54103,49.07371],[1.53946,49.07325],[1.53933,49.07325],[1.53884,49.07347],[1.53864,49.07347],[1.53865,49.07261],[1.53825,49.07238],[1.53763,49.07247],[1.53715,49.0726],[1.53694,49.0726],[1.53681,49.07255],[1.53661,49.0721],[1.5362,49.07188],[1.53518,49.07183],[1.53504,49.07178],[1.53484,49.07142],[1.53457,49.07119],[1.53423,49.07114],[1.53368,49.0715],[1.53347,49.07177],[1.53292,49.07199],[1.5323,49.0719],[1.5321,49.0718],[1.5321,49.07158],[1.53224,49.0714],[1.53225,49.07113],[1.53218,49.07104],[1.5317,49.07095],[1.53164,49.07068],[1.53137,49.07009],[1.5311,49.06996],[1.53076,49.06995],[1.52993,49.07049],[1.52979,49.07049],[1.52945,49.07039],[1.52898,49.07035],[1.52823,49.07016],[1.52748,49.07011],[1.5268,49.06984],[1.52632,49.06992],[1.52597,49.06992],[1.52577,49.06983],[1.52577,49.06956],[1.52592,49.06911],[1.52578,49.06902],[1.52503,49.06893],[1.52447,49.06915],[1.52385,49.06923]]}},
{"type":"Feature","properties":{"NOM":"L'Epte","ETAT":1,"CODE_MODIF":0,"DATE_MODIF":null,"MODIFICATI":null,"RAPPORT_UR":null,"ID_NOM":"N0008","ID_TRONCON":"T0075","ID_COURSDE":"N0008T0075","ORIGINE1":"SCAN25","BCAE":"oui","ZNT":"oui"},"geometry":{"type":"LineString","coordinates":[[1.57206,49.07671],[1.57056,49.07648],[1.57015,49.07639],[1.56988,49.07616],[1.56982,49.07593],[1.56989,49.07566],[1.57051,49.07526],[1.57058,49.07499],[1.56937,49.07345],[1.56897,49.07318],[1.56856,49.07309],[1.56767,49.07313],[1.56699,49.07308],[1.56665,49.07289],[1.56577,49.07213],[1.56502,49.07163],[1.56414,49.07144],[1.56257,49.0713],[1.5623,49.07111],[1.56189,49.07071],[1.5614,49.07034],[1.56079,49.07012],[1.55909,49.06975],[1.55828,49.06925],[1.55759,49.06906]]}},
{"type":"Feature","properties":{"NOM":"L'Epte","ETAT":1,"CODE_MODIF":0,"DATE_MODIF":null,"MODIFICATI":null,"RAPPORT_UR":null,"ID_NOM":"N0008","ID_TRONCON":"T0076","ID_COURSDE":"N0008T0076","ORIGINE1":"SCAN25","BCAE":"oui","ZNT":"oui"},"geometry":{"type":"LineString","coordinates":[[1.55759,49.06906],[1.55725,49.06937],[1.55683,49.06991],[1.55635,49.07013],[1.55504,49.07035],[1.5532,49.07056],[1.55285,49.07074],[1.55271,49.07132],[1.55243,49.0715],[1.55195,49.07168],[1.55119,49.07221],[1.5507,49.07266],[1.54995,49.07247],[1.54968,49.07251],[1.54927,49.07265],[1.54886,49.07255],[1.54852,49.07233],[1.54818,49.07232],[1.54769,49.07255],[1.54755,49.07277],[1.54735,49.07281],[1.54701,49.07277],[1.54646,49.07254],[1.54515,49.07239],[1.54447,49.07238],[1.54275,49.07273],[1.54255,49.07291],[1.5424,49.0734],[1.5424,49.07363]]}},
{"type":"Feature","properties":{"NOM":"L'Epte","ETAT":1,"CODE_MODIF":0,"DATE_MODIF":null,"MODIFICATI":null,"RAPPORT_UR":null,"ID_NOM":"N0008","ID_TRONCON":"T0077","ID_COURSDE":"N0008T0077","ORIGINE1":"SCAN25","BCAE":"oui","ZNT":"oui"},"geometry":{"type":"LineString","coordinates":[[1.52385,49.06923],[1.52365,49.06913],[1.52345,49.06859],[1.52318,49.06837],[1.52291,49.06832],[1.52256,49.06841],[1.5218,49.06939],[1.52145,49.06966],[1.52097,49.06983],[1.52071,49.06983]]}},
{"type":"Feature","properties":{"NOM":"L'Epte","ETAT":1,"CODE_MODIF":0,"DATE_MODIF":null,"MODIFICATI":null,"RAPPORT_UR":null,"ID_NOM":"N0008","ID_TRONCON":"T0078","ID_COURSDE":"N0008T0078","ORIGINE1":"SCAN25","BCAE":"oui","ZNT":"oui"},"geometry":{"type":"LineString","coordinates":[[1.66701,49.18483],[1.66704,49.18486],[1.66765,49.185],[1.66833,49.18532],[1.66916,49.18532]]}},
{"type":"Feature","properties":{"NOM":"L'Epte","ETAT":1,"CODE_MODIF":0,"DATE_MODIF":null,"MODIFICATI":null,"RAPPORT_UR":null,"ID_NOM":"N0008","ID_TRONCON":"T0079","ID_COURSDE":"N0008T0079","ORIGINE1":"SCAN25","BCAE":"oui","ZNT":"oui"},"geometry":{"type":"LineString","coordinates":[[1.66916,49.18532],[1.66896,49.18464],[1.66876,49.18428],[1.66788,49.18352],[1.66741,49.18297],[1.66721,49.18234],[1.66714,49.1823]]}},
{"type":"Feature","properties":{"NOM":"L'Epte","ETAT":1,"CODE_MODIF":0,"DATE_MODIF":null,"MODIFICATI":null,"RAPPORT_UR":null,"ID_NOM":"N0008","ID_TRONCON":"T0080","ID_COURSDE":"N0008T0080","ORIGINE1":"SCAN25","BCAE":"oui","ZNT":"oui"},"geometry":{"type":"LineString","coordinates":[[1.66701,49.18483],[1.6669,49.18472],[1.66685,49.18382],[1.66692,49.1836],[1.66693,49.18257],[1.66707,49.1823],[1.66714,49.1823]]}},
{"type":"Feature","properties":{"NOM":"L'Epte","ETAT":1,"CODE_MODIF":0,"DATE_MODIF":null,"MODIFICATI":null,"RAPPORT_UR":null,"ID_NOM":"N0008","ID_TRONCON":"T0081","ID_COURSDE":"N0008T0081","ORIGINE1":"SCAN25","BCAE":"oui","ZNT":"oui"},"geometry":{"type":"LineString","coordinates":[[1.55759,49.06906],[1.55746,49.06861],[1.55747,49.06824],[1.55727,49.06811],[1.55706,49.06802],[1.55638,49.06801],[1.5557,49.06805],[1.55542,49.06796],[1.55482,49.06737],[1.55407,49.06696],[1.55285,49.06646],[1.55251,49.06601],[1.55231,49.06587],[1.55033,49.06586],[1.54985,49.06572],[1.54897,49.06513],[1.5487,49.06504],[1.54788,49.06512],[1.54685,49.06485],[1.54672,49.06476],[1.54645,49.06431],[1.54598,49.06399],[1.54543,49.06381],[1.54482,49.06367],[1.54373,49.06366],[1.54311,49.0637],[1.54208,49.0641],[1.54058,49.06409],[1.53907,49.06394],[1.53749,49.06361],[1.53592,49.06337],[1.53524,49.0631],[1.53491,49.06278],[1.53491,49.06229],[1.53478,49.06184],[1.53465,49.0617],[1.53301,49.06156],[1.5326,49.06169],[1.53177,49.06213],[1.53075,49.06195],[1.53027,49.06194],[1.52972,49.06221],[1.52802,49.06157],[1.5268,49.06107]]}},
{"type":"Feature","properties":{"NOM":"L'Epte","ETAT":1,"CODE_MODIF":0,"DATE_MODIF":null,"MODIFICATI":null,"RAPPORT_UR":null,"ID_NOM":"N0008","ID_TRONCON":"T0082","ID_COURSDE":"N0008T0082","ORIGINE1":"SCAN25","BCAE":"oui","ZNT":"oui"},"geometry":{"type":"LineString","coordinates":[[1.67076,49.19369],[1.67028,49.1936],[1.66987,49.19342],[1.66988,49.19315],[1.67016,49.19279],[1.67071,49.19221],[1.67106,49.19199]]}},
{"type":"Feature","properties":{"NOM":"L'Epte","ETAT":1,"CODE_MODIF":0,"DATE_MODIF":null,"MODIFICATI":null,"RAPPORT_UR":null,"ID_NOM":"N0008","ID_TRONCON":"T0083","ID_COURSDE":"N0008T0083","ORIGINE1":"SCAN25","BCAE":"oui","ZNT":"oui"},"geometry":{"type":"LineString","coordinates":[[1.66714,49.1823],[1.66716,49.18113],[1.66702,49.18086],[1.66648,49.18023],[1.6656,49.17977],[1.66533,49.17955],[1.66533,49.1791],[1.66527,49.17887],[1.66479,49.17842],[1.66459,49.17796],[1.6646,49.17742],[1.66467,49.17715],[1.6653,49.17657],[1.66557,49.17622],[1.66585,49.17595],[1.66626,49.17586]]}},
{"type":"Feature","properties":{"NOM":"L'Epte","ETAT":1,"CODE_MODIF":0,"DATE_MODIF":null,"MODIFICATI":null,"RAPPORT_UR":null,"ID_NOM":"N0008","ID_TRONCON":"T0084","ID_COURSDE":"N0008T0084","ORIGINE1":"SCAN25","BCAE":"oui","ZNT":"oui"},"geometry":{"type":"LineString","coordinates":[[1.65307,49.13988],[1.65395,49.13898],[1.65435,49.13829],[1.65487,49.13763],[1.65624,49.13529],[1.65682,49.13439]]}},
{"type":"Feature","properties":{"NOM":"L'Epte","ETAT":1,"CODE_MODIF":0,"DATE_MODIF":null,"MODIFICATI":null,"RAPPORT_UR":null,"ID_NOM":"N0008","ID_TRONCON":"T0085","ID_COURSDE":"N0008T0085","ORIGINE1":"SCAN25","BCAE":"oui","ZNT":"oui"},"geometry":{"type":"LineString","coordinates":[[1.65682,49.13439],[1.65741,49.13463],[1.65793,49.13455],[1.65821,49.13466],[1.65837,49.13483],[1.65838,49.13511],[1.65814,49.13541],[1.6575,49.1357],[1.65735,49.13591],[1.6574,49.13648],[1.65724,49.13684],[1.65686,49.13732],[1.65645,49.13773],[1.65633,49.13797],[1.65639,49.1382],[1.65658,49.13846],[1.65629,49.13931],[1.65597,49.1397],[1.65598,49.13986],[1.65624,49.14008],[1.65629,49.14018],[1.65623,49.14028],[1.65611,49.14031],[1.65537,49.1403],[1.6551,49.14041]]}},
{"type":"Feature","properties":{"NOM":"L'Epte","ETAT":1,"CODE_MODIF":0,"DATE_MODIF":null,"MODIFICATI":null,"RAPPORT_UR":null,"ID_NOM":"N0008","ID_TRONCON":"T0086","ID_COURSDE":"N0008T0086","ORIGINE1":"SCAN25","BCAE":"oui","ZNT":"oui"},"geometry":{"type":"LineString","coordinates":[[1.6551,49.14041],[1.65487,49.14044],[1.65469,49.14042],[1.65436,49.14032],[1.65399,49.13999],[1.65357,49.13973],[1.65329,49.13963]]}},
{"type":"Feature","properties":{"NOM":"L'Epte","ETAT":1,"CODE_MODIF":0,"DATE_MODIF":null,"MODIFICATI":null,"RAPPORT_UR":null,"ID_NOM":"N0008","ID_TRONCON":"T0087","ID_COURSDE":"N0008T0087","ORIGINE1":"SCAN25","BCAE":"oui","ZNT":"oui"},"geometry":{"type":"LineString","coordinates":[[1.70071,49.24432],[1.70126,49.24391],[1.70155,49.24329],[1.70157,49.24104]]}},
{"type":"Feature","properties":{"NOM":"L'Epte","ETAT":1,"CODE_MODIF":0,"DATE_MODIF":null,"MODIFICATI":null,"RAPPORT_UR":null,"ID_NOM":"N0008","ID_TRONCON":"T0088","ID_COURSDE":"N0008T0088","ORIGINE1":"SCAN25","BCAE":"oui","ZNT":"oui"},"geometry":{"type":"LineString","coordinates":[[1.70157,49.24104],[1.70233,49.24055],[1.70227,49.24019],[1.70207,49.23997],[1.70132,49.23959],[1.70125,49.23937],[1.70132,49.23914],[1.7016,49.23892],[1.70188,49.23834],[1.70182,49.23789],[1.7008,49.23734]]}},
{"type":"Feature","properties":{"NOM":"L'Epte","ETAT":1,"CODE_MODIF":0,"DATE_MODIF":null,"MODIFICATI":null,"RAPPORT_UR":null,"ID_NOM":"N0008","ID_TRONCON":"T0089","ID_COURSDE":"N0008T0089","ORIGINE1":"SCAN25","BCAE":"oui","ZNT":"oui"},"geometry":{"type":"LineString","coordinates":[[1.70157,49.24104],[1.7013,49.24077],[1.7009,49.24018],[1.70023,49.23887],[1.70016,49.23846],[1.7003,49.23824],[1.70086,49.23775],[1.7008,49.23734]]}},
{"type":"Feature","properties":{"NOM":"L'Epte","ETAT":1,"CODE_MODIF":0,"DATE_MODIF":null,"MODIFICATI":null,"RAPPORT_UR":null,"ID_NOM":"N0008","ID_TRONCON":"T0090","ID_COURSDE":"N0008T0090","ORIGINE1":"SCAN25","BCAE":"oui","ZNT":"oui"},"geometry":{"type":"LineString","coordinates":[[1.7008,49.23734],[1.70039,49.23725],[1.69992,49.23631],[1.6991,49.23576],[1.69903,49.23563],[1.69897,49.235],[1.69904,49.23486],[1.6996,49.23455],[1.70028,49.23433]]}},
{"type":"Feature","properties":{"NOM":"L'Epte","ETAT":1,"CODE_MODIF":0,"DATE_MODIF":null,"MODIFICATI":null,"RAPPORT_UR":null,"ID_NOM":"N0008","ID_TRONCON":"T0091","ID_COURSDE":"N0008T0091","ORIGINE1":"SCAN25","BCAE":"oui","ZNT":"oui"},"geometry":{"type":"LineString","coordinates":[[1.70028,49.23433],[1.70181,49.2334]]}},
{"type":"Feature","properties":{"NOM":"L'Epte","ETAT":1,"CODE_MODIF":0,"DATE_MODIF":null,"MODIFICATI":null,"RAPPORT_UR":null,"ID_NOM":"N0008","ID_TRONCON":"T0092","ID_COURSDE":"N0008T0092","ORIGINE1":"SCAN25","BCAE":"oui","ZNT":"oui"},"geometry":{"type":"LineString","coordinates":[[1.70181,49.2334],[1.70319,49.23255],[1.70415,49.23233],[1.70443,49.23215],[1.70443,49.23197],[1.70388,49.23175],[1.70327,49.2317],[1.70306,49.23165],[1.70265,49.23133],[1.70252,49.23111],[1.70266,49.23089],[1.70376,49.23053],[1.70383,49.23035],[1.70295,49.22994],[1.70295,49.22985],[1.70406,49.22932],[1.70407,49.229],[1.70387,49.22877],[1.7031,49.22854],[1.70276,49.22841],[1.70222,49.22773],[1.70133,49.22759],[1.70105,49.2275],[1.69949,49.22646],[1.69867,49.22614]]}},
{"type":"Feature","properties":{"NOM":"L'Oise","ETAT":1,"CODE_MODIF":0,"DATE_MODIF":null,"MODIFICATI":null,"RAPPORT_UR":null,"ID_NOM":"N0009","ID_TRONCON":"T0093","ID_COURSDE":"N0009T0093","ORIGINE1":"SCAN25","BCAE":"oui","ZNT":"oui"},"geometry":{"type":"LineString","coordinates":[[2.36203,49.15075],[2.36182,49.15039]]}},
{"type":"Feature","properties":{"NOM":"L'Oise","ETAT":1,"CODE_MODIF":0,"DATE_MODIF":null,"MODIFICATI":null,"RAPPORT_UR":null,"ID_NOM":"N0009","ID_TRONCON":"T0094","ID_COURSDE":"N0009T0094","ORIGINE1":"SCAN25","BCAE":"oui","ZNT":"oui"},"geometry":{"type":"LineString","coordinates":[[2.21179,49.11547],[2.21183,49.11468]]}},
{"type":"Feature","properties":{"NOM":"L'Oise","ETAT":1,"CODE_MODIF":0,"DATE_MODIF":null,"MODIFICATI":null,"RAPPORT_UR":null,"ID_NOM":"N0009","ID_TRONCON":"T0095","ID_COURSDE":"N0009T0095","ORIGINE1":"SCAN25","BCAE":"oui","ZNT":"oui"},"geometry":{"type":"MultiLineString","coordinates":[[[2.21091,49.11161],[2.21098,49.11197],[2.21098,49.11282],[2.21118,49.11332],[2.21166,49.11404],[2.21183,49.11468],[2.21193,49.11458],[2.21303,49.11391],[2.21317,49.11377],[2.21317,49.11328],[2.2131,49.11301],[2.21289,49.1126],[2.21242,49.11224],[2.21187,49.11206],[2.21118,49.11166],[2.21091,49.11161],[2.2105,49.11053],[2.21016,49.11004],[2.20909,49.10899],[2.209,49.10909],[2.20886,49.10954],[2.20893,49.11067],[2.209,49.11107],[2.209,49.11174],[2.20927,49.11255],[2.20968,49.11323],[2.21036,49.11404],[2.21077,49.11489],[2.21151,49.11613],[2.21179,49.11547],[2.21366,49.11859],[2.21425,49.11976],[2.21554,49.12187],[2.21595,49.12241],[2.21599,49.12255],[2.21732,49.12385],[2.21739,49.12397],[2.21923,49.12587],[2.22073,49.12718],[2.22319,49.1279],[2.22662,49.12857],[2.22827,49.12903],[2.22923,49.12926],[2.23251,49.12958],[2.23341,49.12971],[2.23553,49.13061],[2.23614,49.13079],[2.2373,49.13102],[2.23874,49.13102],[2.23991,49.13098],[2.24189,49.13098],[2.24395,49.13102],[2.24553,49.13116],[2.2493,49.13134],[2.25382,49.1317],[2.2571,49.13175],[2.25751,49.1318],[2.25854,49.13211],[2.26018,49.13279],[2.26184,49.13391],[2.26245,49.13445],[2.2628,49.13481],[2.26375,49.13602],[2.26416,49.1367],[2.26512,49.1376],[2.26601,49.13837],[2.26683,49.13887],[2.26892,49.13985],[2.27169,49.14089],[2.27299,49.14134],[2.27778,49.1426],[2.27896,49.14309],[2.28081,49.14404],[2.28204,49.14444],[2.28464,49.14516],[2.2856,49.14561],[2.28662,49.14629],[2.28779,49.14728],[2.28868,49.14818],[2.29011,49.14913],[2.2923,49.15048],[2.29333,49.15097],[2.29463,49.15133],[2.29622,49.15169],[2.29698,49.15174],[2.29855,49.15156],[2.30232,49.15102],[2.30869,49.15075],[2.31061,49.15053],[2.31213,49.15026],[2.31507,49.14994],[2.31733,49.14985],[2.31966,49.14941],[2.32021,49.14923],[2.32028,49.14927],[2.32199,49.14891],[2.32658,49.14787],[2.33029,49.14742],[2.33303,49.14715],[2.33967,49.1467],[2.34186,49.14652],[2.34193,49.14648],[2.34371,49.1463],[2.34921,49.14522],[2.35126,49.14499],[2.35277,49.14499],[2.35441,49.14526],[2.35605,49.14576],[2.35633,49.14594],[2.35866,49.14905],[2.36148,49.15291],[2.3621,49.15385],[2.3623,49.15394]],[[2.09401,49.03283],[2.09336,49.03084],[2.09248,49.02873],[2.09208,49.02671],[2.09175,49.02554],[2.09154,49.02509],[2.0908,49.02406],[2.08971,49.02211],[2.08951,49.0218],[2.08897,49.02117],[2.08808,49.02049],[2.0874,49.02013],[2.08604,49.01977],[2.08474,49.01954],[2.08001,49.01881],[2.07851,49.01876],[2.07742,49.01899],[2.07407,49.01988],[2.07229,49.02041],[2.07146,49.02077],[2.06914,49.02157],[2.06873,49.02175],[2.06797,49.02233],[2.06584,49.0244],[2.06509,49.02529],[2.06473,49.02588],[2.06411,49.02655],[2.06322,49.02723],[2.06226,49.02781],[2.06096,49.02835],[2.0602,49.02893],[2.05979,49.02951],[2.05937,49.03064],[2.05923,49.0314],[2.05903,49.03189],[2.05834,49.03284],[2.05779,49.03387],[2.05764,49.03463],[2.05744,49.0353],[2.05668,49.03661],[2.05571,49.03786],[2.05537,49.03858],[2.05482,49.03934],[2.05434,49.03984],[2.05351,49.04038],[2.05297,49.04065],[2.0518,49.04101],[2.05076,49.04123],[2.04946,49.04122],[2.0481,49.04094],[2.04694,49.04054],[2.04319,49.0381],[2.0421,49.03756],[2.04135,49.03711],[2.03972,49.03531],[2.03823,49.034],[2.03653,49.03179],[2.0364,49.03139],[2.0364,49.03044],[2.03668,49.02976],[2.0373,49.02905],[2.03847,49.02788],[2.0397,49.02685],[2.04053,49.02586],[2.0408,49.02546],[2.04156,49.02452],[2.0426,49.02304],[2.04308,49.02259],[2.04501,49.02147],[2.04638,49.02049],[2.04727,49.01964],[2.0481,49.01892],[2.05098,49.01699],[2.05372,49.01528],[2.05468,49.01488],[2.05577,49.01434],[2.05714,49.01345],[2.05811,49.01264],[2.059,49.01202],[2.06072,49.01094],[2.06518,49.00749],[2.06614,49.00704],[2.06785,49.00592],[2.06943,49.00458],[2.07005,49.00395],[2.07129,49.00238],[2.07184,49.00149],[2.07198,49.00081],[2.07213,48.99934],[2.07223,48.9979],[2.07161,48.99536],[2.07156,48.99432],[2.07226,48.99227],[2.07229,48.99107],[2.07168,48.98826],[2.07118,48.98637],[2.07117,48.98587]],[[2.36767,49.18878],[2.36972,49.18649],[2.37041,49.18559],[2.37102,49.18461],[2.37123,49.18402],[2.37123,49.18317],[2.37095,49.18151],[2.37088,49.18001],[2.37074,49.17943],[2.37067,49.1788],[2.37026,49.17718],[2.36985,49.17611],[2.36869,49.17377],[2.36827,49.17247],[2.36827,49.17112],[2.368,49.17063],[2.36704,49.16931],[2.36628,49.16815],[2.3658,49.16729],[2.36526,49.16595],[2.36484,49.16406],[2.3647,49.16289],[2.3645,49.16181],[2.36443,49.15997],[2.36402,49.15758],[2.36361,49.1565],[2.3623,49.15394],[2.36223,49.15309],[2.36223,49.15134],[2.36203,49.15075]],[[2.09837,49.04234],[2.09857,49.04286],[2.0987,49.04345],[2.09884,49.04363],[2.09972,49.04448],[2.10047,49.04597],[2.10121,49.04705],[2.10196,49.048],[2.10236,49.04828],[2.1036,49.04939],[2.10455,49.05007],[2.10605,49.05066],[2.11076,49.05289],[2.1107,49.05269],[2.11016,49.05201],[2.10893,49.05111],[2.1079,49.05053],[2.10626,49.04994],[2.10517,49.04949],[2.10367,49.04872],[2.10271,49.04836],[2.10236,49.04828]],[[2.11076,49.05289],[2.11254,49.054],[2.11609,49.05647],[2.11663,49.05707],[2.11772,49.05842],[2.11847,49.05918],[2.11963,49.06008],[2.12126,49.06112],[2.12358,49.0622],[2.12461,49.06283],[2.12611,49.06364],[2.1287,49.06459],[2.12925,49.06491],[2.13013,49.06567],[2.13117,49.06635],[2.13247,49.06675],[2.13404,49.06713],[2.13527,49.06717],[2.13575,49.06713],[2.13739,49.06673],[2.13986,49.06627],[2.14143,49.06651],[2.14238,49.06669],[2.14498,49.06683],[2.14703,49.06683],[2.14876,49.06666],[2.15108,49.06621],[2.15368,49.06554],[2.15681,49.06517],[2.15745,49.06501],[2.15868,49.0646],[2.15854,49.06446],[2.158,49.06428],[2.15656,49.06392],[2.15588,49.06392],[2.15506,49.06414],[2.15245,49.06517],[2.1517,49.06526],[2.14931,49.06539],[2.14828,49.06562],[2.14177,49.06587],[2.1402,49.06614],[2.13986,49.06627]],[[2.09838,49.03904],[2.09851,49.03985],[2.09858,49.04129],[2.09837,49.04234],[2.09789,49.04133],[2.09701,49.04003],[2.09667,49.03922],[2.09661,49.03769],[2.09688,49.03774],[2.09736,49.0381],[2.09777,49.03864],[2.09824,49.03904],[2.09838,49.03904],[2.09818,49.03693],[2.09805,49.03657],[2.09764,49.03598],[2.0971,49.03535],[2.09615,49.03395],[2.09567,49.03341],[2.09521,49.03318],[2.09492,49.03309],[2.09424,49.03282],[2.09401,49.03283],[2.09458,49.03399],[2.09464,49.03431],[2.09518,49.03531],[2.09634,49.03702],[2.09661,49.03769]],[[2.15868,49.0646],[2.16039,49.06465],[2.16374,49.06466],[2.16615,49.06444],[2.16772,49.06421],[2.16827,49.06421],[2.16936,49.06444],[2.17052,49.0648],[2.17141,49.06534],[2.17277,49.06633],[2.17455,49.0675],[2.1753,49.06795],[2.17803,49.06971],[2.17891,49.07011],[2.18001,49.07047],[2.18267,49.07093],[2.18563,49.07138],[2.18713,49.07183],[2.18887,49.07217],[2.18932,49.07228],[2.19355,49.07396],[2.19464,49.07455],[2.1969,49.07617],[2.19806,49.07711],[2.1999,49.07909],[2.20072,49.08008],[2.20133,49.08102],[2.20174,49.08188],[2.20235,49.0826],[2.20453,49.08485],[2.20537,49.0858],[2.20618,49.08706],[2.20707,49.08881],[2.20721,49.08901],[2.20816,49.09097],[2.20904,49.09308],[2.20931,49.09438],[2.20965,49.09524],[2.20965,49.09682],[2.20951,49.09767],[2.20944,49.09871],[2.20888,49.10208],[2.20881,49.10288],[2.2088,49.10598],[2.20909,49.10899]],[[2.21599,49.12255],[2.21547,49.12236],[2.2139,49.12151],[2.21287,49.12079],[2.21226,49.12011],[2.21199,49.11975],[2.21178,49.11921],[2.21158,49.11845],[2.21151,49.11795],[2.21145,49.11736],[2.21151,49.11613]],[[2.22073,49.12718],[2.22128,49.1278],[2.22196,49.1283],[2.22244,49.12852],[2.22538,49.12917],[2.22655,49.12939],[2.22786,49.12944],[2.22923,49.12926]],[[2.32021,49.14923],[2.32028,49.14914],[2.3211,49.1486],[2.32213,49.1476],[2.32377,49.14535],[2.32452,49.14455],[2.32651,49.14284],[2.32774,49.14217],[2.32837,49.14203],[2.3294,49.14199],[2.33049,49.14221],[2.3333,49.14315],[2.33597,49.14441],[2.33796,49.14553],[2.33933,49.14603],[2.34193,49.14648]],[[2.35633,49.14594],[2.35729,49.1463],[2.35824,49.14679],[2.35968,49.14773],[2.36071,49.14873],[2.36119,49.14927],[2.36168,49.15008],[2.36182,49.15039]]]}},
{"type":"Feature","properties":{"NOM":"L'Ysieux","ETAT":2,"CODE_MODIF":0,"DATE_MODIF":null,"MODIFICATI":null,"RAPPORT_UR":null,"ID_NOM":"N0010","ID_TRONCON":"T0096","ID_COURSDE":"N0010T0096","ORIGINE1":"SCAN25","BCAE":"non","ZNT":"oui"},"geometry":{"type":"MultiLineString","coordinates":[[[2.51651,49.08734],[2.51589,49.08752],[2.51547,49.0876],[2.51499,49.08785],[2.51398,49.08819],[2.51356,49.08825],[2.51298,49.08825],[2.51237,49.08835],[2.51218,49.08831],[2.51207,49.08832],[2.51164,49.08845],[2.51098,49.0887],[2.51068,49.08878],[2.50826,49.08997],[2.50706,49.091],[2.50632,49.09108],[2.50501,49.09118],[2.5023,49.09203],[2.50062,49.09317],[2.49959,49.09299],[2.49753,49.09299]],[[2.51825,49.0869],[2.51651,49.08734]]]}},
{"type":"Feature","properties":{"NOM":"La Bernon","ETAT":1,"CODE_MODIF":0,"DATE_MODIF":null,"MODIFICATI":null,"RAPPORT_UR":null,"ID_NOM":"N0011","ID_TRONCON":"T0097","ID_COURSDE":"N0011T0097","ORIGINE1":"SCAN25","BCAE":"oui","ZNT":"oui"},"geometry":{"type":"LineString","coordinates":[[1.87072,49.02926],[1.8683,49.03119],[1.86803,49.03151],[1.86772,49.03226],[1.86746,49.03231],[1.86693,49.03277],[1.86704,49.03286],[1.86662,49.03342],[1.86614,49.03377],[1.86566,49.03402],[1.86521,49.03413],[1.86516,49.03393],[1.86492,49.03379],[1.86477,49.03385],[1.86418,49.03392],[1.86322,49.0339],[1.86155,49.03405],[1.85784,49.03505],[1.85627,49.03509],[1.85502,49.03505],[1.85397,49.03508],[1.85318,49.03518],[1.85258,49.03531],[1.85204,49.03534],[1.85185,49.03537],[1.85085,49.0357],[1.84964,49.03639],[1.84966,49.03665],[1.84934,49.0367],[1.84813,49.03669],[1.84759,49.03686],[1.84742,49.03686],[1.84665,49.03701],[1.8463,49.03702],[1.84598,49.03718],[1.84546,49.0372],[1.84525,49.0371],[1.84499,49.0371],[1.84464,49.03714],[1.84473,49.03728],[1.84475,49.0375],[1.84468,49.03757],[1.84451,49.03764],[1.84309,49.03786],[1.84204,49.03778],[1.83887,49.03836],[1.83837,49.03836],[1.83796,49.03847],[1.83781,49.03857],[1.83732,49.0387],[1.83667,49.03857],[1.83583,49.03859],[1.83525,49.03856],[1.83356,49.0384],[1.8331,49.03841],[1.83226,49.03852],[1.8319,49.03857],[1.83179,49.03863],[1.83146,49.0387],[1.83127,49.03915],[1.83099,49.03932],[1.83047,49.03971],[1.82841,49.04085],[1.8275,49.04155],[1.82689,49.04193],[1.82658,49.04292],[1.8264,49.04385],[1.82644,49.04398],[1.82621,49.04419],[1.82596,49.04498],[1.82572,49.04511],[1.8257,49.04522],[1.82574,49.04541],[1.82563,49.04582],[1.82569,49.04623],[1.82578,49.04631],[1.82582,49.04647],[1.82573,49.04676],[1.82559,49.04766],[1.8254,49.04765],[1.82537,49.04789],[1.82554,49.04874],[1.82545,49.0489],[1.82491,49.04894],[1.82489,49.04901],[1.82342,49.04922],[1.82331,49.04941],[1.82308,49.0495],[1.82161,49.05037]]}},
{"type":"Feature","properties":{"NOM":"La Montcient","ETAT":2,"CODE_MODIF":0,"DATE_MODIF":null,"MODIFICATI":null,"RAPPORT_UR":null,"ID_NOM":"N0012","ID_TRONCON":"T0098","ID_COURSDE":"N0012T0098","ORIGINE1":"SCAN25","BCAE":"non","ZNT":"oui"},"geometry":{"type":"LineString","coordinates":[[1.77249,49.08787],[1.77263,49.0878],[1.77295,49.08776],[1.77394,49.08754],[1.77435,49.08735],[1.77489,49.08718],[1.77516,49.08717],[1.77526,49.08706],[1.77565,49.0868],[1.77586,49.0866],[1.77598,49.08643],[1.77622,49.0857],[1.7764,49.08557],[1.77678,49.08503],[1.77698,49.08489],[1.77719,49.08462],[1.77751,49.08437],[1.77758,49.08407],[1.77752,49.08391],[1.77756,49.08372],[1.77747,49.08318],[1.77749,49.08212],[1.77727,49.08111],[1.77744,49.08093],[1.77791,49.08026],[1.77807,49.07958],[1.78011,49.07724],[1.78023,49.07714],[1.78233,49.07632],[1.78245,49.0763],[1.78401,49.07567],[1.78405,49.07563],[1.78362,49.07546],[1.78538,49.07446],[1.7862,49.07414],[1.78628,49.07403],[1.78629,49.07371],[1.78618,49.07341],[1.78545,49.07219],[1.7856,49.0715],[1.7855,49.07106],[1.78467,49.06905],[1.78475,49.06887],[1.7849,49.06872],[1.78502,49.06855],[1.78492,49.0683],[1.78503,49.06802],[1.78475,49.06765],[1.78468,49.06726],[1.78465,49.06694],[1.78472,49.06642],[1.78478,49.06625],[1.78502,49.06592],[1.78548,49.06549],[1.78559,49.06521],[1.78589,49.06473],[1.78659,49.06371],[1.78671,49.06346],[1.78669,49.06255],[1.78707,49.0616],[1.78792,49.06053],[1.78797,49.06028],[1.78882,49.05932],[1.78899,49.05818],[1.78935,49.05782],[1.78933,49.05722],[1.78937,49.05672],[1.78951,49.05625],[1.79066,49.05528],[1.79106,49.05512],[1.79139,49.05475],[1.79169,49.05456],[1.79242,49.05422]]}},
{"type":"Feature","properties":{"NOM":"La Montcient","ETAT":1,"CODE_MODIF":0,"DATE_MODIF":null,"MODIFICATI":null,"RAPPORT_UR":null,"ID_NOM":"N0012","ID_TRONCON":"T0099","ID_COURSDE":"N0012T0099","ORIGINE1":"SCAN25","BCAE":"oui","ZNT":"oui"},"geometry":{"type":"MultiLineString","coordinates":[[[1.79242,49.05422],[1.79263,49.05417],[1.79273,49.05405],[1.79259,49.05334],[1.79271,49.05301],[1.79257,49.05272],[1.79247,49.05216],[1.79223,49.05155],[1.79233,49.05119],[1.79267,49.05068],[1.79315,49.05024],[1.79393,49.04995],[1.79393,49.04988],[1.79414,49.04972],[1.79413,49.04941],[1.79432,49.04923],[1.79484,49.04848],[1.79522,49.04836],[1.79615,49.04706],[1.79615,49.04643],[1.79619,49.04618],[1.79634,49.04592],[1.79645,49.04581],[1.79658,49.04554],[1.79705,49.04501],[1.79705,49.04482],[1.79685,49.04453],[1.79683,49.04439],[1.79722,49.04349],[1.79753,49.04282],[1.79859,49.04155],[1.8006,49.04053],[1.80118,49.0401],[1.80173,49.04008],[1.80197,49.04009],[1.80219,49.04006],[1.80297,49.04024],[1.80416,49.04036],[1.80462,49.04034],[1.80485,49.04016],[1.80485,49.03993],[1.80478,49.03981],[1.80558,49.03915],[1.80605,49.03867],[1.80639,49.03806],[1.80668,49.03774],[1.80715,49.03702],[1.80765,49.03637],[1.80785,49.03621],[1.80821,49.03572],[1.80941,49.03492],[1.8107,49.03377],[1.81152,49.03329],[1.81286,49.03279],[1.81328,49.03251],[1.81463,49.03188],[1.81512,49.03162],[1.81537,49.03145],[1.81625,49.03129],[1.81665,49.03129],[1.81714,49.03116],[1.81734,49.03105],[1.81751,49.03095],[1.81787,49.03086],[1.81809,49.03086],[1.81842,49.03075],[1.81864,49.03054],[1.8188,49.0305],[1.81898,49.03037],[1.81929,49.03027],[1.81931,49.03049],[1.81939,49.03074],[1.81953,49.03093],[1.81871,49.03104],[1.81791,49.03102],[1.81734,49.03105]],[[1.90313,49.00839],[1.90278,49.00908],[1.90239,49.00971],[1.90164,49.01076],[1.90158,49.01095],[1.90116,49.01137],[1.90112,49.01163],[1.90044,49.01279],[1.90017,49.01306],[1.89974,49.01394],[1.89953,49.01395],[1.89941,49.01415],[1.89962,49.01442],[1.89929,49.01462],[1.89877,49.01521],[1.89877,49.01542],[1.89886,49.01562],[1.89882,49.0159],[1.8989,49.01609],[1.89886,49.01618],[1.8989,49.01628],[1.89872,49.01639],[1.89853,49.01658],[1.89837,49.01709],[1.89778,49.01758],[1.89687,49.01812],[1.89604,49.0188],[1.89572,49.01888],[1.89477,49.01948],[1.8956,49.01932],[1.89583,49.01914],[1.89604,49.0188]],[[1.85755,49.02912],[1.85783,49.02919],[1.85926,49.02926],[1.85993,49.02897],[1.85953,49.02895],[1.85885,49.02906],[1.85785,49.02904],[1.85755,49.02912],[1.85467,49.02907],[1.85384,49.029],[1.8531,49.02903],[1.8522,49.02933],[1.85189,49.02919],[1.85157,49.02879],[1.85126,49.02872],[1.85093,49.02875],[1.8498,49.02903],[1.84935,49.02908],[1.84778,49.02948],[1.8463,49.0295],[1.84506,49.02936],[1.8446,49.02909],[1.84295,49.02851],[1.84253,49.02848],[1.84189,49.02858],[1.83977,49.0287],[1.83937,49.02864],[1.83895,49.02847],[1.83847,49.02843],[1.83769,49.02868],[1.83716,49.02868],[1.8365,49.0285],[1.83604,49.02842],[1.83577,49.02845],[1.83477,49.02867],[1.83449,49.02877],[1.83431,49.02878],[1.83344,49.02904],[1.83309,49.02911],[1.83202,49.02945],[1.83107,49.03],[1.82999,49.0302],[1.82983,49.03017],[1.82968,49.02988],[1.82924,49.02979],[1.82791,49.02977],[1.82776,49.02986],[1.8274,49.0298],[1.82685,49.02982],[1.82665,49.02981],[1.8265,49.02972],[1.82497,49.02974],[1.82378,49.02959],[1.82369,49.02967],[1.8223,49.02972],[1.82186,49.02957],[1.82164,49.02958],[1.82131,49.0297],[1.82011,49.02993],[1.81975,49.03007],[1.81947,49.03014],[1.81929,49.03027]],[[1.89477,49.01948],[1.89455,49.01955],[1.89439,49.01974],[1.89434,49.01991],[1.89426,49.01998],[1.89398,49.02005],[1.89353,49.02026],[1.89182,49.02121],[1.89114,49.02164],[1.89077,49.02179],[1.88884,49.02235],[1.88842,49.02235],[1.88735,49.02256],[1.88688,49.02284],[1.88606,49.02314],[1.88508,49.02341],[1.88437,49.02347],[1.88417,49.02339],[1.8838,49.02338],[1.88371,49.02329],[1.88312,49.02308],[1.88288,49.02308],[1.88206,49.02329],[1.88173,49.02346],[1.88156,49.02366],[1.88157,49.02383],[1.88128,49.02391],[1.8808,49.02386],[1.88021,49.02396],[1.87997,49.02404],[1.87839,49.02428],[1.87796,49.02445],[1.87772,49.0245],[1.87704,49.02455],[1.87665,49.02469],[1.87641,49.02474],[1.87603,49.02498],[1.87587,49.02518],[1.87562,49.02524],[1.87551,49.02537],[1.8748,49.02551],[1.87422,49.02574],[1.87414,49.0258],[1.87378,49.02616],[1.874,49.02634],[1.87404,49.02641],[1.874,49.02645],[1.87345,49.02655],[1.87318,49.02668],[1.87263,49.02725],[1.87236,49.02778],[1.87199,49.02827],[1.87172,49.02873],[1.87108,49.02911],[1.87072,49.02926],[1.87058,49.02924],[1.87039,49.02916],[1.86983,49.02905],[1.86901,49.02908],[1.86832,49.02889],[1.86815,49.0289],[1.86653,49.02931],[1.86671,49.02815],[1.86649,49.02819],[1.86614,49.02835],[1.86596,49.02841],[1.86559,49.02844],[1.86512,49.02859],[1.86463,49.02866],[1.86306,49.02872],[1.86211,49.02872],[1.86155,49.02867],[1.86141,49.02868],[1.86069,49.0289],[1.86021,49.02897],[1.85993,49.02897]]]}},
{"type":"Feature","properties":{"NOM":"La Ravine","ETAT":2,"CODE_MODIF":0,"DATE_MODIF":null,"MODIFICATI":null,"RAPPORT_UR":null,"ID_NOM":"N0013","ID_TRONCON":"T0100","ID_COURSDE":"N0013T0100","ORIGINE1":"SCAN25","BCAE":"non","ZNT":"oui"},"geometry":{"type":"LineString","coordinates":[[1.82161,49.05037],[1.82127,49.05054],[1.82075,49.05055],[1.81929,49.05132],[1.81848,49.0517],[1.81825,49.05178],[1.81711,49.05201],[1.81644,49.05218],[1.8161,49.05233],[1.81578,49.05255],[1.81568,49.05268],[1.81563,49.05293],[1.81533,49.05297],[1.81453,49.05437],[1.81395,49.05491],[1.81294,49.05562],[1.81209,49.05639],[1.81132,49.05734],[1.81141,49.05756],[1.81106,49.05923],[1.80833,49.0626]]}},
{"type":"Feature","properties":{"NOM":"La Ravine de la Mare de Magny","ETAT":2,"CODE_MODIF":0,"DATE_MODIF":null,"MODIFICATI":null,"RAPPORT_UR":null,"ID_NOM":"N0014","ID_TRONCON":"T0101","ID_COURSDE":"N0014T0101","ORIGINE1":"SCAN25","BCAE":"non","ZNT":"oui"},"geometry":{"type":"LineString","coordinates":[[1.84467,49.06243],[1.84454,49.06243],[1.84436,49.06249],[1.84397,49.06272],[1.84336,49.06301],[1.84313,49.0631],[1.84252,49.06318],[1.84149,49.06338],[1.84098,49.06358],[1.83963,49.06352],[1.83899,49.06345],[1.83837,49.06308],[1.83792,49.06268],[1.83779,49.0624],[1.83767,49.06192],[1.83741,49.0618],[1.83712,49.06175],[1.83701,49.06166],[1.83697,49.06145],[1.83658,49.06125],[1.831,49.05985],[1.83083,49.05979],[1.83058,49.05955],[1.83036,49.05945],[1.83017,49.05943]]}},
{"type":"Feature","properties":{"NOM":"La Ravine de la Mare de Magny","ETAT":2,"CODE_MODIF":0,"DATE_MODIF":null,"MODIFICATI":null,"RAPPORT_UR":null,"ID_NOM":"N0014","ID_TRONCON":"T0102","ID_COURSDE":"N0014T0102","ORIGINE1":"SCAN25","BCAE":"non","ZNT":"oui"},"geometry":{"type":"LineString","coordinates":[[1.82755,49.04995],[1.8288,49.05095],[1.82941,49.05137],[1.82979,49.05197],[1.82958,49.05205],[1.82962,49.05259],[1.83037,49.05391],[1.83144,49.05451],[1.83148,49.05488],[1.8312,49.05537],[1.83087,49.05573],[1.83016,49.05634],[1.82979,49.05694],[1.82961,49.05752],[1.82963,49.05794],[1.83021,49.05955],[1.83004,49.0598],[1.82986,49.06036],[1.82995,49.06058],[1.8299,49.06089],[1.82821,49.06532],[1.82758,49.06558],[1.82745,49.06572],[1.82739,49.06588],[1.82719,49.06596],[1.82685,49.066],[1.82584,49.06602],[1.82541,49.06623],[1.82524,49.06653],[1.82458,49.06741],[1.82398,49.06814],[1.82307,49.06897],[1.82291,49.06967],[1.82228,49.07074],[1.82072,49.07244],[1.81683,49.07277],[1.81587,49.07277],[1.81518,49.07298],[1.81412,49.07354],[1.81386,49.07373],[1.81367,49.07379]]}},
{"type":"Feature","properties":{"NOM":"La Ravine de La Mare de Magny","ETAT":1,"CODE_MODIF":0,"DATE_MODIF":null,"MODIFICATI":null,"RAPPORT_UR":null,"ID_NOM":"N0014","ID_TRONCON":"T0103","ID_COURSDE":"N0014T0103","ORIGINE1":"SCAN25","BCAE":"oui","ZNT":"oui"},"geometry":{"type":"LineString","coordinates":[[1.82574,49.04541],[1.82596,49.04548],[1.82623,49.04602],[1.82631,49.04648],[1.82625,49.0467],[1.82609,49.04698],[1.82606,49.04766],[1.8264,49.04827],[1.82681,49.04878],[1.82687,49.04902],[1.82755,49.04995]]}},
{"type":"Feature","properties":{"NOM":"La Seine","ETAT":1,"CODE_MODIF":0,"DATE_MODIF":null,"MODIFICATI":null,"RAPPORT_UR":null,"ID_NOM":"N0015","ID_TRONCON":"T0104","ID_COURSDE":"N0015T0104","ORIGINE1":"SCAN25","BCAE":"oui","ZNT":"oui"},"geometry":{"type":"LineString","coordinates":[[2.33933,48.94107],[2.33932,48.94108]]}},
{"type":"Feature","properties":{"NOM":"La Seine","ETAT":1,"CODE_MODIF":0,"DATE_MODIF":null,"MODIFICATI":null,"RAPPORT_UR":null,"ID_NOM":"N0015","ID_TRONCON":"T0105","ID_COURSDE":"N0015T0105","ORIGINE1":"SCAN25","BCAE":"oui","ZNT":"oui"},"geometry":{"type":"LineString","coordinates":[[2.04925,48.95981],[2.04889,48.95941]]}},
{"type":"Feature","properties":{"NOM":"La Seine","ETAT":1,"CODE_MODIF":0,"DATE_MODIF":null,"MODIFICATI":null,"RAPPORT_UR":null,"ID_NOM":"N0015","ID_TRONCON":"T0106","ID_COURSDE":"N0015T0106","ORIGINE1":"SCAN25","BCAE":"oui","ZNT":"oui"},"geometry":{"type":"LineString","coordinates":[[2.03705,48.93521],[2.03685,48.93489]]}},
{"type":"Feature","properties":{"NOM":"La Seine","ETAT":1,"CODE_MODIF":0,"DATE_MODIF":null,"MODIFICATI":null,"RAPPORT_UR":null,"ID_NOM":"N0015","ID_TRONCON":"T0107","ID_COURSDE":"N0015T0107","ORIGINE1":"SCAN25","BCAE":"oui","ZNT":"oui"},"geometry":{"type":"LineString","coordinates":[[1.68763,49.01154],[1.6864,49.01172],[1.6849,49.01166],[1.6834,49.01152],[1.67785,49.0114],[1.67662,49.01135],[1.67315,49.01083],[1.66728,49.01031],[1.66626,49.01008],[1.66421,49.00989],[1.66148,49.00951],[1.65908,49.00945],[1.65799,49.0093],[1.65792,49.00921]]}},
{"type":"Feature","properties":{"NOM":"La Seine","ETAT":1,"CODE_MODIF":0,"DATE_MODIF":null,"MODIFICATI":null,"RAPPORT_UR":null,"ID_NOM":"N0015","ID_TRONCON":"T0108","ID_COURSDE":"N0015T0108","ORIGINE1":"SCAN25","BCAE":"oui","ZNT":"oui"},"geometry":{"type":"LineString","coordinates":[[1.69796,49.06318],[1.69638,49.06443]]}},
{"type":"Feature","properties":{"NOM":"La Seine","ETAT":1,"CODE_MODIF":0,"DATE_MODIF":null,"MODIFICATI":null,"RAPPORT_UR":null,"ID_NOM":"N0015","ID_TRONCON":"T0109","ID_COURSDE":"N0015T0109","ORIGINE1":"SCAN25","BCAE":"oui","ZNT":"oui"},"geometry":{"type":"LineString","coordinates":[[1.69895,49.06162],[1.6986,49.06256],[1.69796,49.06318]]}},
{"type":"Feature","properties":{"NOM":"La Seine","ETAT":1,"CODE_MODIF":0,"DATE_MODIF":null,"MODIFICATI":null,"RAPPORT_UR":null,"ID_NOM":"N0015","ID_TRONCON":"T0110","ID_COURSDE":"N0015T0110","ORIGINE1":"SCAN25","BCAE":"oui","ZNT":"oui"},"geometry":{"type":"LineString","coordinates":[[1.5268,49.06107],[1.52623,49.0621],[1.52567,49.0629],[1.52533,49.06326],[1.52435,49.06446],[1.52296,49.06598],[1.5219,49.06692],[1.521,49.06799],[1.52065,49.06848],[1.51954,49.06964],[1.51905,49.07027],[1.51814,49.0713],[1.51641,49.073],[1.51509,49.0742],[1.51363,49.07572],[1.51342,49.07604],[1.5132,49.07617]]}},
{"type":"Feature","properties":{"NOM":"La Seine","ETAT":1,"CODE_MODIF":0,"DATE_MODIF":null,"MODIFICATI":null,"RAPPORT_UR":null,"ID_NOM":"N0015","ID_TRONCON":"T0111","ID_COURSDE":"N0015T0111","ORIGINE1":"SCAN25","BCAE":"oui","ZNT":"oui"},"geometry":{"type":"LineString","coordinates":[[2.33693,48.85863],[2.33836,48.85795],[2.34143,48.85615],[2.34245,48.8552],[2.3432,48.85462],[2.34367,48.85439],[2.34701,48.85318],[2.34961,48.85215],[2.35131,48.85161],[2.35336,48.8512],[2.35377,48.85116],[2.35342,48.85138],[2.35288,48.85215],[2.35275,48.85251],[2.35268,48.85309],[2.3524,48.85372],[2.35166,48.85489],[2.35404,48.85394],[2.35874,48.85228],[2.3601,48.8517],[2.36037,48.85143],[2.36044,48.85125],[2.36051,48.84999],[2.36071,48.84949],[2.36125,48.84877],[2.3586,48.84976],[2.35622,48.85057],[2.35377,48.85116]]}},
{"type":"Feature","properties":{"NOM":"La Seine","ETAT":1,"CODE_MODIF":0,"DATE_MODIF":null,"MODIFICATI":null,"RAPPORT_UR":null,"ID_NOM":"N0015","ID_TRONCON":"T0112","ID_COURSDE":"N0015T0112","ORIGINE1":"SCAN25","BCAE":"oui","ZNT":"oui"},"geometry":{"type":"LineString","coordinates":[[2.40822,48.81719],[2.40421,48.81877],[2.40026,48.82016],[2.39816,48.82097],[2.39494,48.82246],[2.39134,48.82488],[2.38821,48.82723],[2.37944,48.83429],[2.37678,48.83649],[2.37522,48.83771],[2.37318,48.83973],[2.36234,48.84792],[2.36125,48.84877]]}},
{"type":"Feature","properties":{"NOM":"La Seine","ETAT":1,"CODE_MODIF":0,"DATE_MODIF":null,"MODIFICATI":null,"RAPPORT_UR":null,"ID_NOM":"N0015","ID_TRONCON":"T0113","ID_COURSDE":"N0015T0113","ORIGINE1":"SCAN25","BCAE":"oui","ZNT":"oui"},"geometry":{"type":"LineString","coordinates":[[2.32035,48.91613],[2.32485,48.91708],[2.3263,48.91757],[2.3278,48.91829],[2.32971,48.91951],[2.33046,48.92018],[2.33168,48.92153],[2.3327,48.92279],[2.33386,48.92409],[2.33891,48.92908],[2.34,48.93043],[2.34062,48.93138],[2.34102,48.93228],[2.3413,48.93313],[2.3415,48.93488],[2.34143,48.93574],[2.34102,48.93726],[2.34034,48.93924],[2.3398,48.94036],[2.33933,48.94107]]}},
{"type":"Feature","properties":{"NOM":"La Seine","ETAT":1,"CODE_MODIF":0,"DATE_MODIF":null,"MODIFICATI":null,"RAPPORT_UR":null,"ID_NOM":"N0015","ID_TRONCON":"T0114","ID_COURSDE":"N0015T0114","ORIGINE1":"SCAN25","BCAE":"oui","ZNT":"oui"},"geometry":{"type":"LineString","coordinates":[[2.35166,48.85489],[2.3505,48.85543],[2.34907,48.85592],[2.34156,48.85786],[2.33938,48.85831],[2.33693,48.85863],[2.33108,48.85984],[2.31996,48.86334],[2.31853,48.86375],[2.30115,48.86347],[2.29951,48.8633],[2.29788,48.86298],[2.29645,48.86248],[2.29441,48.86159],[2.29345,48.86105],[2.29175,48.85992],[2.29019,48.85875],[2.28835,48.85704],[2.28835,48.85582],[2.28815,48.85555],[2.28638,48.85402],[2.28338,48.85204],[2.281,48.85025],[2.28005,48.84971],[2.2795,48.84957],[2.27896,48.84953],[2.27896,48.84989],[2.27916,48.85029],[2.27964,48.85078],[2.28202,48.8524],[2.28345,48.85353],[2.28549,48.85506],[2.28835,48.85704]]}},
{"type":"Feature","properties":{"NOM":"La Seine","ETAT":1,"CODE_MODIF":0,"DATE_MODIF":null,"MODIFICATI":null,"RAPPORT_UR":null,"ID_NOM":"N0015","ID_TRONCON":"T0115","ID_COURSDE":"N0015T0115","ORIGINE1":"SCAN25","BCAE":"oui","ZNT":"oui"},"geometry":{"type":"LineString","coordinates":[[2.28107,48.90119],[2.27943,48.90011],[2.27855,48.89961],[2.27726,48.89898],[2.27501,48.89813],[2.2731,48.89732],[2.27208,48.89669],[2.2718,48.89642],[2.27058,48.89561],[2.26976,48.89511],[2.26602,48.89327],[2.26343,48.89174],[2.26227,48.89129],[2.26091,48.89071],[2.26002,48.89012],[2.25735,48.88864],[2.25708,48.88958]]}},
{"type":"Feature","properties":{"NOM":"La Seine","ETAT":1,"CODE_MODIF":0,"DATE_MODIF":null,"MODIFICATI":null,"RAPPORT_UR":null,"ID_NOM":"N0015","ID_TRONCON":"T0116","ID_COURSDE":"N0015T0116","ORIGINE1":"SCAN25","BCAE":"oui","ZNT":"oui"},"geometry":{"type":"LineString","coordinates":[[2.2327,48.86968],[2.23565,48.87058],[2.2377,48.87108],[2.23946,48.87166],[2.24103,48.87238],[2.24178,48.87283],[2.24287,48.8736],[2.24396,48.8746],[2.24695,48.87775],[2.24817,48.87878],[2.25042,48.88058],[2.25212,48.88211],[2.25375,48.88395],[2.25429,48.88463],[2.25484,48.8857],[2.25565,48.88692],[2.25654,48.88786],[2.25735,48.88864]]}},
{"type":"Feature","properties":{"NOM":"La Seine","ETAT":1,"CODE_MODIF":0,"DATE_MODIF":null,"MODIFICATI":null,"RAPPORT_UR":null,"ID_NOM":"N0015","ID_TRONCON":"T0117","ID_COURSDE":"N0015T0117","ORIGINE1":"SCAN25","BCAE":"oui","ZNT":"oui"},"geometry":{"type":"LineString","coordinates":[[2.23677,48.82135],[2.23881,48.82072],[2.24099,48.82041],[2.24452,48.82068],[2.24668,48.82111],[2.24875,48.82167],[2.25099,48.82235],[2.2543,48.82366],[2.25559,48.82433],[2.25801,48.82569],[2.25912,48.8265],[2.25952,48.82683],[2.26005,48.82767],[2.26018,48.82875],[2.26072,48.83171],[2.25902,48.83054],[2.25787,48.82987],[2.25726,48.82955],[2.25528,48.8282],[2.25372,48.82698],[2.25229,48.82603],[2.25085,48.82536],[2.25003,48.82504],[2.24922,48.82459],[2.24616,48.8236],[2.24425,48.82311],[2.24214,48.82275],[2.24126,48.82252],[2.24092,48.82248],[2.23983,48.82198],[2.23888,48.82162],[2.23827,48.82149],[2.23677,48.82135],[2.23486,48.82175],[2.23391,48.82207],[2.23255,48.82269],[2.23146,48.82332],[2.23043,48.82404],[2.22928,48.82512],[2.22762,48.82691],[2.22708,48.82763],[2.22667,48.82858],[2.22632,48.83043],[2.22612,48.83097],[2.22584,48.83191],[2.2253,48.83326],[2.22496,48.83398],[2.22468,48.83442],[2.22352,48.83577],[2.22318,48.83636],[2.22291,48.83734],[2.2229,48.83874],[2.22304,48.83941],[2.22324,48.84013],[2.22351,48.84071],[2.22405,48.84224],[2.22466,48.84427],[2.22493,48.84485],[2.225,48.8454],[2.22527,48.84621],[2.22561,48.84778],[2.2256,48.8489],[2.2254,48.84971],[2.22505,48.85057],[2.2243,48.85277],[2.22389,48.85376],[2.22396,48.85497],[2.22436,48.85632],[2.22518,48.85843],[2.22592,48.85969],[2.22714,48.86195],[2.22755,48.86307],[2.22775,48.86406],[2.22802,48.86482],[2.22863,48.86568],[2.2302,48.86757],[2.2304,48.86779],[2.23169,48.86892],[2.2327,48.86968],[2.23428,48.87126],[2.23585,48.87274],[2.23721,48.87364],[2.23803,48.87427],[2.23932,48.87518],[2.2398,48.87558],[2.24184,48.87684],[2.24272,48.87752],[2.24409,48.87842],[2.24565,48.87986],[2.24919,48.88287],[2.25157,48.88462],[2.25211,48.88512],[2.25354,48.88669],[2.25518,48.88822],[2.25708,48.88958],[2.25776,48.89016],[2.25899,48.89106],[2.25968,48.89169],[2.26016,48.89228],[2.26118,48.89318],[2.26227,48.89394],[2.26342,48.89484],[2.26431,48.89547],[2.2654,48.89601],[2.27064,48.89813],[2.27562,48.89988],[2.27773,48.90051],[2.28107,48.90119],[2.28456,48.90241],[2.28728,48.90349],[2.29273,48.90619],[2.29553,48.90781],[2.29832,48.90929],[2.30037,48.91023],[2.302,48.91077],[2.30508,48.91163],[2.30842,48.91226],[2.31081,48.91298],[2.31299,48.9137],[2.31599,48.9146],[2.31865,48.9156],[2.32035,48.91613],[2.32049,48.91636],[2.32083,48.91753],[2.32103,48.91793],[2.32158,48.91852],[2.3226,48.91924],[2.32499,48.92022],[2.32587,48.92076],[2.32841,48.9227],[2.32909,48.92328],[2.33332,48.92737],[2.33373,48.92791],[2.33434,48.92903],[2.33564,48.93102],[2.33645,48.93264],[2.33673,48.93354],[2.33673,48.93493],[2.33659,48.93628],[2.33632,48.93771],[2.33605,48.93848],[2.33584,48.93929],[2.33536,48.94036],[2.33482,48.94122],[2.33373,48.94239],[2.33229,48.94334],[2.331,48.94397],[2.32902,48.94464],[2.32697,48.94527],[2.32484,48.94577],[2.32116,48.94644],[2.31318,48.94752],[2.3097,48.94819],[2.3032,48.94976],[2.30082,48.95025],[2.29897,48.95043],[2.29147,48.95043],[2.28922,48.95048],[2.28778,48.95056],[2.28874,48.95074],[2.29099,48.95128],[2.29345,48.95155],[2.30109,48.95187],[2.30888,48.95098],[2.31556,48.94985],[2.32225,48.94851],[2.32457,48.94797],[2.32663,48.94734],[2.33018,48.94639],[2.33366,48.94527],[2.33475,48.94482],[2.33652,48.94392],[2.33741,48.9432],[2.3383,48.9423],[2.33932,48.94108]]}},
{"type":"Feature","properties":{"NOM":"La Seine","ETAT":1,"CODE_MODIF":0,"DATE_MODIF":null,"MODIFICATI":null,"RAPPORT_UR":null,"ID_NOM":"N0015","ID_TRONCON":"T0118","ID_COURSDE":"N0015T0118","ORIGINE1":"SCAN25","BCAE":"oui","ZNT":"oui"},"geometry":{"type":"LineString","coordinates":[[2.27896,48.84953],[2.27765,48.84858],[2.27561,48.84692],[2.27561,48.84687],[2.2748,48.84611],[2.26378,48.83495],[2.26283,48.83405],[2.26072,48.83171]]}},
{"type":"Feature","properties":{"NOM":"La Seine","ETAT":1,"CODE_MODIF":0,"DATE_MODIF":null,"MODIFICATI":null,"RAPPORT_UR":null,"ID_NOM":"N0015","ID_TRONCON":"T0119","ID_COURSDE":"N0015T0119","ORIGINE1":"SCAN25","BCAE":"oui","ZNT":"oui"},"geometry":{"type":"LineString","coordinates":[[2.24092,48.82248],[2.23942,48.82248],[2.23826,48.82265],[2.23717,48.8231],[2.23493,48.82422],[2.23077,48.82638],[2.22832,48.82804],[2.22776,48.82858],[2.2266,48.83011],[2.22632,48.83038]]}},
{"type":"Feature","properties":{"NOM":"La Seine","ETAT":1,"CODE_MODIF":0,"DATE_MODIF":null,"MODIFICATI":null,"RAPPORT_UR":null,"ID_NOM":"N0015","ID_TRONCON":"T0120","ID_COURSDE":"N0015T0120","ORIGINE1":"SCAN25","BCAE":"oui","ZNT":"oui"},"geometry":{"type":"LineString","coordinates":[[2.28778,48.95056],[2.28731,48.95056],[2.28504,48.95043],[2.28265,48.95002],[2.27999,48.94944],[2.27754,48.94867],[2.26997,48.94692],[2.26813,48.94624],[2.26416,48.94471],[2.26143,48.94344],[2.25864,48.94209],[2.25693,48.94119],[2.25564,48.94043],[2.25414,48.93966],[2.25278,48.93912],[2.25019,48.93786],[2.24787,48.93687],[2.24698,48.93642],[2.24487,48.93512],[2.24159,48.93282],[2.24043,48.93224],[2.23668,48.9307],[2.23491,48.92989],[2.23252,48.92863],[2.2313,48.92786],[2.23028,48.92714],[2.22939,48.92642],[2.22653,48.92462],[2.22558,48.92408],[2.22367,48.92278],[2.22006,48.92017],[2.21923,48.91949],[2.21522,48.91692],[2.21399,48.91651],[2.21208,48.9157],[2.21038,48.91471],[2.20691,48.91368],[2.20561,48.91318],[2.20446,48.91255],[2.20337,48.91187],[2.20194,48.9112],[2.2001,48.91043],[2.19607,48.90899],[2.19191,48.90723],[2.18973,48.90623],[2.18851,48.90587],[2.18715,48.9056],[2.18387,48.90519],[2.18108,48.90465],[2.17611,48.90298],[2.17441,48.9023],[2.17303,48.90158],[2.17072,48.9001],[2.16909,48.8987],[2.16807,48.89794],[2.1676,48.89753],[2.16494,48.89573],[2.16406,48.89491],[2.16358,48.89437],[2.16338,48.89406],[2.16311,48.89343],[2.16291,48.89266],[2.16311,48.89266],[2.16407,48.89298],[2.16481,48.89392],[2.16644,48.89582],[2.16644,48.89614],[2.16617,48.89654]]}},
{"type":"Feature","properties":{"NOM":"La Seine","ETAT":1,"CODE_MODIF":0,"DATE_MODIF":null,"MODIFICATI":null,"RAPPORT_UR":null,"ID_NOM":"N0015","ID_TRONCON":"T0121","ID_COURSDE":"N0015T0121","ORIGINE1":"SCAN25","BCAE":"oui","ZNT":"oui"},"geometry":{"type":"LineString","coordinates":[[2.21522,48.91692],[2.21508,48.91678],[2.21229,48.91467],[2.20916,48.91255],[2.20691,48.91134],[2.19772,48.90755],[2.1967,48.90701],[2.19581,48.90637],[2.19505,48.90574],[2.19417,48.9052],[2.19349,48.90489],[2.1879,48.90335],[2.18518,48.90295],[2.18313,48.90254],[2.1802,48.90159],[2.17687,48.90046],[2.17564,48.89983],[2.17319,48.89812],[2.17245,48.89772],[2.17073,48.89668],[2.16951,48.89587],[2.16849,48.89506],[2.16781,48.89429],[2.16727,48.89321],[2.167,48.89244],[2.16632,48.8915],[2.16503,48.89028],[2.16455,48.88992],[2.16394,48.88929],[2.16347,48.88862],[2.16333,48.88826],[2.16313,48.88718],[2.16327,48.88624],[2.16348,48.88547],[2.16362,48.88377],[2.16342,48.88318],[2.16308,48.88264],[2.16281,48.88233],[2.16185,48.88174],[2.15886,48.88078],[2.15852,48.8806],[2.15791,48.8802],[2.15486,48.8766],[2.15384,48.87502],[2.15248,48.87331],[2.15106,48.87178],[2.1499,48.87088],[2.14868,48.87003],[2.14746,48.86931],[2.14487,48.86845],[2.14365,48.86831],[2.13995,48.86812],[2.13689,48.86811],[2.13539,48.86829],[2.13321,48.86878],[2.13246,48.86905],[2.12843,48.86999],[2.12734,48.8704],[2.12639,48.87089],[2.12379,48.87264],[2.12243,48.87344],[2.12159,48.87385],[2.12002,48.87479],[2.1192,48.8755],[2.11824,48.87645],[2.11722,48.87739],[2.11667,48.87784],[2.11613,48.87824],[2.11428,48.87945],[2.11257,48.88048],[2.11155,48.8812],[2.11121,48.88165],[2.11093,48.8825],[2.11051,48.88416],[2.11037,48.88515],[2.11037,48.88582],[2.1094,48.88853],[2.10831,48.88983],[2.10789,48.89064],[2.10776,48.89099],[2.10775,48.89248],[2.10788,48.89333],[2.10822,48.89428],[2.10849,48.89558],[2.10847,48.89828],[2.1084,48.89868],[2.1084,48.89953],[2.10826,48.9012],[2.10846,48.90183],[2.1088,48.90237],[2.10961,48.90337],[2.11043,48.90409],[2.11192,48.90526],[2.11219,48.90544],[2.1128,48.906],[2.11274,48.90409],[2.11254,48.90368],[2.11186,48.90261],[2.11112,48.90179],[2.10956,48.90052],[2.10894,48.90007],[2.1084,48.89953]]}},
{"type":"Feature","properties":{"NOM":"La Seine","ETAT":1,"CODE_MODIF":0,"DATE_MODIF":null,"MODIFICATI":null,"RAPPORT_UR":null,"ID_NOM":"N0015","ID_TRONCON":"T0122","ID_COURSDE":"N0015T0122","ORIGINE1":"SCAN25","BCAE":"oui","ZNT":"oui"},"geometry":{"type":"LineString","coordinates":[[2.10304,48.99075],[2.10073,48.99075],[2.09616,48.99061],[2.09075,48.99019],[2.08816,48.98987],[2.08598,48.98942],[2.08223,48.98847]]}},
{"type":"Feature","properties":{"NOM":"La Seine","ETAT":1,"CODE_MODIF":0,"DATE_MODIF":null,"MODIFICATI":null,"RAPPORT_UR":null,"ID_NOM":"N0015","ID_TRONCON":"T0123","ID_COURSDE":"N0015T0123","ORIGINE1":"SCAN25","BCAE":"oui","ZNT":"oui"},"geometry":{"type":"LineString","coordinates":[[2.12462,48.99109],[2.12492,48.99066],[2.12601,48.98972],[2.12677,48.98923],[2.12745,48.98896],[2.1297,48.98865],[2.13511,48.98848],[2.13703,48.98817],[2.1401,48.98822],[2.14126,48.98813],[2.14324,48.98777],[2.14666,48.98679],[2.1483,48.98648],[2.14939,48.98635],[2.15043,48.98635],[2.15282,48.98667],[2.15294,48.98673],[2.15186,48.98707],[2.14993,48.98774],[2.14672,48.98908],[2.1448,48.98962],[2.14316,48.98984],[2.14146,48.98997],[2.13968,48.99002],[2.13695,48.98983],[2.13313,48.98969],[2.12949,48.98995],[2.12772,48.99026],[2.12437,48.99116],[2.12307,48.99138],[2.12164,48.99147],[2.11945,48.99146],[2.11754,48.99123],[2.11379,48.99064],[2.11193,48.99042],[2.1107,48.99041],[2.10538,48.99072],[2.10304,48.99075]]}},
{"type":"Feature","properties":{"NOM":"La Seine","ETAT":1,"CODE_MODIF":0,"DATE_MODIF":null,"MODIFICATI":null,"RAPPORT_UR":null,"ID_NOM":"N0015","ID_TRONCON":"T0124","ID_COURSDE":"N0015T0124","ORIGINE1":"SCAN25","BCAE":"oui","ZNT":"oui"},"geometry":{"type":"LineString","coordinates":[[2.1128,48.906],[2.11348,48.90692],[2.11389,48.90755],[2.11416,48.90827],[2.11585,48.91191],[2.11639,48.91295],[2.11828,48.91557],[2.11937,48.91692],[2.11957,48.91732],[2.12154,48.9198],[2.12391,48.92259],[2.1248,48.92353],[2.12595,48.92452],[2.12718,48.92551],[2.13302,48.92944],[2.13581,48.93106],[2.13704,48.93183],[2.13869,48.93273],[2.14222,48.93507],[2.14304,48.93575],[2.14352,48.9362],[2.14419,48.9367],[2.14542,48.93746],[2.14746,48.93854],[2.15066,48.94004],[2.15291,48.94126],[2.15648,48.94371],[2.16524,48.94878],[2.16776,48.95018],[2.16994,48.95154],[2.17205,48.9528],[2.17362,48.95383],[2.17423,48.95428],[2.17559,48.95563],[2.17648,48.95662],[2.17729,48.95766],[2.17777,48.95856],[2.17797,48.95923],[2.17796,48.96103],[2.17783,48.96175],[2.17782,48.96342],[2.17857,48.96517],[2.17911,48.96585],[2.17918,48.96585],[2.17972,48.9667],[2.17992,48.96742],[2.17978,48.96854],[2.17944,48.96958],[2.1793,48.96962],[2.17896,48.97047],[2.17882,48.97061],[2.17848,48.97124],[2.17725,48.97294],[2.17704,48.97339],[2.17683,48.97362],[2.17539,48.97591],[2.17512,48.97622],[2.17471,48.9769],[2.17354,48.97834],[2.17224,48.9796],[2.1706,48.9809],[2.16716,48.98314],[2.16381,48.98484],[2.16293,48.98515],[2.16122,48.98551],[2.15749,48.98598],[2.1565,48.98613],[2.15405,48.98658],[2.15294,48.98673]]}},
{"type":"Feature","properties":{"NOM":"La Seine","ETAT":1,"CODE_MODIF":0,"DATE_MODIF":null,"MODIFICATI":null,"RAPPORT_UR":null,"ID_NOM":"N0015","ID_TRONCON":"T0125","ID_COURSDE":"N0015T0125","ORIGINE1":"SCAN25","BCAE":"oui","ZNT":"oui"},"geometry":{"type":"LineString","coordinates":[[2.16291,48.89266],[2.16277,48.89221],[2.1623,48.89104],[2.16203,48.89019],[2.16088,48.88798],[2.15952,48.88627],[2.15905,48.88551],[2.15871,48.88466],[2.1581,48.88344],[2.15709,48.88173],[2.1562,48.88052],[2.15546,48.87965],[2.15464,48.87839],[2.1524,48.87614],[2.15179,48.87565],[2.15016,48.87443],[2.14792,48.87295],[2.14676,48.87227],[2.1452,48.87146],[2.14364,48.87087],[2.14233,48.87056],[2.14056,48.87042],[2.13892,48.87037],[2.13634,48.87046],[2.13368,48.87063],[2.13211,48.8709],[2.13034,48.87134],[2.12856,48.87197],[2.12952,48.87112],[2.1302,48.87063],[2.13055,48.87031],[2.13225,48.86909]]}},
{"type":"Feature","properties":{"NOM":"La Seine","ETAT":1,"CODE_MODIF":0,"DATE_MODIF":null,"MODIFICATI":null,"RAPPORT_UR":null,"ID_NOM":"N0015","ID_TRONCON":"T0126","ID_COURSDE":"N0015T0126","ORIGINE1":"SCAN25","BCAE":"oui","ZNT":"oui"},"geometry":{"type":"LineString","coordinates":[[2.12856,48.87197],[2.12815,48.87219],[2.12515,48.87421],[2.12467,48.87466],[2.12419,48.87497],[2.12213,48.87654],[2.1196,48.87838],[2.11878,48.87919],[2.11768,48.8804],[2.11707,48.88085],[2.11611,48.88139],[2.11584,48.8817],[2.11502,48.88282],[2.11378,48.88462],[2.11275,48.88569],[2.11234,48.88605],[2.11091,48.88745],[2.11009,48.88817],[2.1094,48.88853]]}},
{"type":"Feature","properties":{"NOM":"La Seine","ETAT":1,"CODE_MODIF":0,"DATE_MODIF":null,"MODIFICATI":null,"RAPPORT_UR":null,"ID_NOM":"N0015","ID_TRONCON":"T0127","ID_COURSDE":"N0015T0127","ORIGINE1":"SCAN25","BCAE":"oui","ZNT":"oui"},"geometry":{"type":"LineString","coordinates":[[2.13289,48.92935],[2.13275,48.9307],[2.13268,48.93092],[2.13274,48.93128],[2.13302,48.93155],[2.13492,48.93273],[2.13615,48.93367],[2.13812,48.93502],[2.13922,48.93615],[2.14024,48.937],[2.1418,48.93804],[2.14255,48.93845],[2.14385,48.93885],[2.14425,48.93912],[2.1448,48.93976],[2.14589,48.94062],[2.1484,48.94237],[2.14936,48.94287],[2.15092,48.94337],[2.15269,48.94382],[2.15372,48.94386],[2.15563,48.9436],[2.15601,48.94337]]}},
{"type":"Feature","properties":{"NOM":"La Seine","ETAT":1,"CODE_MODIF":0,"DATE_MODIF":null,"MODIFICATI":null,"RAPPORT_UR":null,"ID_NOM":"N0015","ID_TRONCON":"T0128","ID_COURSDE":"N0015T0128","ORIGINE1":"SCAN25","BCAE":"oui","ZNT":"oui"},"geometry":{"type":"LineString","coordinates":[[2.04657,48.96226],[2.04645,48.96109],[2.04632,48.9605],[2.04627,48.95978],[2.0462,48.95754],[2.04621,48.95556],[2.04596,48.95204],[2.04556,48.95011],[2.04543,48.94899],[2.04531,48.94696],[2.04725,48.94948],[2.04747,48.94994],[2.04794,48.95106],[2.04828,48.95273],[2.04868,48.95404],[2.04894,48.95547],[2.04886,48.95808],[2.04889,48.95941],[2.04775,48.9605],[2.04721,48.96109],[2.04657,48.96226],[2.04665,48.96311],[2.04698,48.96432],[2.04739,48.96546],[2.04806,48.96658],[2.04867,48.96739],[2.04969,48.96834],[2.0501,48.96883],[2.05091,48.97023],[2.05159,48.97086],[2.05233,48.97198],[2.05382,48.97374],[2.05498,48.97455],[2.05552,48.97514],[2.05586,48.97559],[2.05824,48.97794],[2.05892,48.9787],[2.05939,48.97906],[2.06075,48.97992],[2.06191,48.98118],[2.06333,48.98285],[2.06428,48.98361],[2.06517,48.98406],[2.06687,48.98465],[2.07001,48.98533],[2.06845,48.9838],[2.0662,48.98209],[2.0643,48.98047],[2.06314,48.97961],[2.06029,48.97709],[2.05873,48.97555],[2.05751,48.9742],[2.05669,48.97321],[2.05513,48.97181],[2.05472,48.97127],[2.05446,48.97064],[2.05426,48.96974],[2.05406,48.96736],[2.05318,48.96614],[2.05298,48.9656],[2.05271,48.96515],[2.05203,48.96442],[2.05135,48.96379],[2.05014,48.96186],[2.04953,48.96019],[2.04925,48.95981]]}},
{"type":"Feature","properties":{"NOM":"La Seine","ETAT":1,"CODE_MODIF":0,"DATE_MODIF":null,"MODIFICATI":null,"RAPPORT_UR":null,"ID_NOM":"N0015","ID_TRONCON":"T0129","ID_COURSDE":"N0015T0129","ORIGINE1":"SCAN25","BCAE":"oui","ZNT":"oui"},"geometry":{"type":"LineString","coordinates":[[2.08223,48.98847],[2.07302,48.98637],[2.07082,48.98578],[2.07001,48.98533]]}},
{"type":"Feature","properties":{"NOM":"La Seine","ETAT":1,"CODE_MODIF":0,"DATE_MODIF":null,"MODIFICATI":null,"RAPPORT_UR":null,"ID_NOM":"N0015","ID_TRONCON":"T0130","ID_COURSDE":"N0015T0130","ORIGINE1":"SCAN25","BCAE":"oui","ZNT":"oui"},"geometry":{"type":"LineString","coordinates":[[2.04725,48.94948],[2.04754,48.94899],[2.04775,48.94836],[2.04769,48.94773],[2.04749,48.94693],[2.04681,48.94549],[2.04628,48.94405],[2.04581,48.94297],[2.04513,48.94216],[2.04438,48.94144],[2.04323,48.94049],[2.04098,48.93913],[2.03949,48.93733],[2.03787,48.93597],[2.03705,48.93521],[2.0346,48.93462],[2.03316,48.93416],[2.03125,48.93366],[2.0286,48.93218],[2.02554,48.93059],[2.0267,48.9306],[2.02874,48.93083],[2.02956,48.93114],[2.03221,48.93205],[2.0344,48.93318],[2.03542,48.93381],[2.03685,48.93489],[2.03692,48.93435],[2.03693,48.93327],[2.03679,48.93305],[2.03632,48.9326],[2.0357,48.93219],[2.03455,48.93174],[2.03407,48.93147],[2.03339,48.93115],[2.03258,48.93057],[2.03154,48.92998],[2.03005,48.92939],[2.02821,48.92889],[2.02487,48.92839],[2.01955,48.9281],[2.01805,48.92823],[2.01634,48.92849],[2.0132,48.92925],[2.01136,48.92983],[2.0097,48.93045],[2.00888,48.9309],[2.00861,48.93118],[2.00861,48.93136],[2.00847,48.93167],[2.00833,48.93217],[2.00819,48.93243],[2.00785,48.93288],[2.00778,48.93311],[2.0075,48.93365],[2.00743,48.93414],[2.00804,48.93481],[2.01209,48.93231],[2.01476,48.93146],[2.01687,48.93111],[2.01899,48.9304],[2.02002,48.93031],[2.02254,48.93023],[2.02554,48.93059]]}},
{"type":"Feature","properties":{"NOM":"La Seine","ETAT":1,"CODE_MODIF":0,"DATE_MODIF":null,"MODIFICATI":null,"RAPPORT_UR":null,"ID_NOM":"N0015","ID_TRONCON":"T0131","ID_COURSDE":"N0015T0131","ORIGINE1":"SCAN25","BCAE":"oui","ZNT":"oui"},"geometry":{"type":"LineString","coordinates":[[2.04531,48.94696],[2.04456,48.9457],[2.04308,48.94301],[2.0422,48.94121],[2.04098,48.93913]]}},
{"type":"Feature","properties":{"NOM":"La Seine","ETAT":1,"CODE_MODIF":0,"DATE_MODIF":null,"MODIFICATI":null,"RAPPORT_UR":null,"ID_NOM":"N0015","ID_TRONCON":"T0132","ID_COURSDE":"N0015T0132","ORIGINE1":"SCAN25","BCAE":"oui","ZNT":"oui"},"geometry":{"type":"LineString","coordinates":[[2.00804,48.93481],[2.00646,48.93612],[2.00612,48.93656],[2.00508,48.93836],[2.00453,48.93917],[2.00405,48.94002],[2.00308,48.94235],[2.00259,48.94419],[2.00218,48.94505],[2.0021,48.9469],[2.00216,48.94762],[2.00242,48.94878],[2.00255,48.94991],[2.00248,48.95099],[2.00227,48.95197],[2.00224,48.95669],[2.0021,48.95737],[2.0022,48.9594],[2.00233,48.96088],[2.0026,48.96142],[2.00294,48.96227],[2.00305,48.96569],[2.00284,48.96722],[2.00276,48.96816],[2.00296,48.96946],[2.00323,48.97059],[2.00329,48.97072],[2.00336,48.97141],[2.00328,48.97194],[2.00269,48.97354],[2.00266,48.97388],[2.00231,48.97545],[2.00189,48.97675],[2.00133,48.9781],[2.00085,48.97913],[2.00009,48.98011],[1.9994,48.98137],[1.99913,48.98173],[1.99899,48.98204],[1.99802,48.98343],[1.99747,48.98406],[1.99487,48.98563],[1.98876,48.98881],[1.98499,48.99109],[1.98252,48.99252],[1.97998,48.99386],[1.97758,48.99525]]}},
{"type":"Feature","properties":{"NOM":"La Seine","ETAT":1,"CODE_MODIF":0,"DATE_MODIF":null,"MODIFICATI":null,"RAPPORT_UR":null,"ID_NOM":"N0015","ID_TRONCON":"T0133","ID_COURSDE":"N0015T0133","ORIGINE1":"SCAN25","BCAE":"oui","ZNT":"oui"},"geometry":{"type":"LineString","coordinates":[[2.00861,48.93118],[2.00847,48.93122],[2.00765,48.93185],[2.0058,48.93252],[2.00525,48.93288],[2.00491,48.93332],[2.00292,48.93521],[2.00155,48.93637],[2.00127,48.93673],[2.001,48.93727],[2.00079,48.93844],[2.0003,48.93947],[1.99995,48.94167],[1.99987,48.94288],[1.99959,48.94346],[1.99946,48.9436],[1.99932,48.94418],[1.99911,48.94459],[1.99903,48.94598],[1.99929,48.94774],[1.99948,48.94834],[1.99935,48.94864],[1.99901,48.94985],[1.99899,48.95111],[1.99905,48.95134],[1.99912,48.95201],[1.99897,48.95268],[1.9989,48.95421],[1.99876,48.95488],[1.99868,48.95637],[1.99881,48.95682],[1.99935,48.9579],[1.99948,48.95848],[1.99946,48.95987],[1.99873,48.9611],[1.99851,48.96168],[1.99836,48.96231],[1.99828,48.96424],[1.99848,48.96523],[1.99889,48.9664],[1.99942,48.9677],[2.0001,48.96878],[2.00057,48.96973],[2.00097,48.97081],[2.00199,48.97207],[2.00246,48.97284],[2.00269,48.97354]]}},
{"type":"Feature","properties":{"NOM":"La Seine","ETAT":1,"CODE_MODIF":0,"DATE_MODIF":null,"MODIFICATI":null,"RAPPORT_UR":null,"ID_NOM":"N0015","ID_TRONCON":"T0134","ID_COURSDE":"N0015T0134","ORIGINE1":"SCAN25","BCAE":"oui","ZNT":"oui"},"geometry":{"type":"LineString","coordinates":[[1.94407,49.00656],[1.94524,49.00638],[1.94907,49.00598],[1.95331,49.00514],[1.95529,49.00466],[1.95885,49.00345],[1.9614,49.00256],[1.96373,49.00149],[1.96565,49.00083],[1.96729,49.00011],[1.96901,48.99913],[1.97045,48.99841],[1.97168,48.99765],[1.97291,48.99707],[1.97538,48.99618],[1.97758,48.99525]]}},
{"type":"Feature","properties":{"NOM":"La Seine","ETAT":1,"CODE_MODIF":0,"DATE_MODIF":null,"MODIFICATI":null,"RAPPORT_UR":null,"ID_NOM":"N0015","ID_TRONCON":"T0135","ID_COURSDE":"N0015T0135","ORIGINE1":"SCAN25","BCAE":"oui","ZNT":"oui"},"geometry":{"type":"LineString","coordinates":[[1.92466,49.00382],[1.92243,49.00324],[1.91963,49.00247],[1.91718,49.00192],[1.91323,49.00125]]}},
{"type":"Feature","properties":{"NOM":"La Seine","ETAT":1,"CODE_MODIF":0,"DATE_MODIF":null,"MODIFICATI":null,"RAPPORT_UR":null,"ID_NOM":"N0015","ID_TRONCON":"T0136","ID_COURSDE":"N0015T0136","ORIGINE1":"SCAN25","BCAE":"oui","ZNT":"oui"},"geometry":{"type":"LineString","coordinates":[[2.00218,48.94505],[2.00149,48.94554],[2.00122,48.94585],[1.99998,48.94743],[1.99948,48.94834]]}},
{"type":"Feature","properties":{"NOM":"La Seine","ETAT":1,"CODE_MODIF":0,"DATE_MODIF":null,"MODIFICATI":null,"RAPPORT_UR":null,"ID_NOM":"N0015","ID_TRONCON":"T0137","ID_COURSDE":"N0015T0137","ORIGINE1":"SCAN25","BCAE":"oui","ZNT":"oui"},"geometry":{"type":"LineString","coordinates":[[1.90638,49.00306],[1.90583,49.00313],[1.90453,49.00308],[1.90377,49.0029],[1.90336,49.00272],[1.90084,49.00222],[1.89866,49.00158],[1.89498,49.00084],[1.89362,49.00035],[1.89198,48.99958],[1.89028,48.99894],[1.88736,48.99803],[1.88592,48.99762],[1.88511,48.99726],[1.88443,48.99685],[1.88334,48.99643],[1.88225,48.99625],[1.8793,48.9961],[1.87828,48.99588],[1.87624,48.99515],[1.87528,48.99452],[1.8712,48.99351],[1.86997,48.99333],[1.86799,48.99314],[1.86615,48.99273],[1.85934,48.99054],[1.85831,48.99032],[1.85394,48.98975],[1.85285,48.98948],[1.85163,48.98929],[1.8506,48.9892],[1.84951,48.98892],[1.84808,48.98851],[1.84563,48.98801],[1.84406,48.98746],[1.84209,48.98683],[1.83998,48.98601],[1.83699,48.98505],[1.83658,48.98482],[1.83754,48.98496],[1.83891,48.98501]]}},
{"type":"Feature","properties":{"NOM":"La Seine","ETAT":1,"CODE_MODIF":0,"DATE_MODIF":null,"MODIFICATI":null,"RAPPORT_UR":null,"ID_NOM":"N0015","ID_TRONCON":"T0138","ID_COURSDE":"N0015T0138","ORIGINE1":"SCAN25","BCAE":"oui","ZNT":"oui"},"geometry":{"type":"LineString","coordinates":[[1.88223,48.99392],[1.88193,48.99387],[1.87599,48.99227],[1.87292,48.99154],[1.87197,48.9914],[1.86999,48.99099],[1.86734,48.99017],[1.86243,48.98907],[1.86052,48.9887],[1.85909,48.98833],[1.85717,48.98797],[1.85315,48.98741],[1.84905,48.98703],[1.84714,48.98667],[1.8447,48.9858],[1.84292,48.98535],[1.84163,48.98512],[1.83891,48.98501],[1.83733,48.98332],[1.83626,48.98262],[1.83415,48.9818],[1.83203,48.98107],[1.83033,48.98057],[1.82951,48.98025],[1.82815,48.97957],[1.82706,48.9792],[1.82427,48.97856],[1.82291,48.97806],[1.82196,48.97761],[1.82067,48.97684],[1.81965,48.97648],[1.81849,48.97611],[1.81747,48.97566],[1.8168,48.97532],[1.81622,48.9752],[1.81578,48.97525],[1.81538,48.9754],[1.8151,48.97587]]}},
{"type":"Feature","properties":{"NOM":"La Seine","ETAT":1,"CODE_MODIF":0,"DATE_MODIF":null,"MODIFICATI":null,"RAPPORT_UR":null,"ID_NOM":"N0015","ID_TRONCON":"T0139","ID_COURSDE":"N0015T0139","ORIGINE1":"SCAN25","BCAE":"oui","ZNT":"oui"},"geometry":{"type":"LineString","coordinates":[[1.814,48.97546],[1.80915,48.97444],[1.80724,48.97399],[1.80329,48.9728],[1.80002,48.97216],[1.79873,48.97179],[1.79648,48.97133],[1.79329,48.97028],[1.79158,48.96983]]}},
{"type":"Feature","properties":{"NOM":"La Seine","ETAT":1,"CODE_MODIF":0,"DATE_MODIF":null,"MODIFICATI":null,"RAPPORT_UR":null,"ID_NOM":"N0015","ID_TRONCON":"T0140","ID_COURSDE":"N0015T0140","ORIGINE1":"SCAN25","BCAE":"oui","ZNT":"oui"},"geometry":{"type":"LineString","coordinates":[[1.77645,48.96647],[1.77584,48.96642],[1.77386,48.96641],[1.77045,48.96648],[1.75842,48.96706],[1.7548,48.96717],[1.75323,48.96743],[1.75124,48.96792],[1.74898,48.96867],[1.74567,48.97027],[1.74437,48.97108],[1.74265,48.97228],[1.7423,48.97309],[1.74173,48.97479],[1.74117,48.97564],[1.74076,48.97618],[1.73972,48.97698],[1.73766,48.9785],[1.73649,48.97944],[1.73531,48.9806],[1.73426,48.9819],[1.73322,48.98333],[1.7315,48.98489],[1.72962,48.98759],[1.72844,48.9892],[1.72802,48.98992],[1.72761,48.9905],[1.72623,48.99144],[1.72554,48.99206],[1.72414,48.9939],[1.7231,48.99493],[1.72262,48.99551],[1.7222,48.99618],[1.72171,48.99721],[1.71797,48.99566],[1.71908,48.99446],[1.72164,48.9915],[1.72227,48.99065],[1.72234,48.99043],[1.72304,48.98944],[1.72381,48.9886],[1.7245,48.98792],[1.72609,48.98608],[1.72734,48.98451],[1.72831,48.98281],[1.72894,48.98138],[1.73005,48.97999],[1.73122,48.97892],[1.73489,48.9762],[1.73778,48.97441],[1.73929,48.97361],[1.74087,48.97286],[1.74237,48.97232],[1.74265,48.97228]]}},
{"type":"Feature","properties":{"NOM":"La Seine","ETAT":1,"CODE_MODIF":0,"DATE_MODIF":null,"MODIFICATI":null,"RAPPORT_UR":null,"ID_NOM":"N0015","ID_TRONCON":"T0141","ID_COURSDE":"N0015T0141","ORIGINE1":"SCAN25","BCAE":"oui","ZNT":"oui"},"geometry":{"type":"LineString","coordinates":[[1.72171,48.99721],[1.721,48.99905],[1.72052,48.99981],[1.71941,49.00097],[1.71831,49.00191],[1.71645,49.0033],[1.71486,49.00437],[1.7123,49.00602],[1.71051,49.00727],[1.70948,49.0079],[1.70811,49.00852],[1.70639,49.00909],[1.70392,49.0098],[1.70242,49.01006],[1.70132,49.0101]]}},
{"type":"Feature","properties":{"NOM":"La Seine","ETAT":1,"CODE_MODIF":0,"DATE_MODIF":null,"MODIFICATI":null,"RAPPORT_UR":null,"ID_NOM":"N0015","ID_TRONCON":"T0142","ID_COURSDE":"N0015T0142","ORIGINE1":"SCAN25","BCAE":"oui","ZNT":"oui"},"geometry":{"type":"LineString","coordinates":[[1.70132,49.0101],[1.6988,49.00977],[1.69763,49.0095]]}},
{"type":"Feature","properties":{"NOM":"La Seine","ETAT":1,"CODE_MODIF":0,"DATE_MODIF":null,"MODIFICATI":null,"RAPPORT_UR":null,"ID_NOM":"N0015","ID_TRONCON":"T0143","ID_COURSDE":"N0015T0143","ORIGINE1":"SCAN25","BCAE":"oui","ZNT":"oui"},"geometry":{"type":"LineString","coordinates":[[1.69688,49.00949],[1.6964,49.00934],[1.69504,49.00925],[1.69333,49.00924],[1.69066,49.00949],[1.68629,49.00947],[1.68117,49.00922],[1.66867,49.00807],[1.66622,49.00779],[1.66588,49.00778],[1.66369,49.00827],[1.66135,49.00888],[1.65999,49.00901]]}},
{"type":"Feature","properties":{"NOM":"La Seine","ETAT":1,"CODE_MODIF":0,"DATE_MODIF":null,"MODIFICATI":null,"RAPPORT_UR":null,"ID_NOM":"N0015","ID_TRONCON":"T0144","ID_COURSDE":"N0015T0144","ORIGINE1":"SCAN25","BCAE":"oui","ZNT":"oui"},"geometry":{"type":"LineString","coordinates":[[1.69895,49.06162],[1.6991,49.06094],[1.69912,49.05964],[1.69885,49.0586],[1.69872,49.05838],[1.69826,49.05697],[1.69779,49.05621],[1.69732,49.05558],[1.69712,49.05539],[1.69665,49.05481],[1.69556,49.05377],[1.6936,49.05219],[1.69245,49.05151],[1.69048,49.05055],[1.68876,49.04987],[1.68556,49.04881],[1.68148,49.04766],[1.67677,49.0466],[1.67221,49.04572],[1.66612,49.04475],[1.66578,49.04475],[1.66653,49.0452],[1.66774,49.04633],[1.66896,49.04705],[1.67115,49.04805],[1.67265,49.04856],[1.67449,49.04893],[1.67708,49.04935],[1.67967,49.04986],[1.68301,49.05074],[1.68587,49.05165],[1.68764,49.05233],[1.68954,49.05324],[1.69029,49.0537],[1.69097,49.05406],[1.69097,49.05415],[1.69117,49.05424],[1.69205,49.05487],[1.6932,49.05623],[1.69447,49.05821],[1.69555,49.05953],[1.69602,49.06034],[1.69641,49.0616],[1.69639,49.06295],[1.69632,49.06322],[1.69631,49.06394],[1.69644,49.06502],[1.69691,49.06565],[1.6969,49.06619],[1.69593,49.06699],[1.69408,49.06738],[1.69243,49.06796],[1.6903,49.06925],[1.68981,49.06974],[1.68905,49.07086],[1.68484,49.07295],[1.68249,49.07438],[1.68201,49.07461],[1.68098,49.07518],[1.67967,49.07585],[1.67651,49.07673],[1.67534,49.07736],[1.67424,49.07784],[1.67319,49.07838],[1.67258,49.0786],[1.66935,49.07921],[1.66881,49.07925],[1.66724,49.07888]]}},
{"type":"Feature","properties":{"NOM":"La Seine","ETAT":1,"CODE_MODIF":0,"DATE_MODIF":null,"MODIFICATI":null,"RAPPORT_UR":null,"ID_NOM":"N0015","ID_TRONCON":"T0145","ID_COURSDE":"N0015T0145","ORIGINE1":"SCAN25","BCAE":"oui","ZNT":"oui"},"geometry":{"type":"LineString","coordinates":[[1.68187,49.0747],[1.68002,49.07495],[1.6779,49.07502],[1.67769,49.07516],[1.6768,49.0756],[1.6746,49.0764],[1.67357,49.07666],[1.67082,49.07705],[1.66951,49.07758],[1.66903,49.07785],[1.66799,49.07853],[1.66724,49.07888],[1.66367,49.07953],[1.66285,49.0797],[1.6612,49.08056],[1.65982,49.08122],[1.65913,49.0814],[1.65597,49.08151],[1.65275,49.08194],[1.65097,49.08184],[1.6494,49.0816],[1.64852,49.08128],[1.64791,49.08074],[1.64758,49.08024],[1.64676,49.0797],[1.64615,49.07938],[1.64615,49.07934],[1.64636,49.07929],[1.64902,49.07935],[1.65245,49.07906],[1.65774,49.07837],[1.66123,49.07781],[1.66404,49.07724],[1.66898,49.0761],[1.66926,49.0761],[1.66951,49.07758]]}},
{"type":"Feature","properties":{"NOM":"La Seine","ETAT":1,"CODE_MODIF":0,"DATE_MODIF":null,"MODIFICATI":null,"RAPPORT_UR":null,"ID_NOM":"N0015","ID_TRONCON":"T0146","ID_COURSDE":"N0015T0146","ORIGINE1":"SCAN25","BCAE":"oui","ZNT":"oui"},"geometry":{"type":"LineString","coordinates":[[1.6779,49.07502],[1.67757,49.07448],[1.67407,49.07536],[1.67124,49.07589],[1.66926,49.0761]]}},
{"type":"Feature","properties":{"NOM":"La Seine","ETAT":1,"CODE_MODIF":0,"DATE_MODIF":null,"MODIFICATI":null,"RAPPORT_UR":null,"ID_NOM":"N0015","ID_TRONCON":"T0147","ID_COURSDE":"N0015T0147","ORIGINE1":"SCAN25","BCAE":"oui","ZNT":"oui"},"geometry":{"type":"LineString","coordinates":[[1.69638,49.06443],[1.69575,49.06483],[1.69527,49.06532],[1.69424,49.06604],[1.69039,49.06772],[1.68921,49.06835],[1.68846,49.06879],[1.68701,49.06982],[1.68541,49.07089],[1.68355,49.07191],[1.68224,49.07258],[1.67963,49.07369],[1.67757,49.07448]]}},
{"type":"Feature","properties":{"NOM":"La Seine","ETAT":1,"CODE_MODIF":0,"DATE_MODIF":null,"MODIFICATI":null,"RAPPORT_UR":null,"ID_NOM":"N0015","ID_TRONCON":"T0148","ID_COURSDE":"N0015T0148","ORIGINE1":"SCAN25","BCAE":"oui","ZNT":"oui"},"geometry":{"type":"LineString","coordinates":[[1.61916,49.02895],[1.62045,49.03003],[1.62275,49.03166],[1.61906,49.03043],[1.61791,49.02997],[1.61709,49.02943],[1.6148,49.02726],[1.61373,49.0259],[1.61326,49.02505],[1.61287,49.02387],[1.61284,49.02157],[1.61437,49.02401],[1.61598,49.02587],[1.61916,49.02895]]}},
{"type":"Feature","properties":{"NOM":"La Seine","ETAT":1,"CODE_MODIF":0,"DATE_MODIF":null,"MODIFICATI":null,"RAPPORT_UR":null,"ID_NOM":"N0015","ID_TRONCON":"T0149","ID_COURSDE":"N0015T0149","ORIGINE1":"SCAN25","BCAE":"oui","ZNT":"oui"},"geometry":{"type":"LineString","coordinates":[[1.62275,49.03166],[1.62506,49.03266],[1.62873,49.03418],[1.6326,49.0355],[1.6354,49.0361],[1.63976,49.0368],[1.64344,49.03754],[1.64897,49.03898],[1.65313,49.04022],[1.65605,49.04127],[1.6602,49.04313],[1.66231,49.04386],[1.66578,49.04475]]}},
{"type":"Feature","properties":{"NOM":"La Seine","ETAT":1,"CODE_MODIF":0,"DATE_MODIF":null,"MODIFICATI":null,"RAPPORT_UR":null,"ID_NOM":"N0015","ID_TRONCON":"T0150","ID_COURSDE":"N0015T0150","ORIGINE1":"SCAN25","BCAE":"oui","ZNT":"oui"},"geometry":{"type":"LineString","coordinates":[[1.64866,49.00718],[1.64805,49.00678],[1.64751,49.00659],[1.64682,49.0065],[1.6456,49.00645],[1.64423,49.00662],[1.6417,49.00683],[1.6402,49.00659],[1.63965,49.00659],[1.63731,49.00698],[1.63574,49.00688],[1.63478,49.00688],[1.62896,49.00801],[1.6278,49.00818],[1.62656,49.00858],[1.62492,49.00889],[1.6241,49.00924],[1.62354,49.00964],[1.6232,49.01013],[1.62306,49.01045],[1.62354,49.01027],[1.62566,49.00965],[1.62724,49.00935],[1.62881,49.00927],[1.62983,49.00919],[1.631,49.00865],[1.63155,49.00857],[1.63299,49.00857],[1.63544,49.00872],[1.64038,49.00826],[1.64278,49.00787],[1.64401,49.00788],[1.64905,49.00817],[1.65226,49.00851],[1.65458,49.00865],[1.65574,49.00893],[1.65792,49.00921],[1.65908,49.00923],[1.65999,49.00901],[1.65958,49.00882],[1.65731,49.00872],[1.65357,49.00793],[1.65282,49.00761],[1.65221,49.00743],[1.65077,49.00737],[1.64866,49.00718],[1.64866,49.00741],[1.64906,49.00754],[1.6492,49.00768],[1.64905,49.00817]]}},
{"type":"Feature","properties":{"NOM":"La Seine","ETAT":1,"CODE_MODIF":0,"DATE_MODIF":null,"MODIFICATI":null,"RAPPORT_UR":null,"ID_NOM":"N0015","ID_TRONCON":"T0151","ID_COURSDE":"N0015T0151","ORIGINE1":"SCAN25","BCAE":"oui","ZNT":"oui"},"geometry":{"type":"LineString","coordinates":[[1.62306,49.01045],[1.62292,49.01063],[1.62166,49.01147],[1.62077,49.01201],[1.61994,49.01232],[1.61891,49.0128],[1.61829,49.01325],[1.61794,49.01383],[1.61766,49.0141],[1.61566,49.01544],[1.61511,49.01588],[1.61469,49.01642],[1.61392,49.01767],[1.61385,49.0183],[1.61404,49.01884],[1.61497,49.02087],[1.61637,49.02321],[1.61731,49.02444],[1.61852,49.02593],[1.61974,49.02693],[1.62069,49.02743],[1.62197,49.02842],[1.62197,49.02887],[1.62134,49.02941],[1.62045,49.03003]]}},
{"type":"Feature","properties":{"NOM":"La Seine","ETAT":1,"CODE_MODIF":0,"DATE_MODIF":null,"MODIFICATI":null,"RAPPORT_UR":null,"ID_NOM":"N0015","ID_TRONCON":"T0152","ID_COURSDE":"N0015T0152","ORIGINE1":"SCAN25","BCAE":"oui","ZNT":"oui"},"geometry":{"type":"LineString","coordinates":[[1.6278,49.00818],[1.62732,49.00809],[1.62582,49.00808],[1.62356,49.00864],[1.62308,49.00869],[1.6224,49.00837],[1.62166,49.00782],[1.6189,49.00848],[1.61746,49.00906],[1.61656,49.00959],[1.61553,49.01044],[1.61463,49.01147],[1.61386,49.0125],[1.6126,49.01465],[1.61238,49.01546],[1.61216,49.01649],[1.61207,49.01833],[1.6122,49.01883],[1.61226,49.01964],[1.61232,49.01977],[1.61245,49.02036],[1.61278,49.02126],[1.61284,49.02157]]}},
{"type":"Feature","properties":{"NOM":"La Seine","ETAT":1,"CODE_MODIF":0,"DATE_MODIF":null,"MODIFICATI":null,"RAPPORT_UR":null,"ID_NOM":"N0015","ID_TRONCON":"T0153","ID_COURSDE":"N0015T0153","ORIGINE1":"SCAN25","BCAE":"oui","ZNT":"oui"},"geometry":{"type":"LineString","coordinates":[[1.66588,49.00778],[1.66451,49.0076],[1.66029,49.00685],[1.6575,49.00615],[1.65442,49.00546],[1.65122,49.00495],[1.64406,49.00415],[1.64119,49.00399],[1.63866,49.00393],[1.63654,49.00409],[1.63502,49.00435],[1.63283,49.00497],[1.62817,49.0062],[1.62234,49.0076],[1.62166,49.00782]]}},
{"type":"Feature","properties":{"NOM":"La Seine","ETAT":1,"CODE_MODIF":0,"DATE_MODIF":null,"MODIFICATI":null,"RAPPORT_UR":null,"ID_NOM":"N0015","ID_TRONCON":"T0154","ID_COURSDE":"N0015T0154","ORIGINE1":"SCAN25","BCAE":"oui","ZNT":"oui"},"geometry":{"type":"LineString","coordinates":[[1.64615,49.07934],[1.64554,49.07924],[1.64075,49.07935],[1.63349,49.07917],[1.63198,49.07908],[1.63028,49.07871],[1.62926,49.07833],[1.62219,49.07496],[1.61504,49.07168],[1.61348,49.07068],[1.61233,49.06986],[1.61038,49.06796],[1.6099,49.06742],[1.60917,49.06612],[1.60897,49.06549],[1.60844,49.0644],[1.60845,49.06422],[1.60805,49.06305],[1.60718,49.06192],[1.60583,49.06042],[1.60563,49.06011],[1.60476,49.05912],[1.60408,49.05826],[1.60368,49.05785],[1.60368,49.05781],[1.60348,49.05767],[1.60294,49.05717],[1.59989,49.05509],[1.59915,49.0545],[1.59848,49.05372],[1.59753,49.05304],[1.59617,49.05227],[1.59489,49.05141],[1.59421,49.05086],[1.59374,49.05041],[1.59354,49.0501],[1.59266,49.04924],[1.59192,49.04874],[1.58459,49.04464],[1.58372,49.04373],[1.58276,49.04355],[1.58072,49.04286],[1.57882,49.04204],[1.57882,49.04227],[1.57895,49.04267],[1.57881,49.04276],[1.57724,49.04302],[1.5756,49.04247],[1.57431,49.04197],[1.57233,49.04133],[1.56995,49.04046],[1.56682,49.03926],[1.56587,49.03885],[1.56492,49.03857],[1.56328,49.03838],[1.56185,49.0381],[1.55741,49.03749],[1.55578,49.03735],[1.55564,49.0373],[1.55578,49.03721],[1.55688,49.03681],[1.55771,49.03624],[1.55798,49.03597],[1.55854,49.03566],[1.55963,49.03544],[1.56182,49.03518],[1.5634,49.03519],[1.56421,49.03538],[1.56646,49.03616],[1.56693,49.03625],[1.56947,49.03658],[1.57356,49.03733],[1.57492,49.03778],[1.57607,49.03838],[1.57627,49.03861]]}},
{"type":"Feature","properties":{"NOM":"La Seine","ETAT":1,"CODE_MODIF":0,"DATE_MODIF":null,"MODIFICATI":null,"RAPPORT_UR":null,"ID_NOM":"N0015","ID_TRONCON":"T0155","ID_COURSDE":"N0015T0155","ORIGINE1":"SCAN25","BCAE":"oui","ZNT":"oui"},"geometry":{"type":"LineString","coordinates":[[1.58459,49.04464],[1.58275,49.04445],[1.58118,49.04412],[1.57724,49.04302]]}},
{"type":"Feature","properties":{"NOM":"La Seine","ETAT":1,"CODE_MODIF":0,"DATE_MODIF":null,"MODIFICATI":null,"RAPPORT_UR":null,"ID_NOM":"N0015","ID_TRONCON":"T0156","ID_COURSDE":"N0015T0156","ORIGINE1":"SCAN25","BCAE":"oui","ZNT":"oui"},"geometry":{"type":"LineString","coordinates":[[1.58372,49.04373],[1.58352,49.04337],[1.58311,49.04297],[1.58271,49.04247],[1.5821,49.04197],[1.58061,49.04124],[1.57959,49.0407],[1.57858,49.03997],[1.57729,49.03916],[1.57627,49.03861],[1.57667,49.03983],[1.5772,49.04059],[1.57781,49.04136],[1.57882,49.04204]]}},
{"type":"Feature","properties":{"NOM":"La Seine","ETAT":1,"CODE_MODIF":0,"DATE_MODIF":null,"MODIFICATI":null,"RAPPORT_UR":null,"ID_NOM":"N0015","ID_TRONCON":"T0157","ID_COURSDE":"N0015T0157","ORIGINE1":"SCAN25","BCAE":"oui","ZNT":"oui"},"geometry":{"type":"LineString","coordinates":[[1.55564,49.0373],[1.55311,49.03773],[1.55131,49.0379],[1.54933,49.03825],[1.54686,49.03881],[1.54514,49.03939],[1.54315,49.04018],[1.54128,49.04125],[1.53852,49.04298],[1.53685,49.04432],[1.53532,49.0457],[1.53338,49.04771],[1.53275,49.04829],[1.53199,49.04914],[1.53179,49.04842],[1.53146,49.04788],[1.53147,49.04716],[1.53161,49.04707],[1.53217,49.04613],[1.53613,49.04225],[1.53843,49.03992],[1.5425,49.03756],[1.54333,49.03716],[1.54594,49.03628],[1.54765,49.03602],[1.54917,49.03514],[1.54987,49.03492],[1.55192,49.03448],[1.55446,49.03419],[1.55623,49.0342],[1.55678,49.03434],[1.55732,49.03466],[1.55813,49.03547],[1.55854,49.03566]]}},
{"type":"Feature","properties":{"NOM":"La Seine","ETAT":1,"CODE_MODIF":0,"DATE_MODIF":null,"MODIFICATI":null,"RAPPORT_UR":null,"ID_NOM":"N0015","ID_TRONCON":"T0158","ID_COURSDE":"N0015T0158","ORIGINE1":"SCAN25","BCAE":"oui","ZNT":"oui"},"geometry":{"type":"LineString","coordinates":[[1.51614,49.08014],[1.51586,49.08086],[1.51412,49.08238],[1.51288,49.08322],[1.51246,49.08371],[1.51204,49.08461],[1.51134,49.0851],[1.51031,49.08576],[1.50858,49.08697],[1.50755,49.08728],[1.50576,49.08763],[1.50254,49.08688],[1.50117,49.08705],[1.49931,49.0882],[1.49661,49.08998],[1.49461,49.09105],[1.4926,49.09234],[1.48975,49.09484],[1.48788,49.09604],[1.48698,49.09648],[1.48691,49.09662],[1.48588,49.09706],[1.48237,49.09807],[1.48134,49.09842],[1.47974,49.09908]]}},
{"type":"Feature","properties":{"NOM":"La Seine","ETAT":1,"CODE_MODIF":0,"DATE_MODIF":null,"MODIFICATI":null,"RAPPORT_UR":null,"ID_NOM":"N0015","ID_TRONCON":"T0159","ID_COURSDE":"N0015T0159","ORIGINE1":"SCAN25","BCAE":"oui","ZNT":"oui"},"geometry":{"type":"LineString","coordinates":[[1.50479,49.08789],[1.50417,49.08811],[1.50376,49.08801],[1.50252,49.0885],[1.50155,49.08894],[1.50079,49.08939],[1.49997,49.0897],[1.49976,49.08992],[1.49962,49.09019],[1.49913,49.09046],[1.49913,49.09059],[1.49927,49.09068],[1.49927,49.09077],[1.49871,49.09117],[1.49795,49.09207],[1.49739,49.09238],[1.49671,49.09255],[1.49616,49.09264],[1.49554,49.09286],[1.49499,49.09317],[1.49375,49.09357]]}},
{"type":"Feature","properties":{"NOM":"La Seine","ETAT":1,"CODE_MODIF":0,"DATE_MODIF":null,"MODIFICATI":null,"RAPPORT_UR":null,"ID_NOM":"N0015","ID_TRONCON":"T0160","ID_COURSDE":"N0015T0160","ORIGINE1":"SCAN25","BCAE":"oui","ZNT":"oui"},"geometry":{"type":"LineString","coordinates":[[1.5132,49.07617],[1.51208,49.07746],[1.51125,49.07822],[1.50945,49.07947],[1.50813,49.08067],[1.50535,49.08375],[1.50416,49.08491],[1.50242,49.08602],[1.50221,49.08625],[1.50117,49.08705]]}},
{"type":"Feature","properties":{"NOM":"La Seine","ETAT":1,"CODE_MODIF":0,"DATE_MODIF":null,"MODIFICATI":null,"RAPPORT_UR":null,"ID_NOM":"N0015","ID_TRONCON":"T0161","ID_COURSDE":"N0015T0161","ORIGINE1":"SCAN25","BCAE":"oui","ZNT":"oui"},"geometry":{"type":"LineString","coordinates":[[1.53199,49.04914],[1.53128,49.05062],[1.53121,49.05089],[1.53065,49.05192],[1.52907,49.05528],[1.52822,49.05757],[1.52751,49.05914],[1.5268,49.06084],[1.5268,49.06107]]}},
{"type":"Feature","properties":{"NOM":"La Seine","ETAT":1,"CODE_MODIF":0,"DATE_MODIF":null,"MODIFICATI":null,"RAPPORT_UR":null,"ID_NOM":"N0015","ID_TRONCON":"T0162","ID_COURSDE":"N0015T0162","ORIGINE1":"SCAN25","BCAE":"oui","ZNT":"oui"},"geometry":{"type":"LineString","coordinates":[[1.47781,49.10383],[1.47864,49.10325],[1.47878,49.10321],[1.47919,49.10321],[1.4798,49.1034],[1.48015,49.10335],[1.48049,49.10322],[1.48084,49.103],[1.4816,49.10242],[1.48188,49.10233],[1.48283,49.10229],[1.4829,49.10225],[1.48291,49.10198],[1.48271,49.10166],[1.48265,49.10126],[1.483,49.10108],[1.4839,49.10086],[1.48479,49.10051],[1.48521,49.10042],[1.48548,49.10025],[1.48556,49.09993],[1.48543,49.0993],[1.48454,49.0993],[1.4827,49.09897],[1.48269,49.09919],[1.48282,49.09955],[1.48282,49.09996],[1.4817,49.10035],[1.4806,49.10106],[1.48005,49.10129],[1.47963,49.10155],[1.47942,49.10182],[1.47852,49.10235],[1.47803,49.10289],[1.47776,49.10302]]}},
{"type":"Feature","properties":{"NOM":"La Seine","ETAT":1,"CODE_MODIF":0,"DATE_MODIF":null,"MODIFICATI":null,"RAPPORT_UR":null,"ID_NOM":"N0015","ID_TRONCON":"T0163","ID_COURSDE":"N0015T0163","ORIGINE1":"SCAN25","BCAE":"oui","ZNT":"oui"},"geometry":{"type":"LineString","coordinates":[[1.4827,49.09897],[1.48147,49.09891],[1.47974,49.09908],[1.4785,49.0997],[1.47705,49.10059],[1.4773,49.10185],[1.47776,49.10302],[1.47775,49.10361],[1.47781,49.10383],[1.47767,49.1041],[1.47552,49.1062],[1.47412,49.10798],[1.47271,49.10928],[1.47209,49.10963],[1.47147,49.10985],[1.46831,49.11082],[1.46693,49.11157],[1.46499,49.11281],[1.46429,49.11339],[1.46422,49.11357],[1.46353,49.11429],[1.4601,49.11742],[1.45962,49.11795],[1.45906,49.11849],[1.4574,49.11973],[1.45691,49.12031],[1.45663,49.12076],[1.45607,49.12129],[1.45531,49.12183],[1.45372,49.12258],[1.45026,49.1239],[1.4502,49.12368],[1.44999,49.1235],[1.44932,49.12304],[1.44877,49.12299],[1.44767,49.12312],[1.44678,49.12329],[1.44602,49.12365],[1.44366,49.1252],[1.44276,49.12591],[1.442,49.12645],[1.44054,49.12765],[1.43831,49.12898],[1.4383,49.12974],[1.43843,49.13001],[1.43903,49.13092],[1.4395,49.13177],[1.43647,49.13438]]}},
{"type":"Feature","properties":{"NOM":"La Seine","ETAT":1,"CODE_MODIF":0,"DATE_MODIF":null,"MODIFICATI":null,"RAPPORT_UR":null,"ID_NOM":"N0015","ID_TRONCON":"T0164","ID_COURSDE":"N0015T0164","ORIGINE1":"SCAN25","BCAE":"oui","ZNT":"oui"},"geometry":{"type":"LineString","coordinates":[[1.47705,49.10059],[1.4758,49.10152],[1.47496,49.10237],[1.47356,49.10425],[1.47272,49.10555],[1.47116,49.10814],[1.47018,49.10926],[1.46934,49.11011],[1.46858,49.11064],[1.46858,49.11073]]}},
{"type":"Feature","properties":{"NOM":"La Seine","ETAT":1,"CODE_MODIF":0,"DATE_MODIF":null,"MODIFICATI":null,"RAPPORT_UR":null,"ID_NOM":"N0015","ID_TRONCON":"T0165","ID_COURSDE":"N0015T0165","ORIGINE1":"SCAN25","BCAE":"oui","ZNT":"oui"},"geometry":{"type":"LineString","coordinates":[[1.48691,49.09662],[1.48655,49.09801],[1.48591,49.0989],[1.48543,49.0993]]}},
{"type":"Feature","properties":{"NOM":"La Seine","ETAT":1,"CODE_MODIF":0,"DATE_MODIF":null,"MODIFICATI":null,"RAPPORT_UR":null,"ID_NOM":"N0015","ID_TRONCON":"T0166","ID_COURSDE":"N0015T0166","ORIGINE1":"SCAN25","BCAE":"oui","ZNT":"oui"},"geometry":{"type":"LineString","coordinates":[[1.43831,49.12898],[1.43647,49.1302]]}},
{"type":"Feature","properties":{"NOM":"La Seine","ETAT":1,"CODE_MODIF":0,"DATE_MODIF":null,"MODIFICATI":null,"RAPPORT_UR":null,"ID_NOM":"N0015","ID_TRONCON":"T0167","ID_COURSDE":"N0015T0167","ORIGINE1":"SCAN25","BCAE":"oui","ZNT":"oui"},"geometry":{"type":"LineString","coordinates":[[1.45026,49.1239],[1.45019,49.12426],[1.4499,49.12466],[1.44983,49.12493],[1.44969,49.1252],[1.44768,49.12644],[1.44651,49.12706],[1.44159,49.13022],[1.4395,49.13177]]}},
{"type":"Feature","properties":{"NOM":"La Seine","ETAT":1,"CODE_MODIF":0,"DATE_MODIF":null,"MODIFICATI":null,"RAPPORT_UR":null,"ID_NOM":"N0015","ID_TRONCON":"T0168","ID_COURSDE":"N0015T0168","ORIGINE1":"SCAN25","BCAE":"oui","ZNT":"oui"},"geometry":{"type":"LineString","coordinates":[[1.46429,49.11339],[1.46409,49.11339],[1.46333,49.1137],[1.46015,49.11467],[1.45836,49.1156],[1.45552,49.11728],[1.45373,49.11817],[1.45187,49.11887],[1.4509,49.1194],[1.44993,49.12008],[1.44894,49.12102],[1.44789,49.12222],[1.44678,49.1232],[1.44678,49.12329]]}},
{"type":"Feature","properties":{"NOM":"La Seine","ETAT":1,"CODE_MODIF":0,"DATE_MODIF":null,"MODIFICATI":null,"RAPPORT_UR":null,"ID_NOM":"N0015","ID_TRONCON":"T0169","ID_COURSDE":"N0015T0169","ORIGINE1":"SCAN25","BCAE":"oui","ZNT":"oui"},"geometry":{"type":"LineString","coordinates":[[1.61736,49.07274],[1.61968,49.0704],[1.62906,49.0754]]}},
{"type":"Feature","properties":{"NOM":"La Seine","ETAT":1,"CODE_MODIF":0,"DATE_MODIF":null,"MODIFICATI":null,"RAPPORT_UR":null,"ID_NOM":"N0015","ID_TRONCON":"T0170","ID_COURSDE":"N0015T0170","ORIGINE1":"SCAN25","BCAE":"oui","ZNT":"oui"},"geometry":{"type":"LineString","coordinates":[[1.61968,49.0704],[1.61624,49.06831]]}},
{"type":"Feature","properties":{"NOM":"La Seine","ETAT":1,"CODE_MODIF":0,"DATE_MODIF":null,"MODIFICATI":null,"RAPPORT_UR":null,"ID_NOM":"N0015","ID_TRONCON":"T0171","ID_COURSDE":"N0015T0171","ORIGINE1":"SCAN25","BCAE":"oui","ZNT":"oui"},"geometry":{"type":"LineString","coordinates":[[1.94407,49.00656],[1.94256,49.00668],[1.9399,49.00663],[1.93662,49.00639],[1.93512,49.00616],[1.92728,49.00447],[1.92466,49.00382],[1.91962,49.00382],[1.91894,49.00377],[1.91689,49.00345],[1.91396,49.00308],[1.91314,49.00303],[1.9117,49.0033],[1.91075,49.00338],[1.90945,49.00342],[1.90692,49.00315],[1.90638,49.00306],[1.90707,49.0026],[1.90769,49.00184],[1.90844,49.00139],[1.90865,49.0013],[1.90969,49.00121],[1.91193,49.00127],[1.91323,49.00125],[1.91295,49.00113],[1.91186,49.00086],[1.90566,48.9994],[1.90259,48.99881],[1.90156,48.99835],[1.89972,48.99776],[1.89597,48.99685],[1.89556,48.99671],[1.89031,48.99624],[1.88942,48.99602],[1.88819,48.99592],[1.88758,48.99574],[1.88683,48.99546],[1.88223,48.99392],[1.8848,48.99392],[1.88691,48.99425],[1.8878,48.99447],[1.89304,48.99558],[1.894,48.9959],[1.89542,48.99653],[1.89556,48.99671]]}},
{"type":"Feature","properties":{"NOM":"La Seine","ETAT":1,"CODE_MODIF":0,"DATE_MODIF":null,"MODIFICATI":null,"RAPPORT_UR":null,"ID_NOM":"N0015","ID_TRONCON":"T0172","ID_COURSDE":"N0015T0172","ORIGINE1":"SCAN25","BCAE":"oui","ZNT":"oui"},"geometry":{"type":"LineString","coordinates":[[1.97758,48.99525],[1.97532,48.99728],[1.97245,48.99912],[1.96959,49.00042],[1.96529,49.00365],[1.96345,49.00459],[1.96079,49.00535],[1.95835,49.00578],[1.95733,49.00588],[1.95373,49.00659],[1.94977,49.00773],[1.94855,49.00784],[1.94663,49.0077],[1.94562,49.0074],[1.94407,49.00656]]}},
{"type":"Feature","properties":{"NOM":"La Seine","ETAT":1,"CODE_MODIF":0,"DATE_MODIF":null,"MODIFICATI":null,"RAPPORT_UR":null,"ID_NOM":"N0015","ID_TRONCON":"T0173","ID_COURSDE":"N0015T0173","ORIGINE1":"SCAN25","BCAE":"oui","ZNT":"oui"},"geometry":{"type":"LineString","coordinates":[[1.83658,48.98482],[1.83576,48.98455],[1.83167,48.98259],[1.82637,48.98041],[1.82134,48.97842],[1.8191,48.97742],[1.81454,48.97565],[1.814,48.97546],[1.814,48.97528],[1.81278,48.9737],[1.81265,48.97334],[1.81265,48.97316],[1.81252,48.97293],[1.81218,48.97257],[1.81144,48.97212],[1.81021,48.97166],[1.80727,48.97098],[1.804,48.97006],[1.80108,48.96929],[1.80012,48.96915],[1.79944,48.96914],[1.79766,48.96927],[1.79647,48.96953],[1.79158,48.96983],[1.78906,48.96941],[1.78736,48.9689],[1.78346,48.9675],[1.77916,48.96668],[1.77645,48.96647]]}},
{"type":"Feature","properties":{"NOM":"La Seine","ETAT":1,"CODE_MODIF":0,"DATE_MODIF":null,"MODIFICATI":null,"RAPPORT_UR":null,"ID_NOM":"N0015","ID_TRONCON":"T0174","ID_COURSDE":"N0015T0174","ORIGINE1":"SCAN25","BCAE":"oui","ZNT":"oui"},"geometry":{"type":"LineString","coordinates":[[1.70132,49.0101],[1.70036,49.01086],[1.69912,49.0113],[1.6987,49.01134],[1.69781,49.01125],[1.69747,49.01093],[1.69748,49.0108],[1.69728,49.01008],[1.69688,49.00949]]}},
{"type":"Feature","properties":{"NOM":"La Seine","ETAT":1,"CODE_MODIF":0,"DATE_MODIF":null,"MODIFICATI":null,"RAPPORT_UR":null,"ID_NOM":"N0015","ID_TRONCON":"T0175","ID_COURSDE":"N0015T0175","ORIGINE1":"SCAN25","BCAE":"oui","ZNT":"oui"},"geometry":{"type":"LineString","coordinates":[[1.69688,49.00949],[1.69763,49.0095],[1.69826,49.00936],[1.69963,49.00888],[1.70135,49.00803],[1.70321,49.007],[1.70513,49.00607],[1.70726,49.00522],[1.70897,49.00447],[1.71049,49.00349],[1.71139,49.00282],[1.71313,49.00126],[1.71472,48.99947],[1.71513,48.99888],[1.71638,48.99732],[1.71777,48.99584],[1.71797,48.99566]]}},
{"type":"Feature","properties":{"NOM":"La Seine","ETAT":1,"CODE_MODIF":0,"DATE_MODIF":null,"MODIFICATI":null,"RAPPORT_UR":null,"ID_NOM":"N0015","ID_TRONCON":"T0176","ID_COURSDE":"N0015T0176","ORIGINE1":"SCAN25","BCAE":"oui","ZNT":"oui"},"geometry":{"type":"LineString","coordinates":[[1.74768,48.97704],[1.74173,48.97479]]}},
{"type":"Feature","properties":{"NOM":"La Seine","ETAT":1,"CODE_MODIF":0,"DATE_MODIF":null,"MODIFICATI":null,"RAPPORT_UR":null,"ID_NOM":"N0015","ID_TRONCON":"T0177","ID_COURSDE":"N0015T0177","ORIGINE1":"SCAN25","BCAE":"oui","ZNT":"oui"},"geometry":{"type":"LineString","coordinates":[[1.7423,48.97309],[1.74553,48.97249],[1.75168,48.97036],[1.75341,48.97014],[1.7559,48.9707],[1.75929,48.97056]]}},
{"type":"Feature","properties":{"NOM":"La Seine","ETAT":1,"CODE_MODIF":0,"DATE_MODIF":null,"MODIFICATI":null,"RAPPORT_UR":null,"ID_NOM":"N0015","ID_TRONCON":"T0178","ID_COURSDE":"N0015T0178","ORIGINE1":"SCAN25","BCAE":"oui","ZNT":"oui"},"geometry":{"type":"LineString","coordinates":[[1.64852,49.08128],[1.64675,49.08139],[1.6466,49.08147],[1.64602,49.08142],[1.64563,49.08147],[1.64487,49.0815],[1.64443,49.08156],[1.64402,49.08155],[1.64338,49.08134],[1.64265,49.08119],[1.64126,49.08067],[1.64018,49.08035],[1.64008,49.08025],[1.64015,49.07934]]}},
{"type":"Feature","properties":{"NOM":"La Soissonne","ETAT":1,"CODE_MODIF":0,"DATE_MODIF":null,"MODIFICATI":null,"RAPPORT_UR":null,"ID_NOM":"N0016","ID_TRONCON":"T0179","ID_COURSDE":"N0016T0179","ORIGINE1":"SCAN25","BCAE":"oui","ZNT":"oui"},"geometry":{"type":"LineString","coordinates":[[2.06075,49.19402],[2.06171,49.19424],[2.06208,49.19437],[2.06232,49.19442],[2.06282,49.19449],[2.06333,49.1945],[2.06382,49.19459],[2.06419,49.1946],[2.06443,49.19465],[2.06456,49.19462],[2.06463,49.1944],[2.06485,49.19411],[2.06546,49.19407],[2.06717,49.19355],[2.06822,49.19353],[2.06967,49.19357],[2.07042,49.19352],[2.07105,49.19363],[2.07292,49.19379],[2.073,49.19383],[2.07297,49.19407],[2.07833,49.19402],[2.07848,49.194],[2.07864,49.19416],[2.07873,49.19418],[2.08009,49.19375],[2.0814,49.19311],[2.08293,49.19243],[2.08392,49.19215],[2.08467,49.19214],[2.08518,49.19195],[2.08585,49.19155],[2.08643,49.19125],[2.08844,49.19098],[2.08906,49.1908],[2.09009,49.19072],[2.09072,49.19083],[2.09127,49.19097],[2.0917,49.19102],[2.09252,49.19095],[2.09352,49.19078],[2.09521,49.19025],[2.09618,49.19016],[2.0974,49.18985],[2.09822,49.18946],[2.09958,49.18875],[2.09978,49.18857],[2.1005,49.18776],[2.10081,49.18753],[2.10163,49.18741],[2.10168,49.18722],[2.10184,49.18704],[2.10193,49.18675],[2.10218,49.18639],[2.10234,49.18589]]}},
{"type":"Feature","properties":{"NOM":"La Thève","ETAT":2,"CODE_MODIF":0,"DATE_MODIF":null,"MODIFICATI":null,"RAPPORT_UR":null,"ID_NOM":"N0017","ID_TRONCON":"T0180","ID_COURSDE":"N0017T0180","ORIGINE1":"SCAN25","BCAE":"non","ZNT":"oui"},"geometry":{"type":"LineString","coordinates":[[2.6531,49.06889],[2.6531,49.06903],[2.65324,49.0693],[2.6538,49.07118],[2.65387,49.07127],[2.65443,49.07329],[2.65422,49.07352],[2.65252,49.07465],[2.65238,49.07483],[2.65239,49.07518],[2.65246,49.07532],[2.65246,49.0759],[2.65232,49.07635],[2.65246,49.07676],[2.65364,49.07864],[2.65454,49.08035],[2.65496,49.08206],[2.65503,49.08215],[2.65511,49.08413],[2.65518,49.08435],[2.65525,49.0853],[2.65614,49.08583],[2.65656,49.08624],[2.65759,49.0874],[2.6578,49.08794],[2.6578,49.08879],[2.65747,49.08987],[2.6574,49.09041],[2.65734,49.09055]]}},
{"type":"Feature","properties":{"NOM":"La Thève","ETAT":1,"CODE_MODIF":0,"DATE_MODIF":null,"MODIFICATI":null,"RAPPORT_UR":null,"ID_NOM":"N0017","ID_TRONCON":"T0181","ID_COURSDE":"N0017T0181","ORIGINE1":"SCAN25","BCAE":"oui","ZNT":"oui"},"geometry":{"type":"MultiLineString","coordinates":[[[2.59724,49.13045],[2.59676,49.1305],[2.59599,49.13032],[2.59538,49.13032],[2.5951,49.13037],[2.59353,49.13091],[2.59312,49.13123],[2.59313,49.13181],[2.59244,49.13208],[2.59244,49.13222],[2.59251,49.13226],[2.59258,49.13249],[2.5919,49.13289],[2.5904,49.13397],[2.58992,49.13438],[2.58835,49.1355],[2.58801,49.13582],[2.58774,49.13645],[2.58767,49.13685],[2.58727,49.1378],[2.587,49.13816],[2.58604,49.13883],[2.58529,49.13952],[2.58495,49.13956],[2.58488,49.13965],[2.58433,49.13956],[2.58399,49.13975],[2.58358,49.13979],[2.58339,49.14001],[2.5817,49.14125],[2.58171,49.1436],[2.58094,49.14766],[2.58034,49.14819],[2.57935,49.14871],[2.57676,49.14924],[2.57716,49.15081],[2.57318,49.15147],[2.56879,49.15252],[2.567,49.15371],[2.56422,49.15423],[2.56083,49.15503],[2.55944,49.15581],[2.55724,49.15555],[2.55345,49.15465],[2.55205,49.15452],[2.54567,49.15453],[2.54268,49.15401],[2.54148,49.15323],[2.54088,49.15323],[2.53809,49.15271],[2.53449,49.15193],[2.5329,49.15259],[2.5327,49.1535],[2.52972,49.15482],[2.52653,49.15495],[2.52632,49.15404],[2.52513,49.15365],[2.52253,49.15339],[2.52114,49.15339],[2.52034,49.15352],[2.51834,49.15274],[2.51653,49.15138],[2.5142,49.15138],[2.51317,49.15152],[2.51242,49.15174],[2.51201,49.15206],[2.51167,49.15201],[2.51105,49.15201],[2.51037,49.15233],[2.50982,49.15269],[2.50934,49.15318],[2.50851,49.1539],[2.50859,49.15432],[2.50852,49.15445],[2.50783,49.15495],[2.50749,49.15531],[2.50749,49.1558],[2.5077,49.1563],[2.50767,49.1567],[2.50741,49.15753],[2.50723,49.15791],[2.50684,49.1583],[2.50625,49.15856],[2.50537,49.15864],[2.50487,49.15853],[2.50385,49.15797],[2.5031,49.15775],[2.50115,49.15742],[2.49811,49.15755],[2.49421,49.15748],[2.49118,49.15695],[2.48851,49.15726],[2.48755,49.15776],[2.48636,49.15807],[2.4859,49.15808],[2.48488,49.15776],[2.4835,49.15673],[2.48289,49.15637],[2.48213,49.1561],[2.4798,49.15579],[2.47939,49.15561],[2.47809,49.15521],[2.47699,49.15467],[2.47512,49.15351],[2.47362,49.15265],[2.47286,49.15203],[2.4719,49.15157],[2.47094,49.1509],[2.47039,49.15036],[2.47025,49.15009],[2.47032,49.14955],[2.47039,49.14946],[2.47032,49.14861],[2.47011,49.1478],[2.47018,49.14685],[2.47024,49.14658],[2.47038,49.14631],[2.47086,49.14577],[2.47195,49.14492],[2.47216,49.14447],[2.47181,49.14402],[2.47126,49.14398],[2.46993,49.14435],[2.46868,49.14526],[2.46834,49.14542],[2.46808,49.14543],[2.46798,49.14537],[2.46784,49.14519],[2.46743,49.14488],[2.46682,49.14493],[2.46579,49.14475],[2.4651,49.14452],[2.46435,49.14416],[2.46346,49.1439],[2.4625,49.14372],[2.46106,49.14358],[2.45961,49.14363],[2.4581,49.14386],[2.45536,49.14368],[2.45447,49.14368],[2.4531,49.14391],[2.45262,49.14404],[2.45132,49.14427],[2.44982,49.14409],[2.44899,49.14413],[2.44735,49.14463],[2.4455,49.14477],[2.44408,49.14512],[2.4438,49.14515],[2.44312,49.14535],[2.44266,49.14541],[2.44235,49.14553],[2.442,49.14547],[2.44155,49.14562],[2.44126,49.14576],[2.44071,49.1459],[2.43983,49.1463],[2.43929,49.14636],[2.43817,49.14636],[2.43768,49.14648],[2.437,49.1467],[2.4368,49.14693],[2.43671,49.14698],[2.43605,49.14709],[2.43574,49.14723],[2.4352,49.14758],[2.43494,49.14765],[2.43424,49.14777],[2.43393,49.14794],[2.43346,49.14808],[2.43271,49.14816],[2.43247,49.14813],[2.43203,49.14828],[2.43176,49.14826],[2.43076,49.14848],[2.43017,49.14852],[2.42985,49.14864],[2.42908,49.14882],[2.42859,49.14885],[2.42745,49.14909],[2.42683,49.14914],[2.42622,49.14927],[2.4259,49.14939],[2.4247,49.1495],[2.42434,49.14951],[2.4238,49.14944],[2.42303,49.14955],[2.42261,49.14957],[2.4224,49.14953],[2.42205,49.14936],[2.42192,49.14935],[2.42179,49.14938],[2.42156,49.14953],[2.42108,49.14959],[2.42064,49.14952],[2.42017,49.14957],[2.4197,49.14942],[2.41948,49.1494],[2.41902,49.14961],[2.41862,49.14956],[2.41794,49.14964],[2.41778,49.14967],[2.41753,49.14979],[2.41738,49.14981],[2.41698,49.14964],[2.4165,49.14977],[2.4155,49.14984],[2.41546,49.15117],[2.41549,49.15181],[2.41278,49.15247],[2.41265,49.15246],[2.41243,49.15238],[2.40626,49.15206],[2.40564,49.15206],[2.40523,49.15199],[2.40432,49.15189],[2.40359,49.15172],[2.40306,49.15163],[2.40278,49.1515],[2.40247,49.15147],[2.40154,49.15118],[2.40132,49.15108],[2.40021,49.15075],[2.39992,49.15076],[2.39842,49.15048],[2.39771,49.15041],[2.39421,49.14978],[2.39175,49.14937],[2.39113,49.1493],[2.39105,49.14943],[2.38925,49.15083],[2.3849,49.15434],[2.3842,49.15498],[2.38279,49.15612],[2.38148,49.1573],[2.38077,49.15777],[2.38039,49.15798],[2.3799,49.15812],[2.37935,49.15807],[2.37902,49.15813],[2.37842,49.15828],[2.37679,49.15883],[2.37625,49.15895],[2.375,49.15913],[2.37461,49.15909],[2.37395,49.15906],[2.37373,49.15913],[2.37358,49.15922],[2.37332,49.1593],[2.37318,49.1593],[2.3729,49.15941],[2.37271,49.15941],[2.37237,49.15931],[2.37117,49.1592],[2.37085,49.15914],[2.37082,49.15908],[2.37093,49.15883],[2.3708,49.1586],[2.37069,49.15855],[2.37039,49.15859],[2.3703,49.15866],[2.37025,49.15881],[2.37015,49.15886],[2.37001,49.15878],[2.36993,49.15863],[2.36998,49.15849],[2.37016,49.15823],[2.37012,49.15804],[2.37039,49.15773],[2.37049,49.15747],[2.37045,49.15738],[2.37017,49.15708],[2.37029,49.15683],[2.37027,49.15678],[2.37015,49.15672],[2.36975,49.15686],[2.36966,49.15685],[2.36965,49.15675],[2.36976,49.15641],[2.36974,49.15629],[2.36963,49.15618],[2.36951,49.15612],[2.36931,49.15609],[2.36897,49.15622],[2.36881,49.15625],[2.36837,49.15603],[2.36775,49.15602],[2.36765,49.15595],[2.36756,49.15569],[2.3675,49.15565],[2.36736,49.15569],[2.36717,49.15583],[2.36704,49.15581],[2.36699,49.15575],[2.36695,49.15548],[2.36688,49.15537],[2.36679,49.15531],[2.36646,49.15524],[2.36639,49.1552],[2.36634,49.15479],[2.36625,49.15478],[2.36597,49.15488],[2.36592,49.15486],[2.36588,49.15481],[2.36588,49.15473],[2.36614,49.1544],[2.36622,49.15438],[2.36638,49.15449],[2.36649,49.15444],[2.36652,49.15433],[2.36641,49.15412],[2.36649,49.15398],[2.36649,49.15392],[2.3664,49.15387],[2.36621,49.15386],[2.36591,49.15396],[2.36564,49.15397],[2.36537,49.15408],[2.36522,49.15408],[2.36509,49.15402],[2.36508,49.15372],[2.36474,49.15348],[2.36493,49.15322],[2.36476,49.15306],[2.36493,49.15293],[2.36492,49.15275],[2.36486,49.15259],[2.36479,49.15252],[2.36473,49.15251],[2.36449,49.15257],[2.36435,49.15257],[2.36411,49.15252],[2.36402,49.15245],[2.36282,49.15017],[2.3627,49.15004],[2.36252,49.14993],[2.36233,49.14989],[2.36159,49.14992]],[[2.61133,49.12736],[2.60777,49.12799],[2.6062,49.1284],[2.60305,49.12886],[2.60134,49.12922],[2.60011,49.12976],[2.59909,49.13009],[2.59724,49.13045],[2.59778,49.12887],[2.59873,49.12653],[2.599,49.12608],[2.59927,49.12496],[2.59954,49.12473],[2.60015,49.12451],[2.6005,49.12424],[2.6007,49.12356],[2.60111,49.12302],[2.60145,49.12275],[2.60192,49.12253],[2.60377,49.12221],[2.60528,49.12212],[2.6061,49.12211],[2.60685,49.12216],[2.60781,49.12319],[2.60823,49.1235],[2.60987,49.12413],[2.61042,49.12462],[2.61132,49.1261],[2.6116,49.12646],[2.6116,49.12695],[2.61133,49.12736],[2.6127,49.12709],[2.61413,49.12695],[2.61504,49.12694],[2.6162,49.1269],[2.61736,49.12663],[2.61832,49.12622],[2.61914,49.12599],[2.61996,49.12594],[2.62133,49.12608],[2.62233,49.12584],[2.62318,49.12553],[2.62399,49.12477],[2.62474,49.12432],[2.62515,49.12427],[2.62577,49.12436],[2.62611,49.12449],[2.62673,49.12445],[2.62714,49.12436],[2.62728,49.12427],[2.62727,49.12368],[2.627,49.12323],[2.62679,49.12305],[2.62686,49.12274],[2.62733,49.12251],[2.62781,49.12251],[2.62829,49.1226],[2.62884,49.12255],[2.62987,49.12223],[2.63357,49.12168],[2.63535,49.12123],[2.63542,49.12114],[2.63535,49.121],[2.63541,49.12055],[2.63582,49.11947],[2.6369,49.11709],[2.6369,49.11691],[2.63703,49.1165],[2.63744,49.11623],[2.6382,49.11623],[2.63943,49.11659],[2.64018,49.11659],[2.64033,49.11655]]]}},
{"type":"Feature","properties":{"NOM":"La Thève","ETAT":2,"CODE_MODIF":0,"DATE_MODIF":null,"MODIFICATI":null,"RAPPORT_UR":null,"ID_NOM":"N0017","ID_TRONCON":"T0182","ID_COURSDE":"N0017T0182","ORIGINE1":"SCAN25","BCAE":"non","ZNT":"oui"},"geometry":{"type":"LineString","coordinates":[[2.65734,49.09055],[2.65734,49.0918],[2.65715,49.0928],[2.65769,49.09307],[2.65722,49.09357],[2.65565,49.09469],[2.65531,49.09501],[2.65519,49.0982],[2.65506,49.09847],[2.65438,49.09905],[2.65363,49.09942],[2.65247,49.09969],[2.65185,49.09987],[2.65076,49.10037],[2.64994,49.10086],[2.64981,49.10104],[2.64967,49.1014],[2.64961,49.10266],[2.64927,49.10344],[2.6488,49.10398],[2.64805,49.10452],[2.64716,49.10483],[2.64662,49.10524],[2.64621,49.10582],[2.64601,49.10672],[2.64581,49.10704],[2.64554,49.10767],[2.64534,49.10857],[2.64521,49.10974],[2.64507,49.11014],[2.64508,49.11104],[2.64536,49.11194],[2.64543,49.11243],[2.64529,49.11252],[2.64318,49.11505],[2.6425,49.11564],[2.64155,49.11618],[2.6408,49.11645],[2.64033,49.11655]]}},
{"type":"Feature","properties":{"NOM":"La Vieille Thève","ETAT":1,"CODE_MODIF":0,"DATE_MODIF":null,"MODIFICATI":null,"RAPPORT_UR":null,"ID_NOM":"N0018","ID_TRONCON":"T0183","ID_COURSDE":"N0018T0183","ORIGINE1":"SCAN25","BCAE":"oui","ZNT":"oui"},"geometry":{"type":"LineString","coordinates":[[2.47079,49.14411],[2.47058,49.14443],[2.47051,49.14501],[2.47038,49.14537],[2.46983,49.14596],[2.46915,49.14636],[2.46887,49.14645],[2.46627,49.14641],[2.46572,49.14583],[2.46517,49.14583],[2.46257,49.14601],[2.46141,49.14596],[2.46093,49.14583],[2.46072,49.14574],[2.46065,49.14543],[2.46023,49.14516],[2.45995,49.14489],[2.45906,49.14475],[2.4553,49.14498],[2.44427,49.14607],[2.44386,49.14634],[2.44008,49.14724],[2.43961,49.1472],[2.43837,49.14774],[2.42845,49.15077],[2.42652,49.15108],[2.42378,49.15122],[2.41905,49.1514],[2.4159,49.15172],[2.41549,49.15181]]}},
{"type":"Feature","properties":{"NOM":"La Viosne","ETAT":2,"CODE_MODIF":0,"DATE_MODIF":null,"MODIFICATI":null,"RAPPORT_UR":null,"ID_NOM":"N0019","ID_TRONCON":"T0184","ID_COURSDE":"N0019T0184","ORIGINE1":"SCAN25","BCAE":"non","ZNT":"oui"},"geometry":{"type":"LineString","coordinates":[[1.89825,49.19607],[1.89674,49.19646],[1.89579,49.19675],[1.89524,49.19676],[1.89464,49.19686],[1.89341,49.19714],[1.89208,49.19716],[1.88816,49.19713],[1.88013,49.19773],[1.87747,49.19768],[1.87692,49.19785],[1.87441,49.19807],[1.86764,49.20268],[1.86568,49.20313],[1.86282,49.20354],[1.85699,49.20405],[1.85539,49.20389],[1.85501,49.20374],[1.85422,49.20363],[1.85368,49.20362],[1.85298,49.20375],[1.85232,49.20407],[1.8519,49.20419],[1.85133,49.20426],[1.85066,49.20427],[1.85012,49.20419],[1.84984,49.20402],[1.84923,49.20351],[1.84789,49.2022],[1.84783,49.20204],[1.84693,49.20061],[1.84667,49.20026],[1.84577,49.19962],[1.84458,49.19802],[1.84425,49.19784],[1.84407,49.19751],[1.84368,49.19734],[1.84317,49.19685],[1.84306,49.19659],[1.84228,49.19606],[1.8422,49.19578],[1.84191,49.1954],[1.84189,49.19452]]}},
{"type":"Feature","properties":{"NOM":"Le Crould","ETAT":2,"CODE_MODIF":0,"DATE_MODIF":null,"MODIFICATI":null,"RAPPORT_UR":null,"ID_NOM":"N0020","ID_TRONCON":"T0185","ID_COURSDE":"N0020T0185","ORIGINE1":"SCAN25","BCAE":"non","ZNT":"oui"},"geometry":{"type":"LineString","coordinates":[[2.43585,48.98088],[2.43553,48.98075],[2.43478,48.98073],[2.43396,48.98048],[2.43333,48.98039],[2.43311,48.98042],[2.43268,48.98057],[2.43249,48.98067]]}},
{"type":"Feature","properties":{"NOM":"Le Croult","ETAT":1,"CODE_MODIF":0,"DATE_MODIF":null,"MODIFICATI":null,"RAPPORT_UR":null,"ID_NOM":"N0021","ID_TRONCON":"T0186","ID_COURSDE":"N0021T0186","ORIGINE1":"SCAN25","BCAE":"oui","ZNT":"oui"},"geometry":{"type":"LineString","coordinates":[[2.45827,48.98725],[2.45689,48.9869],[2.45589,48.98683],[2.45506,48.98667],[2.45497,48.98663],[2.45487,48.98629]]}},
{"type":"Feature","properties":{"NOM":"La Vieille Mer","ETAT":1,"CODE_MODIF":0,"DATE_MODIF":null,"MODIFICATI":null,"RAPPORT_UR":null,"ID_NOM":"N0021","ID_TRONCON":"T0187","ID_COURSDE":"N0021T0187","ORIGINE1":"SCAN25","BCAE":"oui","ZNT":"oui"},"geometry":{"type":"LineString","coordinates":[[2.41777,48.95907],[2.41749,48.95894],[2.41568,48.95856]]}},
{"type":"Feature","properties":{"NOM":"La Vieille Mer","ETAT":3,"CODE_MODIF":0,"DATE_MODIF":null,"MODIFICATI":null,"RAPPORT_UR":null,"ID_NOM":"N0021","ID_TRONCON":"T0188","ID_COURSDE":"N0021T0188","ORIGINE1":"SCAN25","BCAE":"non","ZNT":"oui"},"geometry":{"type":"LineString","coordinates":[[2.41332,48.9581],[2.41233,48.95783],[2.41147,48.95746],[2.41062,48.95698],[2.41009,48.9566],[2.41008,48.95621]]}},
{"type":"Feature","properties":{"NOM":"La Vieille Mer","ETAT":3,"CODE_MODIF":0,"DATE_MODIF":null,"MODIFICATI":null,"RAPPORT_UR":null,"ID_NOM":"N0021","ID_TRONCON":"T0189","ID_COURSDE":"N0021T0189","ORIGINE1":"SCAN25","BCAE":"non","ZNT":"oui"},"geometry":{"type":"LineString","coordinates":[[2.41008,48.95621],[2.40995,48.95603],[2.40981,48.95562],[2.40986,48.9554],[2.41019,48.95502]]}},
{"type":"Feature","properties":{"NOM":"La Vieille Mer","ETAT":3,"CODE_MODIF":0,"DATE_MODIF":null,"MODIFICATI":null,"RAPPORT_UR":null,"ID_NOM":"N0021","ID_TRONCON":"T0190","ID_COURSDE":"N0021T0190","ORIGINE1":"SCAN25","BCAE":"non","ZNT":"oui"},"geometry":{"type":"LineString","coordinates":[[2.41019,48.95502],[2.41025,48.95485],[2.41024,48.95469],[2.4101,48.95453],[2.40988,48.95437],[2.40923,48.95397]]}},
{"type":"Feature","properties":{"NOM":"Le Croult","ETAT":1,"CODE_MODIF":0,"DATE_MODIF":null,"MODIFICATI":null,"RAPPORT_UR":null,"ID_NOM":"N0021","ID_TRONCON":"T0191","ID_COURSDE":"N0021T0191","ORIGINE1":"SCAN25","BCAE":"oui","ZNT":"oui"},"geometry":{"type":"LineString","coordinates":[[2.40923,48.95397],[2.40681,48.95251],[2.40627,48.95205],[2.40589,48.95178],[2.40536,48.95156],[2.4039,48.95111],[2.40304,48.95074]]}},
{"type":"Feature","properties":{"NOM":"Le Croult","ETAT":1,"CODE_MODIF":0,"DATE_MODIF":null,"MODIFICATI":null,"RAPPORT_UR":null,"ID_NOM":"N0021","ID_TRONCON":"T0192","ID_COURSDE":"N0021T0192","ORIGINE1":"SCAN25","BCAE":"oui","ZNT":"oui"},"geometry":{"type":"LineString","coordinates":[[2.40304,48.95074],[2.40248,48.95047]]}},
{"type":"Feature","properties":{"NOM":"Le Croult","ETAT":1,"CODE_MODIF":0,"DATE_MODIF":null,"MODIFICATI":null,"RAPPORT_UR":null,"ID_NOM":"N0021","ID_TRONCON":"T0193","ID_COURSDE":"N0021T0193","ORIGINE1":"SCAN25","BCAE":"oui","ZNT":"oui"},"geometry":{"type":"LineString","coordinates":[[2.40248,48.95047],[2.40133,48.95007]]}},
{"type":"Feature","properties":{"NOM":"Le Croult","ETAT":1,"CODE_MODIF":0,"DATE_MODIF":null,"MODIFICATI":null,"RAPPORT_UR":null,"ID_NOM":"N0021","ID_TRONCON":"T0194","ID_COURSDE":"N0021T0194","ORIGINE1":"SCAN25","BCAE":"oui","ZNT":"oui"},"geometry":{"type":"LineString","coordinates":[[2.40133,48.95007],[2.40068,48.94989],[2.39875,48.94848],[2.39705,48.94634],[2.39618,48.94535],[2.39376,48.94404],[2.39338,48.94386],[2.38939,48.94245]]}},
{"type":"Feature","properties":{"NOM":"Le Croult","ETAT":1,"CODE_MODIF":0,"DATE_MODIF":null,"MODIFICATI":null,"RAPPORT_UR":null,"ID_NOM":"N0021","ID_TRONCON":"T0195","ID_COURSDE":"N0021T0195","ORIGINE1":"SCAN25","BCAE":"oui","ZNT":"oui"},"geometry":{"type":"LineString","coordinates":[[2.38939,48.94245],[2.38893,48.94238],[2.38709,48.94223]]}},
{"type":"Feature","properties":{"NOM":"Le Croult","ETAT":1,"CODE_MODIF":0,"DATE_MODIF":null,"MODIFICATI":null,"RAPPORT_UR":null,"ID_NOM":"N0021","ID_TRONCON":"T0196","ID_COURSDE":"N0021T0196","ORIGINE1":"SCAN25","BCAE":"oui","ZNT":"oui"},"geometry":{"type":"LineString","coordinates":[[2.38709,48.94223],[2.38569,48.94207],[2.38358,48.94179],[2.3823,48.94154],[2.37699,48.94039],[2.37569,48.93998],[2.37326,48.9394]]}},
{"type":"Feature","properties":{"NOM":"Le Croult","ETAT":1,"CODE_MODIF":0,"DATE_MODIF":null,"MODIFICATI":null,"RAPPORT_UR":null,"ID_NOM":"N0021","ID_TRONCON":"T0197","ID_COURSDE":"N0021T0197","ORIGINE1":"SCAN25","BCAE":"oui","ZNT":"oui"},"geometry":{"type":"LineString","coordinates":[[2.3733,48.9394],[2.37131,48.93931],[2.37018,48.93985],[2.36981,48.93983],[2.36843,48.94035],[2.36826,48.94037],[2.36812,48.94032],[2.36798,48.94018],[2.36786,48.94012],[2.36782,48.93997],[2.36745,48.93975],[2.36369,48.94032],[2.36348,48.94087],[2.36008,48.94125],[2.35872,48.94162],[2.35094,48.94221],[2.34955,48.94237],[2.34823,48.9421],[2.34664,48.94125],[2.34584,48.93941],[2.34515,48.93899],[2.34426,48.93892],[2.34413,48.93893],[2.34361,48.9391],[2.3418,48.94063],[2.34161,48.94068],[2.34107,48.94071]]}},
{"type":"Feature","properties":{"NOM":"Le Croult","ETAT":1,"CODE_MODIF":0,"DATE_MODIF":null,"MODIFICATI":null,"RAPPORT_UR":null,"ID_NOM":"N0021","ID_TRONCON":"T0198","ID_COURSDE":"N0021T0198","ORIGINE1":"SCAN25","BCAE":"oui","ZNT":"oui"},"geometry":{"type":"LineString","coordinates":[[2.46923,49.00316],[2.46927,49.00388],[2.46924,49.00403],[2.46889,49.00426],[2.46879,49.00435],[2.46877,49.00445],[2.46879,49.00456],[2.469,49.00472],[2.46918,49.00503],[2.46918,49.00521],[2.46893,49.0055],[2.4689,49.0057],[2.46904,49.0063],[2.46914,49.00643],[2.46941,49.00659],[2.46946,49.00668],[2.46943,49.00718]]}},
{"type":"Feature","properties":{"NOM":"Le Croult","ETAT":1,"CODE_MODIF":0,"DATE_MODIF":null,"MODIFICATI":null,"RAPPORT_UR":null,"ID_NOM":"N0021","ID_TRONCON":"T0199","ID_COURSDE":"N0021T0199","ORIGINE1":"SCAN25","BCAE":"oui","ZNT":"oui"},"geometry":{"type":"LineString","coordinates":[[2.47048,49.01119],[2.46844,49.01291],[2.46848,49.01306]]}},
{"type":"Feature","properties":{"NOM":"Le Croult","ETAT":3,"CODE_MODIF":4,"DATE_MODIF":"2010-09-22","MODIFICATI":"ETAT 1 EN 3","RAPPORT_UR":null,"ID_NOM":"N0021","ID_TRONCON":"T0200","ID_COURSDE":"N0021T0200","ORIGINE1":"TERRAIN","BCAE":"non","ZNT":"oui"},"geometry":{"type":"LineString","coordinates":[[2.46932,48.99862],[2.46819,48.99794],[2.46793,48.9977],[2.46771,48.99596]]}},
{"type":"Feature","properties":{"NOM":"Le Croult","ETAT":1,"CODE_MODIF":0,"DATE_MODIF":null,"MODIFICATI":null,"RAPPORT_UR":null,"ID_NOM":"N0021","ID_TRONCON":"T0202","ID_COURSDE":"N0021T0202","ORIGINE1":"SCAN25","BCAE":"oui","ZNT":"oui"},"geometry":{"type":"LineString","coordinates":[[2.41568,48.95856],[2.41332,48.9581]]}},
{"type":"Feature","properties":{"NOM":"Le Croult","ETAT":1,"CODE_MODIF":0,"DATE_MODIF":null,"MODIFICATI":null,"RAPPORT_UR":null,"ID_NOM":"N0021","ID_TRONCON":"T0203","ID_COURSDE":"N0021T0203","ORIGINE1":"SCAN25","BCAE":"oui","ZNT":"oui"},"geometry":{"type":"LineString","coordinates":[[2.45827,48.98725],[2.45998,48.98755],[2.46033,48.98762],[2.46062,48.98773],[2.46151,48.98788],[2.46218,48.98845],[2.4629,48.98873],[2.46297,48.98893],[2.46327,48.98912],[2.4633,48.98917],[2.46351,48.98978],[2.46357,48.99014],[2.46374,48.99068],[2.46425,48.99108],[2.46392,48.99167],[2.46399,48.99181],[2.46409,48.99191],[2.46649,48.99325],[2.46665,48.9934],[2.46693,48.99377],[2.46717,48.99417],[2.4672,48.99425],[2.46713,48.99496],[2.46737,48.99516],[2.46737,48.9955],[2.46771,48.99596]]}},
{"type":"Feature","properties":{"NOM":"Le Croult","ETAT":1,"CODE_MODIF":0,"DATE_MODIF":null,"MODIFICATI":null,"RAPPORT_UR":null,"ID_NOM":"N0021","ID_TRONCON":"T0204","ID_COURSDE":"N0021T0204","ORIGINE1":"SCAN25","BCAE":"oui","ZNT":"oui"},"geometry":{"type":"LineString","coordinates":[[2.46848,49.01306],[2.4701,49.01465]]}},
{"type":"Feature","properties":{"NOM":"Le Croult","ETAT":1,"CODE_MODIF":0,"DATE_MODIF":null,"MODIFICATI":null,"RAPPORT_UR":null,"ID_NOM":"N0021","ID_TRONCON":"T0205","ID_COURSDE":"N0021T0205","ORIGINE1":"SCAN25","BCAE":"oui","ZNT":"oui"},"geometry":{"type":"LineString","coordinates":[[2.46897,49.00256],[2.46912,49.00277],[2.46923,49.00316]]}},
{"type":"Feature","properties":{"NOM":"Le Croult","ETAT":1,"CODE_MODIF":0,"DATE_MODIF":null,"MODIFICATI":null,"RAPPORT_UR":null,"ID_NOM":"N0021","ID_TRONCON":"T0206","ID_COURSDE":"N0021T0206","ORIGINE1":"SCAN25","BCAE":"oui","ZNT":"oui"},"geometry":{"type":"LineString","coordinates":[[2.46943,49.00718],[2.46949,49.00725],[2.47008,49.00763],[2.46998,49.00793],[2.46947,49.00867],[2.46945,49.00875],[2.46958,49.009],[2.47048,49.01026],[2.47036,49.01075],[2.47039,49.01101],[2.47048,49.01119]]}},
{"type":"Feature","properties":{"NOM":"Le Cudron","ETAT":1,"CODE_MODIF":0,"DATE_MODIF":null,"MODIFICATI":null,"RAPPORT_UR":null,"ID_NOM":"N0022","ID_TRONCON":"T0207","ID_COURSDE":"N0022T0207","ORIGINE1":"SCAN25","BCAE":"oui","ZNT":"oui"},"geometry":{"type":"LineString","coordinates":[[1.68001,49.21044],[1.6805,49.21083],[1.68116,49.21129],[1.68141,49.2115],[1.68185,49.21168],[1.6821,49.21174],[1.68238,49.21174],[1.68291,49.21167],[1.68439,49.21097],[1.6845,49.21085],[1.68444,49.21043],[1.68448,49.21029],[1.68561,49.20931],[1.68609,49.20865],[1.68622,49.20861],[1.68667,49.20862],[1.68691,49.20857],[1.68707,49.2083],[1.68783,49.20792],[1.68797,49.20779],[1.68849,49.20769],[1.68994,49.2077],[1.69019,49.20766],[1.69053,49.20755],[1.6909,49.20731],[1.69103,49.20731],[1.69199,49.20624],[1.69204,49.20615],[1.69205,49.20592],[1.69211,49.20585],[1.69245,49.20567],[1.69273,49.2056],[1.69367,49.20553],[1.69421,49.20545],[1.69444,49.20536],[1.69481,49.20534],[1.69523,49.20547],[1.69858,49.20627],[1.69906,49.20628],[1.69934,49.20619],[1.69948,49.20605],[1.69948,49.20596],[1.69902,49.20538],[1.69891,49.205],[1.69892,49.20448],[1.69905,49.2036],[1.69912,49.20356],[1.69973,49.20356],[1.69984,49.20352],[1.70036,49.20216],[1.70078,49.2013],[1.70086,49.20099],[1.70087,49.2006],[1.70072,49.19988],[1.70072,49.19974],[1.70077,49.19965],[1.7011,49.1994],[1.70281,49.19846],[1.70301,49.19829],[1.7051,49.19713],[1.70535,49.19714],[1.70584,49.19745],[1.70657,49.19705],[1.70694,49.1969],[1.70713,49.19687],[1.70787,49.19702],[1.70938,49.19724],[1.71056,49.19755],[1.71072,49.19768],[1.71084,49.19811],[1.71111,49.19849],[1.7117,49.1988],[1.71205,49.19888],[1.71222,49.199],[1.71234,49.19903],[1.71246,49.19902],[1.71254,49.1989],[1.71271,49.19881],[1.71277,49.19867],[1.71488,49.19929],[1.7163,49.19955],[1.71679,49.19977],[1.71714,49.20001],[1.71658,49.20031],[1.7169,49.20063],[1.71717,49.20083],[1.71748,49.20097],[1.71809,49.20115],[1.71873,49.20123],[1.71925,49.20124],[1.71961,49.20133],[1.71986,49.20149],[1.72015,49.20186],[1.72033,49.20204],[1.7206,49.20223],[1.72103,49.20242],[1.72129,49.20243],[1.72139,49.2024],[1.72164,49.20224],[1.7217,49.20215],[1.7221,49.20198],[1.72225,49.20184],[1.7229,49.20164],[1.72355,49.2014],[1.72395,49.20143],[1.72413,49.2014],[1.72439,49.20117],[1.72504,49.20107],[1.726,49.20109],[1.72627,49.20142],[1.72694,49.20185],[1.7273,49.20206],[1.72771,49.20215],[1.72822,49.20213],[1.72906,49.20205],[1.73005,49.2019],[1.73066,49.20177],[1.73113,49.20173],[1.73167,49.20174],[1.73235,49.20186],[1.733,49.20208],[1.73385,49.20229],[1.73436,49.20259],[1.7344,49.20265],[1.73436,49.20277],[1.73438,49.20288],[1.73444,49.20297],[1.73485,49.20314],[1.73502,49.20328],[1.7352,49.20332],[1.73549,49.20373],[1.73555,49.20375],[1.73593,49.20381],[1.73668,49.20402],[1.73749,49.20415],[1.73766,49.20423],[1.73795,49.20426],[1.73864,49.20413],[1.73887,49.20413],[1.73945,49.20423],[1.74091,49.20422],[1.74148,49.20437]]}},
{"type":"Feature","properties":{"NOM":"Le Cudron","ETAT":1,"CODE_MODIF":0,"DATE_MODIF":null,"MODIFICATI":null,"RAPPORT_UR":null,"ID_NOM":"N0022","ID_TRONCON":"T0208","ID_COURSDE":"N0022T0208","ORIGINE1":"SCAN25","BCAE":"oui","ZNT":"oui"},"geometry":{"type":"LineString","coordinates":[[1.67991,49.21037],[1.67974,49.21016],[1.67949,49.2101],[1.67943,49.21006],[1.67921,49.20971],[1.67878,49.20934],[1.67854,49.20888],[1.67847,49.20863],[1.67846,49.20832],[1.67864,49.20772],[1.67861,49.20722],[1.6783,49.20684],[1.67784,49.20648],[1.6773,49.20594]]}},
{"type":"Feature","properties":{"NOM":"Le Fontenay","ETAT":1,"CODE_MODIF":0,"DATE_MODIF":null,"MODIFICATI":null,"RAPPORT_UR":null,"ID_NOM":"N0023","ID_TRONCON":"T0209","ID_COURSDE":"N0023T0209","ORIGINE1":"SCAN25","BCAE":"oui","ZNT":"oui"},"geometry":{"type":"LineString","coordinates":[[1.76132,49.02043],[1.76083,49.02086],[1.75945,49.02124],[1.75913,49.02124],[1.7588,49.02133],[1.75831,49.02154],[1.758,49.02163],[1.75784,49.02165],[1.75772,49.02162],[1.7572,49.02141],[1.75601,49.02134],[1.7558,49.02135],[1.75566,49.02149],[1.75564,49.02158],[1.75543,49.02176],[1.7551,49.0218],[1.75425,49.02202],[1.75277,49.02273],[1.75163,49.02337],[1.75127,49.02349],[1.75066,49.02363],[1.75021,49.02399],[1.74989,49.02393],[1.74858,49.02468],[1.74804,49.02492],[1.74734,49.02512],[1.74729,49.02564],[1.74734,49.02579],[1.74698,49.02615],[1.74675,49.02674],[1.74671,49.02699],[1.74643,49.02745],[1.74642,49.02753],[1.74631,49.02768],[1.74623,49.02791],[1.74548,49.029],[1.74512,49.02936],[1.74497,49.03057],[1.74475,49.03132],[1.74439,49.03171],[1.74398,49.03195],[1.74251,49.03252]]}},
{"type":"Feature","properties":{"NOM":"Le Fontenay","ETAT":1,"CODE_MODIF":0,"DATE_MODIF":null,"MODIFICATI":null,"RAPPORT_UR":null,"ID_NOM":"N0023","ID_TRONCON":"T0210","ID_COURSDE":"N0023T0210","ORIGINE1":"SCAN25","BCAE":"oui","ZNT":"oui"},"geometry":{"type":"LineString","coordinates":[[1.76407,48.96679],[1.76883,48.98046],[1.7708,48.98228],[1.7717,48.98286],[1.77381,48.98464],[1.77412,48.98477],[1.77422,48.98491],[1.77433,48.98495],[1.77489,48.98469],[1.77495,48.98478],[1.77487,48.98501],[1.77498,48.98505],[1.7751,48.9855],[1.77528,48.98557],[1.77569,48.98559],[1.77588,48.98571],[1.77592,48.98589],[1.77602,48.98608],[1.77655,48.98632],[1.77661,48.98646],[1.77647,48.98664],[1.77629,48.9868],[1.77642,48.98699],[1.77673,48.98717],[1.77698,48.98721],[1.77702,48.98741],[1.77777,48.98869],[1.77788,48.9891],[1.77778,48.99006],[1.77729,48.99048],[1.77666,48.99119],[1.77654,48.99145],[1.77652,48.99179],[1.77647,48.99193],[1.77636,48.99284],[1.77688,48.99435],[1.77652,48.99489],[1.77808,48.99671],[1.77922,48.99796],[1.77942,48.9986],[1.77973,48.99918],[1.77991,48.99934],[1.77994,48.99945],[1.77991,48.99959],[1.77943,49.00017],[1.77791,49.00109],[1.77699,49.00181],[1.77489,49.00391],[1.77458,49.00397],[1.77394,49.00434],[1.77234,49.00501],[1.77214,49.00506],[1.77203,49.00504],[1.77106,49.00563],[1.77073,49.00592],[1.76982,49.00689],[1.7697,49.00695],[1.7685,49.0087],[1.76842,49.00888],[1.76841,49.00915],[1.76834,49.00933],[1.76779,49.00989],[1.76737,49.01011],[1.7668,49.01055],[1.76658,49.01065],[1.7663,49.01071],[1.7658,49.01094],[1.76526,49.0113],[1.76434,49.01208],[1.76372,49.01268],[1.76356,49.01288],[1.76408,49.013],[1.7635,49.01359],[1.76314,49.01411],[1.76275,49.01453],[1.76243,49.01499],[1.76228,49.01513],[1.7622,49.0153],[1.76215,49.01554],[1.76217,49.01599],[1.76231,49.01631],[1.76237,49.0166],[1.76249,49.01684],[1.76266,49.01703],[1.76284,49.01714],[1.76297,49.01727],[1.76292,49.01753],[1.76323,49.01825],[1.76327,49.01857],[1.76322,49.01886],[1.76306,49.01917],[1.76292,49.01933],[1.7622,49.01973],[1.76132,49.02043]]}},
{"type":"Feature","properties":{"NOM":"Le Fossé Gallais","ETAT":3,"CODE_MODIF":0,"DATE_MODIF":null,"MODIFICATI":null,"RAPPORT_UR":null,"ID_NOM":"N0024","ID_TRONCON":"T0211","ID_COURSDE":"N0024T0211","ORIGINE1":"SCAN25","BCAE":"non","ZNT":"oui"},"geometry":{"type":"LineString","coordinates":[[2.47122,49.04254],[2.4723,49.04185],[2.47279,49.0415],[2.47589,49.0386],[2.47838,49.03619],[2.47957,49.03488],[2.48069,49.03373],[2.48139,49.0333],[2.48218,49.03358]]}},
{"type":"Feature","properties":{"NOM":"Le Fossé Gallais","ETAT":1,"CODE_MODIF":0,"DATE_MODIF":null,"MODIFICATI":null,"RAPPORT_UR":null,"ID_NOM":"N0024","ID_TRONCON":"T0212","ID_COURSDE":"N0024T0212","ORIGINE1":"SCAN25","BCAE":"oui","ZNT":"oui"},"geometry":{"type":"MultiLineString","coordinates":[[[2.43056,49.07194],[2.43105,49.07115],[2.43185,49.07071],[2.432,49.07039],[2.43211,49.07036],[2.43255,49.07031],[2.43394,49.07009],[2.43612,49.07066],[2.43723,49.07076],[2.43748,49.0705],[2.43958,49.07011],[2.44035,49.07001],[2.44031,49.06923],[2.44045,49.06761],[2.44023,49.06742],[2.44008,49.06719],[2.43965,49.06566],[2.43965,49.06547],[2.43975,49.06504],[2.43924,49.06364],[2.43908,49.06282],[2.43796,49.06121],[2.43787,49.06102],[2.43787,49.06087],[2.43822,49.06023],[2.43865,49.05872],[2.43869,49.05843],[2.43972,49.05743],[2.44027,49.05703],[2.44047,49.05661],[2.44074,49.05626],[2.44125,49.05575],[2.4423,49.05531],[2.44433,49.05439],[2.44533,49.05356],[2.44586,49.05326],[2.44695,49.05305],[2.44718,49.05306],[2.44741,49.05302],[2.44779,49.05307]],[[2.45235,49.05221],[2.45311,49.05182],[2.45361,49.05168],[2.45375,49.05162],[2.454,49.0516],[2.45446,49.05162],[2.45476,49.05173],[2.45494,49.05172],[2.45622,49.05132],[2.45665,49.0511],[2.45719,49.05098],[2.45782,49.05089],[2.45911,49.05079],[2.45966,49.05069],[2.46,49.05056],[2.4609,49.05008],[2.4612,49.04998],[2.46146,49.04978],[2.46245,49.04932],[2.46314,49.04843],[2.4632,49.04814],[2.46323,49.04812],[2.46342,49.04814],[2.46368,49.0481],[2.46419,49.048],[2.46456,49.04788],[2.46492,49.04687],[2.46518,49.04678],[2.46647,49.04595],[2.46744,49.04505],[2.46918,49.04433],[2.47012,49.0435],[2.47033,49.04313],[2.47122,49.04254],[2.47082,49.04233],[2.47066,49.04233],[2.47051,49.04239],[2.47045,49.04238]],[[2.48543,49.03267],[2.48218,49.03358]]]}},
{"type":"Feature","properties":{"NOM":"Le Fossé Gallais","ETAT":3,"CODE_MODIF":0,"DATE_MODIF":null,"MODIFICATI":null,"RAPPORT_UR":null,"ID_NOM":"N0024","ID_TRONCON":"T0213","ID_COURSDE":"N0024T0213","ORIGINE1":"SCAN25","BCAE":"non","ZNT":"oui"},"geometry":{"type":"LineString","coordinates":[[2.45235,49.05221],[2.44774,49.05307]]}},
{"type":"Feature","properties":{"NOM":"Le Petit Rosne","ETAT":1,"CODE_MODIF":0,"DATE_MODIF":null,"MODIFICATI":null,"RAPPORT_UR":null,"ID_NOM":"N0025","ID_TRONCON":"T0214","ID_COURSDE":"N0025T0214","ORIGINE1":"SCAN25","BCAE":"oui","ZNT":"oui"},"geometry":{"type":"LineString","coordinates":[[2.36776,49.00558],[2.3684,49.0052],[2.36858,49.00489],[2.36874,49.00473],[2.36946,49.00429],[2.3696,49.00407],[2.37004,49.00378],[2.37009,49.00369]]}},
{"type":"Feature","properties":{"NOM":"Le Petit Rosne","ETAT":3,"CODE_MODIF":0,"DATE_MODIF":null,"MODIFICATI":null,"RAPPORT_UR":null,"ID_NOM":"N0025","ID_TRONCON":"T0215","ID_COURSDE":"N0025T0215","ORIGINE1":"SCAN25","BCAE":"non","ZNT":"oui"},"geometry":{"type":"LineString","coordinates":[[2.37941,48.9936],[2.37654,48.99472],[2.37616,48.99524],[2.37597,48.9958],[2.37622,48.99629],[2.37683,48.99695],[2.37702,48.99764],[2.37686,48.99833],[2.37657,48.9989],[2.3761,48.99923],[2.37473,48.99953]]}},
{"type":"Feature","properties":{"NOM":"Le Petit Rosne","ETAT":3,"CODE_MODIF":0,"DATE_MODIF":null,"MODIFICATI":null,"RAPPORT_UR":null,"ID_NOM":"N0025","ID_TRONCON":"T0216","ID_COURSDE":"N0025T0216","ORIGINE1":"SCAN25","BCAE":"non","ZNT":"oui"},"geometry":{"type":"LineString","coordinates":[[2.37919,48.9926],[2.37936,48.99185],[2.37984,48.99114],[2.38063,48.99009],[2.38136,48.98936],[2.38191,48.98896],[2.38219,48.98737]]}},
{"type":"Feature","properties":{"NOM":"Le Petit Rosne","ETAT":1,"CODE_MODIF":0,"DATE_MODIF":null,"MODIFICATI":null,"RAPPORT_UR":null,"ID_NOM":"N0025","ID_TRONCON":"T0217","ID_COURSDE":"N0025T0217","ORIGINE1":"SCAN25","BCAE":"oui","ZNT":"oui"},"geometry":{"type":"LineString","coordinates":[[2.38219,48.98737],[2.38233,48.98705],[2.38368,48.98627],[2.38423,48.98602],[2.38445,48.98585],[2.38465,48.98576],[2.38488,48.98569],[2.38506,48.98569],[2.38565,48.98584],[2.3862,48.9859],[2.38653,48.98588],[2.38678,48.98577],[2.38684,48.98569],[2.38678,48.98536],[2.38682,48.98523],[2.38701,48.98509]]}},
{"type":"Feature","properties":{"NOM":"Le Petit Rosne","ETAT":1,"CODE_MODIF":0,"DATE_MODIF":null,"MODIFICATI":null,"RAPPORT_UR":null,"ID_NOM":"N0025","ID_TRONCON":"T0218","ID_COURSDE":"N0025T0218","ORIGINE1":"SCAN25","BCAE":"oui","ZNT":"oui"},"geometry":{"type":"LineString","coordinates":[[2.38701,48.98509],[2.38809,48.98457],[2.38939,48.98432],[2.39087,48.98452],[2.39143,48.98481],[2.3921,48.98488]]}},
{"type":"Feature","properties":{"NOM":"Le Petit Rosne","ETAT":1,"CODE_MODIF":0,"DATE_MODIF":null,"MODIFICATI":null,"RAPPORT_UR":null,"ID_NOM":"N0025","ID_TRONCON":"T0219","ID_COURSDE":"N0025T0219","ORIGINE1":"SCAN25","BCAE":"oui","ZNT":"oui"},"geometry":{"type":"LineString","coordinates":[[2.3921,48.98488],[2.39227,48.98482],[2.39232,48.9847],[2.39395,48.98362]]}},
{"type":"Feature","properties":{"NOM":"Le Petit Rosne","ETAT":1,"CODE_MODIF":0,"DATE_MODIF":null,"MODIFICATI":null,"RAPPORT_UR":null,"ID_NOM":"N0025","ID_TRONCON":"T0221","ID_COURSDE":"N0025T0221","ORIGINE1":"SCAN25","BCAE":"oui","ZNT":"oui"},"geometry":{"type":"LineString","coordinates":[[2.42157,48.9721],[2.42202,48.9721],[2.42215,48.97221],[2.42221,48.97221],[2.42258,48.97211],[2.42332,48.97211],[2.424,48.97217],[2.42445,48.9723],[2.42496,48.97257],[2.42533,48.97281],[2.42542,48.97308],[2.42543,48.9735],[2.4255,48.97361],[2.42574,48.9738],[2.42579,48.97404],[2.42572,48.9744],[2.42567,48.97449],[2.42552,48.97458],[2.42522,48.9747],[2.42427,48.97491],[2.42388,48.97519],[2.42344,48.97532],[2.42335,48.97537],[2.42325,48.97546],[2.42306,48.97576],[2.42253,48.9761],[2.42174,48.97697],[2.42112,48.97709],[2.41965,48.97753],[2.41906,48.97774],[2.41864,48.97783],[2.41696,48.97835],[2.41632,48.97896],[2.4133,48.97986],[2.41311,48.97988],[2.41303,48.98002],[2.41284,48.98006],[2.41269,48.98006],[2.41211,48.97999],[2.41197,48.98],[2.41023,48.98032],[2.40898,48.98076],[2.40669,48.98143],[2.4059,48.98141],[2.40474,48.98129],[2.40398,48.9813],[2.40349,48.98143],[2.40083,48.98236],[2.40062,48.98236],[2.39922,48.98216],[2.39831,48.98269],[2.39781,48.98285],[2.39719,48.98288],[2.39652,48.98297],[2.39563,48.98321],[2.39443,48.98359],[2.39395,48.98362]]}},
{"type":"Feature","properties":{"NOM":"Le Petit Rosne","ETAT":1,"CODE_MODIF":0,"DATE_MODIF":null,"MODIFICATI":null,"RAPPORT_UR":null,"ID_NOM":"N0025","ID_TRONCON":"T0222","ID_COURSDE":"N0025T0222","ORIGINE1":"SCAN25","BCAE":"oui","ZNT":"oui"},"geometry":{"type":"LineString","coordinates":[[2.36511,49.02192],[2.36565,49.02059],[2.3655,49.02028],[2.36528,49.02017],[2.36514,49.01882],[2.36498,49.0188],[2.36462,49.01844],[2.36429,49.01752],[2.36418,49.01733],[2.36421,49.01697],[2.36417,49.01689],[2.36427,49.01664],[2.36461,49.0162],[2.36478,49.01575],[2.36494,49.01549],[2.36479,49.01548],[2.36457,49.01539],[2.36445,49.0153],[2.36444,49.01517],[2.36457,49.0148],[2.36498,49.01437],[2.36517,49.01409],[2.36532,49.01316],[2.36527,49.01298],[2.36455,49.01185],[2.36423,49.0109],[2.36432,49.01079],[2.36447,49.01069],[2.36463,49.01017],[2.3652,49.01023],[2.36557,49.0099],[2.36559,49.00975],[2.36551,49.00953],[2.36564,49.00944],[2.36585,49.00937],[2.36597,49.00927],[2.366,49.00919],[2.36598,49.00905],[2.36618,49.00897],[2.36618,49.00863],[2.36624,49.00855],[2.36651,49.00837],[2.36661,49.00823],[2.36692,49.00819],[2.36724,49.00793],[2.36726,49.00786],[2.36722,49.00773],[2.36746,49.00758],[2.36738,49.00751],[2.36714,49.00742],[2.36716,49.00734],[2.36733,49.00729],[2.36738,49.00723],[2.36721,49.00706],[2.36722,49.00683],[2.36745,49.00666],[2.36734,49.0065],[2.36739,49.00625],[2.36748,49.00611],[2.36747,49.00599],[2.36776,49.00558]]}},
{"type":"Feature","properties":{"NOM":"Le Petit Rosne","ETAT":1,"CODE_MODIF":0,"DATE_MODIF":null,"MODIFICATI":null,"RAPPORT_UR":null,"ID_NOM":"N0025","ID_TRONCON":"T0224","ID_COURSDE":"N0025T0224","ORIGINE1":"SCAN25","BCAE":"oui","ZNT":"oui"},"geometry":{"type":"LineString","coordinates":[[2.37919,48.9926],[2.37939,48.99272],[2.37941,48.99281],[2.37947,48.99313],[2.3794,48.99349],[2.37941,48.9936]]}},
{"type":"Feature","properties":{"NOM":"Le Ru à Lin","ETAT":2,"CODE_MODIF":0,"DATE_MODIF":null,"MODIFICATI":null,"RAPPORT_UR":null,"ID_NOM":"N0027","ID_TRONCON":"T0227","ID_COURSDE":"N0027T0227","ORIGINE1":"SCAN25","BCAE":"non","ZNT":"oui"},"geometry":{"type":"LineString","coordinates":[[1.98709,49.1568],[1.98678,49.15663],[1.98631,49.15652],[1.98574,49.15634],[1.98557,49.15625],[1.98543,49.15614],[1.98515,49.15573],[1.98398,49.15504],[1.98179,49.1544],[1.98153,49.15434]]}},
{"type":"Feature","properties":{"NOM":"Le Ru d'Arnove","ETAT":1,"CODE_MODIF":0,"DATE_MODIF":null,"MODIFICATI":null,"RAPPORT_UR":null,"ID_NOM":"N0028","ID_TRONCON":"T0228","ID_COURSDE":"N0028T0228","ORIGINE1":"SCAN25","BCAE":"oui","ZNT":"oui"},"geometry":{"type":"MultiLineString","coordinates":[[[1.94361,49.17784],[1.94307,49.17801],[1.94328,49.17844],[1.94392,49.17909],[1.94455,49.18001],[1.94492,49.18042],[1.94633,49.18108],[1.94675,49.18123],[1.9472,49.18121],[1.94746,49.1814],[1.9482,49.18174],[1.94845,49.18202],[1.94964,49.18213]],[[1.93428,49.17401],[1.93462,49.1742],[1.9347,49.17427],[1.93484,49.17469],[1.93495,49.17476],[1.93543,49.17482],[1.9358,49.17474],[1.93595,49.17461],[1.93614,49.17456],[1.93639,49.17458],[1.9365,49.17446],[1.93673,49.17435],[1.93692,49.17436],[1.9373,49.17449],[1.9378,49.1746],[1.9387,49.17485],[1.93957,49.1752],[1.94023,49.1754],[1.94058,49.1756],[1.94108,49.17575],[1.94121,49.17586],[1.94185,49.17604]],[[1.94197,49.17585],[1.94185,49.17604],[1.94193,49.17612],[1.94202,49.17631],[1.94218,49.17643],[1.94221,49.17655],[1.94229,49.17664],[1.94273,49.1768],[1.94287,49.17689],[1.94301,49.17735],[1.94322,49.17756],[1.94361,49.17784],[1.94407,49.17826],[1.94425,49.17857],[1.94454,49.17895],[1.94462,49.17925],[1.94495,49.1797],[1.94542,49.17995]],[[1.94371,49.17931],[1.94392,49.17909]]]}},
{"type":"Feature","properties":{"NOM":"Le Ru d'Arnove","ETAT":2,"CODE_MODIF":0,"DATE_MODIF":null,"MODIFICATI":null,"RAPPORT_UR":null,"ID_NOM":"N0028","ID_TRONCON":"T0229","ID_COURSDE":"N0028T0229","ORIGINE1":"SCAN25","BCAE":"non","ZNT":"oui"},"geometry":{"type":"LineString","coordinates":[[1.94964,49.18213],[1.95025,49.18234],[1.95073,49.18239],[1.95109,49.18253],[1.95135,49.18289],[1.9522,49.18352],[1.95423,49.18419],[1.95536,49.1852],[1.95574,49.18546],[1.95651,49.18586],[1.95687,49.18641],[1.95745,49.1869],[1.95834,49.1873],[1.95906,49.18748],[1.95995,49.18741],[1.96166,49.18701],[1.96225,49.18699],[1.96282,49.18707],[1.96322,49.18704],[1.96407,49.18692],[1.96461,49.18691],[1.96487,49.18695],[1.9654,49.18692],[1.96601,49.18677],[1.9666,49.18605],[1.96696,49.18569],[1.9672,49.18556],[1.96787,49.1856],[1.96881,49.18574],[1.96976,49.18579],[1.9701,49.18571],[1.97086,49.18509],[1.9712,49.18465],[1.97218,49.1843],[1.97301,49.18405],[1.97329,49.184],[1.97342,49.18389],[1.97362,49.18391]]}},
{"type":"Feature","properties":{"NOM":"Le Ru d'Arthieul","ETAT":2,"CODE_MODIF":0,"DATE_MODIF":null,"MODIFICATI":null,"RAPPORT_UR":null,"ID_NOM":"N0029","ID_TRONCON":"T0230","ID_COURSDE":"N0029T0230","ORIGINE1":"SCAN25","BCAE":"non","ZNT":"oui"},"geometry":{"type":"MultiLineString","coordinates":[[[1.81369,49.15016],[1.8125,49.15102],[1.81195,49.15155],[1.81174,49.15169],[1.81107,49.15195],[1.8104,49.15206],[1.8094,49.15234],[1.8084,49.15253],[1.80819,49.1528],[1.80798,49.15296],[1.80784,49.15302],[1.8069,49.15331],[1.80555,49.15329],[1.80507,49.15344],[1.80466,49.15367],[1.80444,49.15374],[1.80318,49.15385],[1.80365,49.15356],[1.80368,49.15339],[1.80358,49.15328]],[[1.80431,49.15383],[1.80427,49.15376]],[[1.80281,49.15458],[1.80268,49.15419],[1.80276,49.15406],[1.80318,49.15385]]]}},
{"type":"Feature","properties":{"NOM":"Le Ru d'Arthieul","ETAT":1,"CODE_MODIF":0,"DATE_MODIF":null,"MODIFICATI":null,"RAPPORT_UR":null,"ID_NOM":"N0029","ID_TRONCON":"T0231","ID_COURSDE":"N0029T0231","ORIGINE1":"SCAN25","BCAE":"oui","ZNT":"oui"},"geometry":{"type":"LineString","coordinates":[[1.80027,49.15759],[1.80019,49.15685],[1.79997,49.15584],[1.8,49.15578],[1.80029,49.15554],[1.80281,49.15458],[1.80343,49.15451],[1.80433,49.15391],[1.80431,49.15383]]}},
{"type":"Feature","properties":{"NOM":"Le Ru d'Hédouville","ETAT":1,"CODE_MODIF":0,"DATE_MODIF":null,"MODIFICATI":null,"RAPPORT_UR":null,"ID_NOM":"N0030","ID_TRONCON":"T0232","ID_COURSDE":"N0030T0232","ORIGINE1":"SCAN25","BCAE":"oui","ZNT":"oui"},"geometry":{"type":"LineString","coordinates":[[2.16623,49.15136],[2.16606,49.15076],[2.16591,49.15051],[2.16573,49.14999],[2.1656,49.14992],[2.16417,49.14735],[2.16437,49.14669],[2.16468,49.14618],[2.16476,49.14592],[2.16491,49.14463],[2.16628,49.14258],[2.16625,49.1416],[2.16464,49.13941],[2.16436,49.13926],[2.16426,49.13916],[2.16365,49.13787],[2.1631,49.13694]]}},
{"type":"Feature","properties":{"NOM":"Le Ru de Bouqueval","ETAT":0,"CODE_MODIF":5,"DATE_MODIF":"2010-11-26","MODIFICATI":"SUPPRESSION","RAPPORT_UR":"\\\\Sbl95-03\\gb_cons\\EAU\\N_MASSE_EAU\\L_COURS_DEAU_L_095\\Multi_0007.doc","ID_NOM":"N0031","ID_TRONCON":"T0234","ID_COURSDE":"N0031T0234","ORIGINE1":"TERRAIN","BCAE":"non","ZNT":"non"},"geometry":{"type":"LineString","coordinates":[[2.44565,49.01206],[2.44455,49.01252],[2.44411,49.01259],[2.44367,49.01279]]}},
{"type":"Feature","properties":{"NOM":"Le Ru de Bouqueval","ETAT":0,"CODE_MODIF":5,"DATE_MODIF":"2010-11-26","MODIFICATI":"SUPPRESSION","RAPPORT_UR":"\\\\Sbl95-03\\gb_cons\\EAU\\N_MASSE_EAU\\L_COURS_DEAU_L_095\\Multi_0007.doc","ID_NOM":"N0031","ID_TRONCON":"T0235","ID_COURSDE":"N0031T0235","ORIGINE1":"TERRAIN","BCAE":"non","ZNT":"non"},"geometry":{"type":"LineString","coordinates":[[2.44264,49.01304],[2.43963,49.01512],[2.43907,49.01544],[2.43866,49.01561],[2.43823,49.01574],[2.43787,49.0158],[2.43633,49.01594],[2.43581,49.01598],[2.43507,49.01591],[2.43473,49.01592],[2.43315,49.01617],[2.43171,49.01647],[2.43089,49.01674],[2.42958,49.01726],[2.42925,49.01741],[2.42901,49.01771],[2.42886,49.01781],[2.42667,49.01874],[2.42622,49.01898],[2.42461,49.01969],[2.42427,49.01978]]}},
{"type":"Feature","properties":{"NOM":"Le Ru de Bouqueval","ETAT":0,"CODE_MODIF":5,"DATE_MODIF":"2010-11-26","MODIFICATI":"SUPPRESSION","RAPPORT_UR":"\\\\Sbl95-03\\gb_cons\\EAU\\N_MASSE_EAU\\L_COURS_DEAU_L_095\\Multi_0007.doc","ID_NOM":"N0031","ID_TRONCON":"T0236","ID_COURSDE":"N0031T0236","ORIGINE1":"TERRAIN","BCAE":"non","ZNT":"non"},"geometry":{"type":"LineString","coordinates":[[2.42427,49.01978],[2.42404,49.01981],[2.42037,49.02063],[2.41823,49.02134],[2.41798,49.02146],[2.41748,49.02197],[2.41739,49.02202],[2.41593,49.02234],[2.41568,49.02241],[2.41546,49.0225],[2.41531,49.02261],[2.41489,49.02296],[2.41439,49.02328],[2.41283,49.02386]]}},
{"type":"Feature","properties":{"NOM":"Le Ru de Bouqueval","ETAT":0,"CODE_MODIF":5,"DATE_MODIF":"2010-11-26","MODIFICATI":"SUPPRESSION","RAPPORT_UR":"\\\\Sbl95-03\\gb_cons\\EAU\\N_MASSE_EAU\\L_COURS_DEAU_L_095\\Multi_0007.doc","ID_NOM":"N0031","ID_TRONCON":"T0237","ID_COURSDE":"N0031T0237","ORIGINE1":"TERRAIN","BCAE":"non","ZNT":"non"},"geometry":{"type":"LineString","coordinates":[[2.44264,49.01304],[2.44306,49.01281]]}},
{"type":"Feature","properties":{"NOM":"Le Ru de Bouqueval","ETAT":0,"CODE_MODIF":5,"DATE_MODIF":"2010-11-26","MODIFICATI":"SUPPRESSION","RAPPORT_UR":"\\\\Sbl95-03\\gb_cons\\EAU\\N_MASSE_EAU\\L_COURS_DEAU_L_095\\Multi_0007.doc","ID_NOM":"N0031","ID_TRONCON":"T0238","ID_COURSDE":"N0031T0238","ORIGINE1":"TERRAIN","BCAE":"non","ZNT":"non"},"geometry":{"type":"LineString","coordinates":[[2.41283,49.02386],[2.41054,49.02432]]}},
{"type":"Feature","properties":{"NOM":"Le Ru de Bouqueval","ETAT":1,"CODE_MODIF":0,"DATE_MODIF":null,"MODIFICATI":null,"RAPPORT_UR":null,"ID_NOM":"N0031","ID_TRONCON":"T0239","ID_COURSDE":"N0031T0239","ORIGINE1":"SCAN25","BCAE":"oui","ZNT":"oui"},"geometry":{"type":"LineString","coordinates":[[2.46943,49.00718],[2.46885,49.00727],[2.46832,49.00727],[2.468,49.00734]]}},
{"type":"Feature","properties":{"NOM":"Le Ru de Bouqueval","ETAT":1,"CODE_MODIF":0,"DATE_MODIF":null,"MODIFICATI":null,"RAPPORT_UR":null,"ID_NOM":"N0031","ID_TRONCON":"T0240","ID_COURSDE":"N0031T0240","ORIGINE1":"SCAN25","BCAE":"oui","ZNT":"oui"},"geometry":{"type":"LineString","coordinates":[[2.468,49.00734],[2.46793,49.00735],[2.46777,49.00762],[2.46775,49.00807],[2.46769,49.0082],[2.46707,49.00849],[2.46676,49.00858],[2.46638,49.00874],[2.46604,49.00899],[2.46473,49.00946],[2.46441,49.00955],[2.46378,49.00968],[2.46212,49.01015],[2.46191,49.01024],[2.46126,49.01042],[2.46101,49.01043],[2.4609,49.01012]]}},
{"type":"Feature","properties":{"NOM":"Le Ru de Bouqueval","ETAT":0,"CODE_MODIF":5,"DATE_MODIF":"2010-11-26","MODIFICATI":"SUPPRESSION","RAPPORT_UR":"\\\\Sbl95-03\\gb_cons\\EAU\\N_MASSE_EAU\\L_COURS_DEAU_L_095\\Multi_0007.doc","ID_NOM":"N0031","ID_TRONCON":"T0241","ID_COURSDE":"N0031T0241","ORIGINE1":"TERRAIN","BCAE":"non","ZNT":"non"},"geometry":{"type":"LineString","coordinates":[[2.44655,49.01353],[2.44527,49.01279],[2.44471,49.01255],[2.44455,49.01252]]}},
{"type":"Feature","properties":{"NOM":"Le Ru de Bouqueval","ETAT":0,"CODE_MODIF":5,"DATE_MODIF":"2010-11-26","MODIFICATI":"SUPPRESSION","RAPPORT_UR":"\\\\Sbl95-03\\gb_cons\\EAU\\N_MASSE_EAU\\L_COURS_DEAU_L_095\\Multi_0007.doc","ID_NOM":"N0031","ID_TRONCON":"T0242","ID_COURSDE":"N0031T0242","ORIGINE1":"TERRAIN","BCAE":"non","ZNT":"non"},"geometry":{"type":"LineString","coordinates":[[2.44565,49.01206],[2.44578,49.01211],[2.44591,49.0121],[2.44768,49.01151],[2.44782,49.01154],[2.44917,49.01203],[2.44934,49.01203]]}},
{"type":"Feature","properties":{"NOM":"Le Ru de Bouqueval","ETAT":0,"CODE_MODIF":5,"DATE_MODIF":"2010-11-26","MODIFICATI":"SUPPRESSION","RAPPORT_UR":"\\\\Sbl95-03\\gb_cons\\EAU\\N_MASSE_EAU\\L_COURS_DEAU_L_095\\Multi_0007.doc","ID_NOM":"N0031","ID_TRONCON":"T0243","ID_COURSDE":"N0031T0243","ORIGINE1":"TERRAIN","BCAE":"non","ZNT":"non"},"geometry":{"type":"LineString","coordinates":[[2.4609,49.01012],[2.45913,49.00988],[2.4583,49.00987],[2.45724,49.00994],[2.45552,49.01017],[2.45345,49.01049],[2.45156,49.01089],[2.4511,49.0109],[2.44977,49.01112],[2.44952,49.01119],[2.44954,49.01123],[2.45031,49.01157],[2.45036,49.01163],[2.45036,49.01174]]}},
{"type":"Feature","properties":{"NOM":"Le Ru de Bouqueval","ETAT":0,"CODE_MODIF":5,"DATE_MODIF":"2010-11-26","MODIFICATI":"SUPPRESSION","RAPPORT_UR":"\\\\Sbl95-03\\gb_cons\\EAU\\N_MASSE_EAU\\L_COURS_DEAU_L_095\\Multi_0007.doc","ID_NOM":"N0031","ID_TRONCON":"T0244","ID_COURSDE":"N0031T0244","ORIGINE1":"TERRAIN","BCAE":"non","ZNT":"non"},"geometry":{"type":"LineString","coordinates":[[2.41054,49.02432],[2.40974,49.02427]]}},
{"type":"Feature","properties":{"NOM":"Le Ru de Bouqueval","ETAT":0,"CODE_MODIF":5,"DATE_MODIF":"2010-11-26","MODIFICATI":"SUPPRESSION","RAPPORT_UR":"\\\\Sbl95-03\\gb_cons\\EAU\\N_MASSE_EAU\\L_COURS_DEAU_L_095\\Multi_0007.doc","ID_NOM":"N0031","ID_TRONCON":"T0245","ID_COURSDE":"N0031T0245","ORIGINE1":"TERRAIN","BCAE":"non","ZNT":"non"},"geometry":{"type":"LineString","coordinates":[[2.40974,49.02427],[2.40939,49.0243],[2.40928,49.02442],[2.40857,49.02487]]}},
{"type":"Feature","properties":{"NOM":"Le Ru de Bouqueval","ETAT":0,"CODE_MODIF":5,"DATE_MODIF":"2010-11-26","MODIFICATI":"SUPPRESSION","RAPPORT_UR":"\\\\Sbl95-03\\gb_cons\\EAU\\N_MASSE_EAU\\L_COURS_DEAU_L_095\\Multi_0007.doc","ID_NOM":"N0031","ID_TRONCON":"T0246","ID_COURSDE":"N0031T0246","ORIGINE1":"TERRAIN","BCAE":"non","ZNT":"non"},"geometry":{"type":"LineString","coordinates":[[2.40597,49.02678],[2.40567,49.02701],[2.40559,49.02715],[2.40555,49.02804]]}},
{"type":"Feature","properties":{"NOM":"Le Ru de Bouqueval","ETAT":0,"CODE_MODIF":5,"DATE_MODIF":"2010-11-26","MODIFICATI":"SUPPRESSION","RAPPORT_UR":"\\\\Sbl95-03\\gb_cons\\EAU\\N_MASSE_EAU\\L_COURS_DEAU_L_095\\Multi_0007.doc","ID_NOM":"N0031","ID_TRONCON":"T0247","ID_COURSDE":"N0031T0247","ORIGINE1":"TERRAIN","BCAE":"non","ZNT":"non"},"geometry":{"type":"LineString","coordinates":[[2.40857,49.02487],[2.40597,49.02678]]}},
{"type":"Feature","properties":{"NOM":"Le Ru de Bouqueval","ETAT":0,"CODE_MODIF":5,"DATE_MODIF":"2010-11-26","MODIFICATI":"SUPPRESSION","RAPPORT_UR":"\\\\Sbl95-03\\gb_cons\\EAU\\N_MASSE_EAU\\L_COURS_DEAU_L_095\\Multi_0007.doc","ID_NOM":"N0031","ID_TRONCON":"T0248","ID_COURSDE":"N0031T0248","ORIGINE1":"TERRAIN","BCAE":"non","ZNT":"non"},"geometry":{"type":"LineString","coordinates":[[2.40449,49.02952],[2.40412,49.03012]]}},
{"type":"Feature","properties":{"NOM":"Le Ru de Bouqueval","ETAT":0,"CODE_MODIF":5,"DATE_MODIF":"2010-11-26","MODIFICATI":"SUPPRESSION","RAPPORT_UR":"\\\\Sbl95-03\\gb_cons\\EAU\\N_MASSE_EAU\\L_COURS_DEAU_L_095\\Multi_0007.doc","ID_NOM":"N0031","ID_TRONCON":"T0249","ID_COURSDE":"N0031T0249","ORIGINE1":"TERRAIN","BCAE":"non","ZNT":"non"},"geometry":{"type":"LineString","coordinates":[[2.44306,49.01281],[2.44359,49.01282],[2.44367,49.01279]]}},
{"type":"Feature","properties":{"NOM":"Le Ru de Bouqueval","ETAT":0,"CODE_MODIF":5,"DATE_MODIF":"2010-11-26","MODIFICATI":"SUPPRESSION","RAPPORT_UR":"\\\\Sbl95-03\\gb_cons\\EAU\\N_MASSE_EAU\\L_COURS_DEAU_L_095\\Multi_0007.doc","ID_NOM":"N0031","ID_TRONCON":"T0250","ID_COURSDE":"N0031T0250","ORIGINE1":"TERRAIN","BCAE":"non","ZNT":"non"},"geometry":{"type":"LineString","coordinates":[[2.45036,49.01174],[2.44934,49.01203]]}},
{"type":"Feature","properties":{"NOM":"Le Ru de Chaussy","ETAT":1,"CODE_MODIF":0,"DATE_MODIF":null,"MODIFICATI":null,"RAPPORT_UR":null,"ID_NOM":"N0032","ID_TRONCON":"T0251","ID_COURSDE":"N0032T0251","ORIGINE1":"SCAN25","BCAE":"oui","ZNT":"oui"},"geometry":{"type":"LineString","coordinates":[[1.66852,49.1403],[1.66847,49.14029]]}},
{"type":"Feature","properties":{"NOM":"Le Ru de Chaussy","ETAT":0,"CODE_MODIF":5,"DATE_MODIF":"2015-05-13","MODIFICATI":"SUPPRESSION","RAPPORT_UR":null,"ID_NOM":"N0032","ID_TRONCON":"T0252","ID_COURSDE":"N0032T0252","ORIGINE1":"TERRAIN","BCAE":"non","ZNT":"non"},"geometry":{"type":"LineString","coordinates":[[1.65646,49.146],[1.65527,49.14613],[1.65451,49.14614]]}},
{"type":"Feature","properties":{"NOM":"Le Ru de Chaussy","ETAT":1,"CODE_MODIF":0,"DATE_MODIF":null,"MODIFICATI":null,"RAPPORT_UR":null,"ID_NOM":"N0032","ID_TRONCON":"T0253","ID_COURSDE":"N0032T0253","ORIGINE1":"SCAN25","BCAE":"oui","ZNT":"oui"},"geometry":{"type":"LineString","coordinates":[[1.67928,49.13125],[1.67907,49.13168],[1.67887,49.13199],[1.67797,49.13322],[1.67785,49.13332],[1.67516,49.13437],[1.67473,49.13451],[1.67439,49.13459],[1.67197,49.13564],[1.67125,49.13587],[1.67098,49.13604],[1.66935,49.13829],[1.66907,49.13862],[1.66847,49.14029],[1.66823,49.14069],[1.66799,49.14096],[1.66772,49.14112],[1.66736,49.14123],[1.66676,49.14134],[1.66643,49.14143],[1.66626,49.14157],[1.66522,49.14291],[1.66516,49.14306],[1.66517,49.14318],[1.66538,49.14361],[1.66545,49.14386],[1.66543,49.14397],[1.66533,49.14413],[1.66495,49.14431],[1.66384,49.14461],[1.66324,49.14488],[1.66152,49.14524],[1.66119,49.14546],[1.66108,49.14561],[1.66077,49.14574],[1.66041,49.14581],[1.65958,49.14567],[1.65926,49.14567],[1.65852,49.14584],[1.65818,49.14584],[1.65722,49.14571],[1.65707,49.14573],[1.65699,49.14583],[1.65673,49.14598],[1.65646,49.146]]}},
{"type":"Feature","properties":{"NOM":"Le Ru de Chaussy","ETAT":1,"CODE_MODIF":0,"DATE_MODIF":null,"MODIFICATI":null,"RAPPORT_UR":null,"ID_NOM":"N0032","ID_TRONCON":"T0254","ID_COURSDE":"N0032T0254","ORIGINE1":"SCAN25","BCAE":"oui","ZNT":"oui"},"geometry":{"type":"LineString","coordinates":[[1.68173,49.12726],[1.68156,49.12747],[1.68118,49.12782],[1.68101,49.12808],[1.68087,49.12816],[1.68002,49.12907],[1.67975,49.12941],[1.67962,49.12969],[1.67928,49.13125]]}},
{"type":"Feature","properties":{"NOM":"Le Ru de Chaussy","ETAT":1,"CODE_MODIF":0,"DATE_MODIF":null,"MODIFICATI":null,"RAPPORT_UR":null,"ID_NOM":"N0032","ID_TRONCON":"T0255","ID_COURSDE":"N0032T0255","ORIGINE1":"SCAN25","BCAE":"oui","ZNT":"oui"},"geometry":{"type":"LineString","coordinates":[[1.68876,49.12511],[1.68836,49.12545],[1.68796,49.1257],[1.68717,49.12591],[1.68653,49.12614],[1.6859,49.12629],[1.68563,49.12624],[1.68512,49.12626],[1.68488,49.12632],[1.68451,49.12647],[1.68397,49.12665],[1.68366,49.12672],[1.6832,49.12674],[1.68204,49.12704],[1.68173,49.12726]]}},
{"type":"Feature","properties":{"NOM":"Le Ru de Chaussy","ETAT":1,"CODE_MODIF":0,"DATE_MODIF":null,"MODIFICATI":null,"RAPPORT_UR":null,"ID_NOM":"N0032","ID_TRONCON":"T0256","ID_COURSDE":"N0032T0256","ORIGINE1":"SCAN25","BCAE":"oui","ZNT":"oui"},"geometry":{"type":"MultiLineString","coordinates":[[[1.69253,49.12353],[1.69322,49.12343],[1.69432,49.12287],[1.6948,49.12266],[1.69569,49.12247],[1.69655,49.12203],[1.69701,49.12172],[1.69967,49.12076],[1.70009,49.12078],[1.70085,49.12063],[1.70161,49.12029],[1.70197,49.12018],[1.70263,49.11986],[1.70357,49.11949],[1.70401,49.11938],[1.70428,49.11899]],[[1.69257,49.12352],[1.69253,49.12353],[1.69204,49.12372],[1.69176,49.12388],[1.69164,49.12399],[1.69137,49.12438],[1.69083,49.12466],[1.69069,49.12471],[1.69012,49.12477],[1.69007,49.12483],[1.68994,49.12487],[1.68876,49.12511]]]}},
{"type":"Feature","properties":{"NOM":"Le Ru de Chaussy","ETAT":2,"CODE_MODIF":0,"DATE_MODIF":null,"MODIFICATI":null,"RAPPORT_UR":null,"ID_NOM":"N0032","ID_TRONCON":"T0257","ID_COURSDE":"N0032T0257","ORIGINE1":"SCAN25","BCAE":"non","ZNT":"oui"},"geometry":{"type":"LineString","coordinates":[[1.70401,49.11938],[1.70704,49.11895],[1.70742,49.11865],[1.70764,49.11881],[1.71077,49.11615],[1.71093,49.11573],[1.71316,49.11509],[1.7133,49.11498],[1.7133,49.11494],[1.71315,49.11486],[1.71325,49.11473],[1.71362,49.11478],[1.71397,49.11442],[1.71463,49.11389],[1.7157,49.11346],[1.7164,49.11336]]}},
{"type":"Feature","properties":{"NOM":"Le Ru de Fréval","ETAT":1,"CODE_MODIF":0,"DATE_MODIF":null,"MODIFICATI":null,"RAPPORT_UR":null,"ID_NOM":"N0033","ID_TRONCON":"T0258","ID_COURSDE":"N0033T0258","ORIGINE1":"SCAN25","BCAE":"oui","ZNT":"oui"},"geometry":{"type":"LineString","coordinates":[[2.38714,49.13977],[2.3867,49.13861],[2.38562,49.13814],[2.38384,49.13708],[2.38286,49.13638],[2.38236,49.13593],[2.3819,49.13527],[2.3818,49.13523],[2.38157,49.1352],[2.38142,49.13506],[2.38077,49.13493],[2.38025,49.13392],[2.38012,49.13373],[2.37991,49.13352],[2.37966,49.13294],[2.37925,49.13148],[2.37891,49.13085],[2.37874,49.12997],[2.3784,49.12982],[2.37827,49.12964],[2.37794,49.12946],[2.37779,49.12923],[2.37748,49.129],[2.37728,49.12864],[2.37703,49.12853],[2.37648,49.12792],[2.37644,49.12766],[2.37661,49.12748],[2.37661,49.12735],[2.37646,49.12706],[2.37604,49.12679],[2.37592,49.12666],[2.37585,49.12646],[2.37529,49.12628],[2.37524,49.12619],[2.37515,49.12612],[2.37481,49.12602],[2.37436,49.12583],[2.37382,49.12544],[2.3729,49.12514],[2.3726,49.1248],[2.37251,49.12474],[2.371,49.12482],[2.36964,49.12494],[2.36935,49.1249],[2.36789,49.12423],[2.36722,49.12406],[2.36704,49.12391],[2.36661,49.12374],[2.36655,49.1236],[2.36667,49.12315]]}},
{"type":"Feature","properties":{"NOM":"Le Ru de Fréval","ETAT":1,"CODE_MODIF":0,"DATE_MODIF":null,"MODIFICATI":null,"RAPPORT_UR":null,"ID_NOM":"N0033","ID_TRONCON":"T0259","ID_COURSDE":"N0033T0259","ORIGINE1":"SCAN25","BCAE":"oui","ZNT":"oui"},"geometry":{"type":"LineString","coordinates":[[2.35588,49.1222],[2.35703,49.12247],[2.35737,49.12258],[2.35757,49.12268],[2.35777,49.12273],[2.35851,49.12262],[2.35961,49.12264],[2.36058,49.12253],[2.36331,49.12262],[2.36379,49.1226],[2.36387,49.12278],[2.36413,49.12285],[2.36434,49.12285],[2.36434,49.12295],[2.36443,49.12298],[2.36468,49.12284],[2.36612,49.12306],[2.36636,49.12314],[2.36667,49.12315]]}},
{"type":"Feature","properties":{"NOM":"Le Ru de Frouville","ETAT":1,"CODE_MODIF":0,"DATE_MODIF":null,"MODIFICATI":null,"RAPPORT_UR":null,"ID_NOM":"N0034","ID_TRONCON":"T0260","ID_COURSDE":"N0034T0260","ORIGINE1":"SCAN25","BCAE":"oui","ZNT":"oui"},"geometry":{"type":"MultiLineString","coordinates":[[[2.15649,49.14138],[2.15608,49.14169],[2.15568,49.14208],[2.15134,49.14471],[2.14972,49.1456],[2.14963,49.14582],[2.14881,49.14704],[2.14871,49.1474],[2.14849,49.14762],[2.14815,49.14785],[2.14793,49.14814],[2.1475,49.14834],[2.14706,49.1489],[2.14663,49.15018],[2.14639,49.15118],[2.14593,49.15172],[2.14529,49.1519],[2.14507,49.15204],[2.14474,49.15215],[2.14465,49.15222],[2.14445,49.15272],[2.14436,49.15284],[2.14434,49.15305],[2.14408,49.15341],[2.144,49.15397],[2.14419,49.15426],[2.14452,49.1546]],[[2.15649,49.1414],[2.15694,49.14112],[2.15701,49.14065],[2.15756,49.13993],[2.15843,49.13926],[2.15846,49.1392],[2.15842,49.13908],[2.15823,49.13887]]]}},
{"type":"Feature","properties":{"NOM":"Le Ru de Génainville","ETAT":1,"CODE_MODIF":0,"DATE_MODIF":null,"MODIFICATI":null,"RAPPORT_UR":null,"ID_NOM":"N0035","ID_TRONCON":"T0261","ID_COURSDE":"N0035T0261","ORIGINE1":"SCAN25","BCAE":"oui","ZNT":"oui"},"geometry":{"type":"LineString","coordinates":[[1.75552,49.12445],[1.75499,49.12483],[1.75408,49.12537],[1.7535,49.1258],[1.75307,49.12561],[1.75286,49.12575],[1.75262,49.12613],[1.75248,49.12627],[1.75209,49.12644],[1.75179,49.12669],[1.75161,49.12674],[1.75153,49.12683],[1.75162,49.12691],[1.75149,49.12709],[1.7515,49.12719],[1.75184,49.12766],[1.75189,49.12781],[1.75193,49.12846],[1.75186,49.12905],[1.75167,49.12942],[1.75177,49.12954],[1.75174,49.12966],[1.7518,49.12983],[1.75185,49.12987],[1.75169,49.13011],[1.75177,49.13036],[1.75162,49.13044],[1.75169,49.13057],[1.75149,49.13072],[1.75145,49.13097],[1.75138,49.13106],[1.75069,49.13138],[1.75045,49.13154],[1.75025,49.13178],[1.75003,49.13177],[1.74977,49.13183],[1.74915,49.13189],[1.74867,49.13198],[1.74785,49.13215],[1.74751,49.13225],[1.74728,49.13237],[1.74704,49.13225],[1.74694,49.13228],[1.74684,49.13273],[1.74638,49.13291],[1.74583,49.13287],[1.74542,49.13302],[1.74439,49.13352],[1.74411,49.13355]]}},
{"type":"Feature","properties":{"NOM":"Le Ru de Génainville","ETAT":1,"CODE_MODIF":0,"DATE_MODIF":null,"MODIFICATI":null,"RAPPORT_UR":null,"ID_NOM":"N0035","ID_TRONCON":"T0262","ID_COURSDE":"N0035T0262","ORIGINE1":"SCAN25","BCAE":"oui","ZNT":"oui"},"geometry":{"type":"LineString","coordinates":[[1.75653,49.12268],[1.75619,49.12375],[1.75611,49.12388],[1.75585,49.12389],[1.7558,49.12394],[1.75577,49.12404],[1.75582,49.12416],[1.75578,49.12435],[1.75552,49.12445]]}},
{"type":"Feature","properties":{"NOM":"Le Ru de Génainville","ETAT":1,"CODE_MODIF":0,"DATE_MODIF":null,"MODIFICATI":null,"RAPPORT_UR":null,"ID_NOM":"N0035","ID_TRONCON":"T0263","ID_COURSDE":"N0035T0263","ORIGINE1":"SCAN25","BCAE":"oui","ZNT":"oui"},"geometry":{"type":"MultiLineString","coordinates":[[[1.74411,49.13355],[1.74343,49.1336],[1.74328,49.13371],[1.74315,49.13415],[1.74284,49.13486],[1.74271,49.1354],[1.74266,49.13592],[1.74244,49.13666],[1.74173,49.1371],[1.74167,49.13728],[1.74169,49.1379],[1.74173,49.1381],[1.74189,49.13832],[1.74204,49.13861],[1.74211,49.13892],[1.74197,49.13935],[1.74197,49.13975],[1.74192,49.13993]],[[1.74192,49.13993],[1.74197,49.14017],[1.74208,49.14025],[1.74205,49.14037],[1.74222,49.14086],[1.74227,49.14093],[1.74246,49.141],[1.74251,49.14105],[1.74258,49.14143],[1.74279,49.14164],[1.74283,49.14184],[1.74301,49.1422],[1.7434,49.14281],[1.74353,49.14324],[1.7435,49.14351],[1.74366,49.14382],[1.7441,49.14422],[1.74288,49.14485],[1.74266,49.145],[1.74247,49.14519],[1.74228,49.14548],[1.74227,49.14557]]]}},
{"type":"Feature","properties":{"NOM":"Le Ru de Génainville","ETAT":2,"CODE_MODIF":0,"DATE_MODIF":null,"MODIFICATI":null,"RAPPORT_UR":null,"ID_NOM":"N0035","ID_TRONCON":"T0264","ID_COURSDE":"N0035T0264","ORIGINE1":"SCAN25","BCAE":"non","ZNT":"oui"},"geometry":{"type":"LineString","coordinates":[[1.76133,49.12094],[1.76281,49.12086],[1.76313,49.12089],[1.76332,49.12095],[1.76358,49.12121],[1.7637,49.12127],[1.76671,49.12132],[1.76769,49.12123],[1.76825,49.12114],[1.7687,49.12101],[1.76919,49.12075],[1.77,49.12014],[1.77159,49.11992],[1.77262,49.11994],[1.77354,49.11978],[1.77422,49.11946],[1.7757,49.11924],[1.77659,49.11915],[1.7773,49.11913],[1.77842,49.11876],[1.77962,49.11857],[1.78,49.11847],[1.78022,49.11839],[1.78052,49.11816],[1.78076,49.11791],[1.78111,49.11725],[1.78118,49.1172],[1.78137,49.11714],[1.78289,49.11682],[1.78405,49.11682],[1.78513,49.11677],[1.7862,49.11683],[1.78645,49.11687],[1.78664,49.11686],[1.78899,49.11637],[1.79021,49.11615],[1.79045,49.11614],[1.79196,49.11454],[1.79161,49.11396],[1.79093,49.1131],[1.7908,49.11296],[1.79054,49.11284],[1.79028,49.11266],[1.78974,49.11207],[1.78975,49.11084],[1.79037,49.11032],[1.79063,49.11015],[1.79084,49.10725],[1.79007,49.10592],[1.78988,49.10566],[1.78758,49.10286],[1.7877,49.10227],[1.78705,49.10136],[1.78555,49.09952],[1.78482,49.09802],[1.78389,49.09751],[1.78219,49.09648],[1.78178,49.09632],[1.7805,49.09613],[1.78001,49.09589],[1.77853,49.09559],[1.77794,49.09534],[1.77723,49.09499],[1.77615,49.09482],[1.77559,49.09462],[1.77531,49.09455],[1.77513,49.0944],[1.77388,49.09401]]}},
{"type":"Feature","properties":{"NOM":"Le Ru de Génainville","ETAT":1,"CODE_MODIF":0,"DATE_MODIF":null,"MODIFICATI":null,"RAPPORT_UR":null,"ID_NOM":"N0035","ID_TRONCON":"T0265","ID_COURSDE":"N0035T0265","ORIGINE1":"SCAN25","BCAE":"oui","ZNT":"oui"},"geometry":{"type":"LineString","coordinates":[[1.76133,49.12094],[1.76058,49.12096],[1.76039,49.121],[1.76021,49.1211],[1.75933,49.12105],[1.75844,49.12141],[1.75783,49.12187],[1.75713,49.12209],[1.75665,49.12245],[1.75653,49.12268]]}},
{"type":"Feature","properties":{"NOM":"Le Ru de Grainval","ETAT":1,"CODE_MODIF":1,"DATE_MODIF":"2010-08-21","MODIFICATI":"ETAT 2 EN 1","RAPPORT_UR":null,"ID_NOM":"N0036","ID_TRONCON":"T0266","ID_COURSDE":"N0036T0266","ORIGINE1":"TERRAIN","BCAE":"oui","ZNT":"oui"},"geometry":{"type":"LineString","coordinates":[[2.15609,49.16701],[2.15595,49.16636],[2.15576,49.16574],[2.15567,49.16555],[2.15536,49.16524],[2.15449,49.16468],[2.15367,49.1643],[2.15348,49.16424],[2.15273,49.16427],[2.1519,49.16404],[2.15119,49.16365],[2.15072,49.16329],[2.15066,49.16312],[2.1508,49.16298],[2.15086,49.16273],[2.15096,49.16269],[2.1511,49.16257],[2.15108,49.16248],[2.15097,49.1624],[2.1505,49.1622],[2.15036,49.16208],[2.15012,49.16162],[2.14957,49.16095],[2.14943,49.16061],[2.14945,49.16021],[2.14961,49.15968],[2.14977,49.15936],[2.14979,49.15864],[2.14664,49.15694],[2.14591,49.15671],[2.14561,49.15657],[2.1455,49.15576],[2.14518,49.15463],[2.14452,49.1546]]}},
{"type":"Feature","properties":{"NOM":"Le Ru de Guiry","ETAT":1,"CODE_MODIF":0,"DATE_MODIF":null,"MODIFICATI":null,"RAPPORT_UR":null,"ID_NOM":"N0037","ID_TRONCON":"T0267","ID_COURSDE":"N0037T0267","ORIGINE1":"SCAN25","BCAE":"oui","ZNT":"oui"},"geometry":{"type":"LineString","coordinates":[[1.85091,49.10747],[1.85202,49.10705],[1.85451,49.10602],[1.85461,49.10577],[1.85478,49.10565],[1.8553,49.1055],[1.85597,49.1052],[1.85852,49.10397],[1.85912,49.10372],[1.85932,49.10357],[1.86101,49.10324],[1.86202,49.10295],[1.86295,49.10273],[1.86375,49.10259],[1.86441,49.10243],[1.86518,49.10231],[1.86558,49.1022],[1.86633,49.10189],[1.86725,49.10139],[1.86786,49.10101],[1.8694,49.10026],[1.87,49.0999],[1.87161,49.09903],[1.87293,49.09841],[1.87347,49.09824],[1.87508,49.0976],[1.87643,49.097],[1.87676,49.0968],[1.87713,49.09664],[1.87736,49.09663],[1.87836,49.09639],[1.88071,49.09575],[1.88283,49.09512],[1.88522,49.09409],[1.88607,49.09364],[1.88657,49.09343],[1.88687,49.09336],[1.88747,49.09317],[1.88848,49.09297],[1.88998,49.09261]]}},
{"type":"Feature","properties":{"NOM":"Le Ru de Jouy","ETAT":1,"CODE_MODIF":1,"DATE_MODIF":"2010-12-02","MODIFICATI":"ETAT 2 EN 1","RAPPORT_UR":"\\\\Sbl95-03\\gb_cons\\EAU\\N_MASSE_EAU\\L_COURS_DEAU_L_095\\Multi_0007.doc","ID_NOM":"N0038","ID_TRONCON":"T0268","ID_COURSDE":"N0038T0268","ORIGINE1":"TERRAIN","BCAE":"oui","ZNT":"oui"},"geometry":{"type":"LineString","coordinates":[[2.20207,49.14672],[2.20223,49.14657],[2.20255,49.14638],[2.20312,49.14612],[2.20399,49.14579],[2.20471,49.1456],[2.20543,49.14532],[2.20581,49.14511],[2.20599,49.14491],[2.20629,49.14435],[2.20634,49.14415],[2.20637,49.1439],[2.20623,49.14333],[2.20633,49.14251],[2.20643,49.14221],[2.20696,49.1415],[2.20693,49.14113],[2.20697,49.14078],[2.20696,49.14039],[2.20712,49.14009],[2.2073,49.13993],[2.20724,49.13972],[2.20728,49.13965],[2.20737,49.13952],[2.20759,49.13939],[2.20764,49.13932],[2.20775,49.13894],[2.20774,49.13869],[2.2078,49.13847],[2.20789,49.13834],[2.20816,49.13806],[2.20812,49.13788],[2.20816,49.13767],[2.20811,49.13723],[2.20814,49.13709],[2.20833,49.13692],[2.20863,49.13681],[2.20873,49.13673],[2.20901,49.13633],[2.20903,49.13609],[2.2094,49.13584],[2.20992,49.13519],[2.20958,49.1344],[2.20943,49.13417],[2.20933,49.13383],[2.20921,49.13361],[2.20897,49.13327],[2.20875,49.1331],[2.20875,49.13298],[2.20853,49.13247],[2.20841,49.13207],[2.2083,49.13194],[2.20789,49.13163],[2.20787,49.13153],[2.20795,49.13142]]}},
{"type":"Feature","properties":{"NOM":"Le Ru de Jouy","ETAT":1,"CODE_MODIF":0,"DATE_MODIF":null,"MODIFICATI":null,"RAPPORT_UR":null,"ID_NOM":"N0038","ID_TRONCON":"T0269","ID_COURSDE":"N0038T0269","ORIGINE1":"SCAN25","BCAE":"oui","ZNT":"oui"},"geometry":{"type":"LineString","coordinates":[[2.20795,49.13142],[2.20795,49.13137],[2.20777,49.13129],[2.20762,49.13113],[2.20759,49.13084],[2.20746,49.13064],[2.20742,49.1301],[2.20759,49.12926],[2.20768,49.12905],[2.20811,49.12885],[2.20827,49.1286],[2.2085,49.12849],[2.20971,49.12776],[2.2105,49.12739],[2.21076,49.12708],[2.21106,49.12685],[2.21128,49.12661],[2.21167,49.1264],[2.21175,49.12609],[2.21244,49.12589],[2.21276,49.12584],[2.21354,49.12559],[2.21378,49.1255],[2.21387,49.12543],[2.21437,49.12536],[2.21465,49.12522],[2.21483,49.12531],[2.21491,49.12531],[2.21526,49.12512],[2.21578,49.12493],[2.21684,49.12424],[2.21732,49.12385]]}},
{"type":"Feature","properties":{"NOM":"Le Ru de l'Eau Brillante","ETAT":1,"CODE_MODIF":0,"DATE_MODIF":null,"MODIFICATI":null,"RAPPORT_UR":null,"ID_NOM":"N0039","ID_TRONCON":"T0270","ID_COURSDE":"N0039T0270","ORIGINE1":"SCAN25","BCAE":"oui","ZNT":"oui"},"geometry":{"type":"MultiLineString","coordinates":[[[1.86614,49.03377],[1.86673,49.03406],[1.86708,49.0343],[1.8672,49.03434],[1.86721,49.03451],[1.86749,49.03476],[1.86761,49.03481],[1.86783,49.03478],[1.86795,49.0353],[1.86822,49.03576],[1.86835,49.03612],[1.86872,49.03663],[1.86894,49.03708],[1.869,49.03735],[1.86896,49.03747],[1.86903,49.03766],[1.86922,49.03786],[1.86933,49.0381],[1.87035,49.0391],[1.87029,49.03984],[1.8703,49.03991],[1.87038,49.03999],[1.87036,49.04014],[1.8705,49.04011],[1.87063,49.04015],[1.87072,49.04024],[1.87078,49.04043],[1.87094,49.0405],[1.87098,49.0406],[1.87107,49.04067],[1.87105,49.04077],[1.87112,49.0409],[1.87111,49.04096],[1.87104,49.04109],[1.8709,49.0412],[1.87144,49.04189],[1.87161,49.04206],[1.87198,49.04235],[1.87233,49.04255],[1.87224,49.04264],[1.87311,49.04323],[1.87298,49.04347],[1.87259,49.04389],[1.87264,49.04408],[1.87254,49.04415],[1.87241,49.04417]],[[1.87197,49.04483],[1.87227,49.04455],[1.87243,49.04432],[1.87241,49.04417],[1.87236,49.04411],[1.87223,49.0441],[1.872,49.0442],[1.87188,49.04469],[1.87197,49.04483],[1.87237,49.04508],[1.87268,49.04521],[1.87288,49.04546],[1.87301,49.04549],[1.87308,49.04559],[1.87319,49.0456],[1.87329,49.04555],[1.87363,49.04556],[1.87386,49.04572],[1.87413,49.04584],[1.87425,49.04597],[1.87456,49.04606],[1.87457,49.0461],[1.87455,49.04625],[1.87441,49.04631],[1.87443,49.04636],[1.87433,49.04644],[1.87435,49.04652],[1.87428,49.04659],[1.87424,49.04676],[1.87409,49.04696],[1.87428,49.04735],[1.87367,49.04746],[1.87332,49.04765],[1.87297,49.04754],[1.87273,49.04759],[1.87115,49.04857],[1.87094,49.04874],[1.87103,49.049],[1.87154,49.04947]]]}},
{"type":"Feature","properties":{"NOM":"Le Ru de l'Eau Brillante","ETAT":2,"CODE_MODIF":0,"DATE_MODIF":null,"MODIFICATI":null,"RAPPORT_UR":null,"ID_NOM":"N0039","ID_TRONCON":"T0271","ID_COURSDE":"N0039T0271","ORIGINE1":"SCAN25","BCAE":"non","ZNT":"oui"},"geometry":{"type":"LineString","coordinates":[[1.88562,49.05191],[1.88364,49.05081],[1.88268,49.05032],[1.88145,49.04941],[1.88069,49.04891],[1.88025,49.04886]]}},
{"type":"Feature","properties":{"NOM":"Le Ru de l'Eau Brillante","ETAT":2,"CODE_MODIF":0,"DATE_MODIF":null,"MODIFICATI":null,"RAPPORT_UR":null,"ID_NOM":"N0039","ID_TRONCON":"T0272","ID_COURSDE":"N0039T0272","ORIGINE1":"SCAN25","BCAE":"non","ZNT":"oui"},"geometry":{"type":"LineString","coordinates":[[1.87154,49.04947],[1.87153,49.04998],[1.87143,49.05023],[1.87156,49.05041],[1.87136,49.05078],[1.87117,49.05129],[1.87089,49.05153],[1.87076,49.05158],[1.87027,49.05163],[1.86951,49.05196],[1.86903,49.05252],[1.86884,49.05252],[1.86838,49.05289],[1.86834,49.053],[1.86837,49.05321],[1.86773,49.05375],[1.86766,49.05387],[1.86748,49.0546],[1.86744,49.05501],[1.86747,49.05536]]}},
{"type":"Feature","properties":{"NOM":"Le Ru de l'Eau Brillante","ETAT":2,"CODE_MODIF":0,"DATE_MODIF":null,"MODIFICATI":null,"RAPPORT_UR":null,"ID_NOM":"N0039","ID_TRONCON":"T0273","ID_COURSDE":"N0039T0273","ORIGINE1":"SCAN25","BCAE":"non","ZNT":"oui"},"geometry":{"type":"LineString","coordinates":[[1.85677,49.06086],[1.85699,49.06102],[1.85565,49.06138],[1.85504,49.06176],[1.85502,49.06186],[1.8555,49.06245],[1.85575,49.06263],[1.85634,49.06366],[1.85661,49.06441],[1.85662,49.06471],[1.85657,49.06515],[1.85681,49.06583],[1.85692,49.06601],[1.85693,49.06612]]}},
{"type":"Feature","properties":{"NOM":"Le Ru de l'Eau Brillante","ETAT":2,"CODE_MODIF":0,"DATE_MODIF":null,"MODIFICATI":null,"RAPPORT_UR":null,"ID_NOM":"N0039","ID_TRONCON":"T0274","ID_COURSDE":"N0039T0274","ORIGINE1":"SCAN25","BCAE":"non","ZNT":"oui"},"geometry":{"type":"LineString","coordinates":[[1.87063,49.06422],[1.86996,49.0646],[1.86982,49.06454],[1.8695,49.0647],[1.86912,49.06494],[1.86858,49.06521],[1.86853,49.06534],[1.86775,49.06562],[1.86672,49.06575],[1.86633,49.06567],[1.86626,49.0657],[1.86604,49.06567],[1.86588,49.0658],[1.8654,49.06563],[1.86474,49.06606],[1.86464,49.06599],[1.86451,49.06598],[1.86348,49.066]]}},
{"type":"Feature","properties":{"NOM":"Le Ru de l'Eau Brillante","ETAT":2,"CODE_MODIF":0,"DATE_MODIF":null,"MODIFICATI":null,"RAPPORT_UR":null,"ID_NOM":"N0039","ID_TRONCON":"T0275","ID_COURSDE":"N0039T0275","ORIGINE1":"SCAN25","BCAE":"non","ZNT":"oui"},"geometry":{"type":"LineString","coordinates":[[1.86747,49.05536],[1.86785,49.05586],[1.8681,49.05769],[1.86818,49.0579],[1.86842,49.05827],[1.86881,49.05873],[1.86926,49.05901],[1.87031,49.05947],[1.87034,49.05958],[1.87026,49.05985],[1.86992,49.0607],[1.87155,49.06231],[1.87205,49.06285],[1.87073,49.06353],[1.87017,49.06386],[1.87063,49.06422]]}},
{"type":"Feature","properties":{"NOM":"Le Ru de l'Eau Brillante","ETAT":0,"CODE_MODIF":0,"DATE_MODIF":"2015-05-11","MODIFICATI":"FOSSÉ","RAPPORT_UR":null,"ID_NOM":"N0039","ID_TRONCON":"T0276","ID_COURSDE":"N0039T0276","ORIGINE1":"SCAN25","BCAE":"non","ZNT":"non"},"geometry":{"type":"LineString","coordinates":[[1.86747,49.05536],[1.8675,49.05627],[1.86727,49.0566],[1.86715,49.05708],[1.86685,49.05721],[1.86673,49.05733],[1.86659,49.05736],[1.86643,49.05733],[1.86534,49.05743],[1.86453,49.05763],[1.86414,49.05779],[1.86346,49.05839],[1.86336,49.05851],[1.86239,49.05921],[1.86224,49.05922],[1.86192,49.05907],[1.86176,49.05908],[1.86087,49.05928],[1.85981,49.05958],[1.85876,49.05989],[1.85824,49.06009],[1.85771,49.06033],[1.85677,49.06086]]}},
{"type":"Feature","properties":{"NOM":"Le Ru de l'Eau Brillante","ETAT":1,"CODE_MODIF":0,"DATE_MODIF":null,"MODIFICATI":null,"RAPPORT_UR":null,"ID_NOM":"N0039","ID_TRONCON":"T0277","ID_COURSDE":"N0039T0277","ORIGINE1":"SCAN25","BCAE":"oui","ZNT":"oui"},"geometry":{"type":"LineString","coordinates":[[1.87435,49.04652],[1.8747,49.0467],[1.87533,49.04684],[1.87602,49.04709],[1.87657,49.04746],[1.87805,49.04779],[1.87848,49.04809],[1.87882,49.04787],[1.87905,49.04799],[1.88025,49.04886]]}},
{"type":"Feature","properties":{"NOM":"Le Ru de l'Hermitage","ETAT":2,"CODE_MODIF":0,"DATE_MODIF":null,"MODIFICATI":null,"RAPPORT_UR":null,"ID_NOM":"N0040","ID_TRONCON":"T0278","ID_COURSDE":"N0040T0278","ORIGINE1":"SCAN25","BCAE":"non","ZNT":"oui"},"geometry":{"type":"LineString","coordinates":[[2.10502,49.06505],[2.10458,49.06563],[2.10444,49.06586],[2.1044,49.06603],[2.10448,49.06623],[2.10475,49.06659],[2.1049,49.06707]]}},
{"type":"Feature","properties":{"NOM":"Le Ru de l'Hermitage","ETAT":2,"CODE_MODIF":0,"DATE_MODIF":null,"MODIFICATI":null,"RAPPORT_UR":null,"ID_NOM":"N0040","ID_TRONCON":"T0279","ID_COURSDE":"N0040T0279","ORIGINE1":"SCAN25","BCAE":"non","ZNT":"oui"},"geometry":{"type":"LineString","coordinates":[[2.10485,49.0631],[2.10516,49.06405],[2.10525,49.06495],[2.10502,49.06505]]}},
{"type":"Feature","properties":{"NOM":"Le Ru de l'Hermitage","ETAT":2,"CODE_MODIF":0,"DATE_MODIF":null,"MODIFICATI":null,"RAPPORT_UR":null,"ID_NOM":"N0040","ID_TRONCON":"T0280","ID_COURSDE":"N0040T0280","ORIGINE1":"SCAN25","BCAE":"non","ZNT":"oui"},"geometry":{"type":"LineString","coordinates":[[2.10541,49.06031],[2.10652,49.06014],[2.10693,49.05994],[2.1074,49.05964],[2.10734,49.05927],[2.10728,49.05913],[2.10701,49.05898],[2.10674,49.05872],[2.10641,49.0585],[2.10515,49.05784],[2.10449,49.05757],[2.1043,49.05743]]}},
{"type":"Feature","properties":{"NOM":"Le Ru de l'Hermitage","ETAT":2,"CODE_MODIF":0,"DATE_MODIF":null,"MODIFICATI":null,"RAPPORT_UR":null,"ID_NOM":"N0040","ID_TRONCON":"T0281","ID_COURSDE":"N0040T0281","ORIGINE1":"SCAN25","BCAE":"non","ZNT":"oui"},"geometry":{"type":"LineString","coordinates":[[2.1043,49.05743],[2.10417,49.05721]]}},
{"type":"Feature","properties":{"NOM":"Le Ru de l'Hermitage","ETAT":2,"CODE_MODIF":0,"DATE_MODIF":null,"MODIFICATI":null,"RAPPORT_UR":null,"ID_NOM":"N0040","ID_TRONCON":"T0282","ID_COURSDE":"N0040T0282","ORIGINE1":"SCAN25","BCAE":"non","ZNT":"oui"},"geometry":{"type":"LineString","coordinates":[[2.10417,49.05721],[2.10413,49.05691],[2.10466,49.05654],[2.10532,49.05633],[2.10588,49.05593],[2.10595,49.05572],[2.10654,49.05531],[2.10654,49.05484],[2.10641,49.05469],[2.10576,49.05458],[2.10543,49.05446],[2.10535,49.05436],[2.10513,49.05428],[2.10501,49.05389],[2.10508,49.0534],[2.10515,49.05322],[2.10527,49.0532]]}},
{"type":"Feature","properties":{"NOM":"Le Ru de l'Hermitage","ETAT":2,"CODE_MODIF":0,"DATE_MODIF":null,"MODIFICATI":null,"RAPPORT_UR":null,"ID_NOM":"N0040","ID_TRONCON":"T0283","ID_COURSDE":"N0040T0283","ORIGINE1":"SCAN25","BCAE":"non","ZNT":"oui"},"geometry":{"type":"LineString","coordinates":[[2.10541,49.06031],[2.10497,49.06041],[2.10478,49.06058],[2.10464,49.06081],[2.1042,49.06178],[2.10413,49.06224],[2.10416,49.0626],[2.10428,49.06282],[2.10439,49.06294],[2.1046,49.06308],[2.1047,49.06311],[2.10485,49.0631]]}},
{"type":"Feature","properties":{"NOM":"Le Ru de l'Hermitage","ETAT":1,"CODE_MODIF":0,"DATE_MODIF":null,"MODIFICATI":null,"RAPPORT_UR":null,"ID_NOM":"N0040","ID_TRONCON":"T0284","ID_COURSDE":"N0040T0284","ORIGINE1":"SCAN25","BCAE":"oui","ZNT":"oui"},"geometry":{"type":"LineString","coordinates":[[2.10527,49.0532],[2.10574,49.05271],[2.10581,49.05258],[2.10591,49.05202],[2.10597,49.05194],[2.10626,49.05173],[2.10629,49.05166],[2.10624,49.05158],[2.10594,49.0513],[2.10633,49.05079]]}},
{"type":"Feature","properties":{"NOM":"Le Ru de la Couleuvre","ETAT":1,"CODE_MODIF":0,"DATE_MODIF":null,"MODIFICATI":null,"RAPPORT_UR":null,"ID_NOM":"N0041","ID_TRONCON":"T0285","ID_COURSDE":"N0041T0285","ORIGINE1":"SCAN25","BCAE":"oui","ZNT":"oui"},"geometry":{"type":"LineString","coordinates":[[1.93003,49.13341],[1.93001,49.13305],[1.93006,49.13294],[1.92949,49.13267],[1.92964,49.13256],[1.92946,49.1324],[1.92948,49.1323],[1.9296,49.132],[1.92975,49.13182],[1.93098,49.13082],[1.93058,49.13057],[1.93046,49.13033],[1.93025,49.13023],[1.93044,49.13018],[1.93258,49.1301],[1.93308,49.13005],[1.93365,49.12992],[1.934,49.12974],[1.93459,49.12933],[1.93457,49.1292],[1.93466,49.12908],[1.93467,49.12895],[1.93476,49.12886],[1.93532,49.12856],[1.93564,49.12816],[1.93591,49.12765],[1.9364,49.12707],[1.93652,49.12686],[1.93674,49.12664],[1.93681,49.12651],[1.93718,49.12634],[1.93741,49.12633],[1.93782,49.12635],[1.93867,49.12653],[1.93875,49.12651],[1.93878,49.12644],[1.93865,49.1261],[1.93877,49.12607],[1.93881,49.12602],[1.93844,49.12573],[1.9382,49.12537],[1.93796,49.12516],[1.93797,49.12505],[1.93854,49.12476],[1.93932,49.12443],[1.93997,49.12395],[1.9407,49.12371],[1.94078,49.12357],[1.94072,49.12341],[1.94103,49.12301],[1.94132,49.12284],[1.94161,49.12277],[1.9417,49.12269],[1.94217,49.12254],[1.94198,49.12236],[1.94199,49.12225],[1.94221,49.12223],[1.94259,49.12228],[1.94289,49.12228],[1.94355,49.12191],[1.9445,49.12182],[1.94484,49.12186],[1.94498,49.12178],[1.94502,49.1217],[1.94543,49.12166],[1.94666,49.12128],[1.94714,49.12126],[1.94734,49.12121],[1.94762,49.12095],[1.94783,49.12086],[1.9505,49.11998],[1.9507,49.11994],[1.95125,49.12002],[1.95142,49.11996],[1.95151,49.11986],[1.95175,49.11982]]}},
{"type":"Feature","properties":{"NOM":"Le Ru de la Défonce","ETAT":2,"CODE_MODIF":0,"DATE_MODIF":null,"MODIFICATI":null,"RAPPORT_UR":null,"ID_NOM":"N0042","ID_TRONCON":"T0286","ID_COURSDE":"N0042T0286","ORIGINE1":"SCAN25","BCAE":"non","ZNT":"oui"},"geometry":{"type":"LineString","coordinates":[[1.83617,49.11622],[1.83648,49.11618],[1.83714,49.11614],[1.83737,49.11616],[1.83846,49.11599],[1.83959,49.11592],[1.83972,49.11587],[1.8403,49.11578],[1.84113,49.11572],[1.84132,49.11558],[1.84144,49.11554],[1.84172,49.11557],[1.84218,49.11556],[1.84287,49.11548],[1.84314,49.11548],[1.84571,49.11571],[1.8461,49.11572],[1.84661,49.11466],[1.84718,49.1147],[1.84723,49.11466],[1.84728,49.11449],[1.84831,49.11301],[1.84882,49.11236],[1.84904,49.11194],[1.84945,49.11056],[1.8489,49.10997],[1.84862,49.1093],[1.84852,49.10892],[1.84958,49.10845],[1.84925,49.10811],[1.84938,49.10807]]}},
{"type":"Feature","properties":{"NOM":"Le Ru de la Défonce","ETAT":1,"CODE_MODIF":0,"DATE_MODIF":null,"MODIFICATI":null,"RAPPORT_UR":null,"ID_NOM":"N0042","ID_TRONCON":"T0287","ID_COURSDE":"N0042T0287","ORIGINE1":"SCAN25","BCAE":"oui","ZNT":"oui"},"geometry":{"type":"LineString","coordinates":[[1.84938,49.10807],[1.85091,49.10747]]}},
{"type":"Feature","properties":{"NOM":"Le Ru de la Goulée","ETAT":0,"CODE_MODIF":5,"DATE_MODIF":"2012-09-13","MODIFICATI":"SUPPRESSION","RAPPORT_UR":null,"ID_NOM":"N0043","ID_TRONCON":"T0288","ID_COURSDE":"N0043T0288","ORIGINE1":"TERRAIN","BCAE":"non","ZNT":"non"},"geometry":{"type":"LineString","coordinates":[[1.70615,49.08616],[1.70557,49.08448],[1.706,49.08265],[1.70531,49.0815],[1.7046,49.08076],[1.70408,49.08014]]}},
{"type":"Feature","properties":{"NOM":"Le Ru de la Goulée","ETAT":0,"CODE_MODIF":5,"DATE_MODIF":"2012-09-13","MODIFICATI":"SUPPRESSION","RAPPORT_UR":null,"ID_NOM":"N0043","ID_TRONCON":"T0289","ID_COURSDE":"N0043T0289","ORIGINE1":"TERRAIN","BCAE":"non","ZNT":"non"},"geometry":{"type":"LineString","coordinates":[[1.70615,49.08616],[1.70584,49.08631],[1.70565,49.08664],[1.70555,49.0869],[1.70542,49.08753],[1.70508,49.08819],[1.70573,49.08921],[1.70593,49.08928]]}},
{"type":"Feature","properties":{"NOM":"Le Ru de la Goulée","ETAT":0,"CODE_MODIF":5,"DATE_MODIF":"2012-09-13","MODIFICATI":"SUPPRESSION","RAPPORT_UR":null,"ID_NOM":"N0043","ID_TRONCON":"T0290","ID_COURSDE":"N0043T0290","ORIGINE1":"TERRAIN","BCAE":"non","ZNT":"non"},"geometry":{"type":"LineString","coordinates":[[1.7083,49.08881],[1.70767,49.08828],[1.70755,49.08796],[1.70752,49.08765],[1.70734,49.08737],[1.70729,49.08709],[1.70698,49.08696],[1.70615,49.08616]]}},
{"type":"Feature","properties":{"NOM":"Le Ru de la Goulée","ETAT":1,"CODE_MODIF":0,"DATE_MODIF":null,"MODIFICATI":null,"RAPPORT_UR":null,"ID_NOM":"N0043","ID_TRONCON":"T0291","ID_COURSDE":"N0043T0291","ORIGINE1":"SCAN25","BCAE":"oui","ZNT":"oui"},"geometry":{"type":"LineString","coordinates":[[1.70408,49.08014],[1.70337,49.07902],[1.70324,49.07874],[1.7031,49.07821],[1.70305,49.07776],[1.70313,49.0777],[1.70288,49.07737],[1.70275,49.0769],[1.70265,49.07615],[1.70293,49.07558],[1.70352,49.07464],[1.7041,49.07397],[1.7046,49.07325],[1.70459,49.07113],[1.70486,49.07043],[1.70517,49.06979],[1.70523,49.06952],[1.7051,49.06894],[1.70464,49.06812],[1.70449,49.06776],[1.70394,49.06705],[1.70385,49.06687],[1.70356,49.06692],[1.70352,49.06659],[1.70357,49.06631],[1.70394,49.06513],[1.70398,49.06486],[1.70384,49.06435],[1.70375,49.06413]]}},
{"type":"Feature","properties":{"NOM":"Le Ru de La Gouline","ETAT":1,"CODE_MODIF":0,"DATE_MODIF":null,"MODIFICATI":null,"RAPPORT_UR":null,"ID_NOM":"N0044","ID_TRONCON":"T0292","ID_COURSDE":"N0044T0292","ORIGINE1":"SCAN25","BCAE":"oui","ZNT":"oui"},"geometry":{"type":"MultiLineString","coordinates":[[[1.91103,49.12606],[1.9124,49.12616],[1.91259,49.12623],[1.91414,49.12645],[1.91516,49.12674],[1.91423,49.12599],[1.91358,49.12533],[1.9134,49.12521]],[[1.90988,49.12715],[1.91009,49.12716],[1.91039,49.127],[1.91075,49.12675],[1.91105,49.12647],[1.91173,49.12613]]]}},
{"type":"Feature","properties":{"NOM":"Le Ru de La Gouline","ETAT":0,"CODE_MODIF":6,"DATE_MODIF":"2010-09-20","MODIFICATI":"FOSSÉ","RAPPORT_UR":null,"ID_NOM":"N0044","ID_TRONCON":"T0293","ID_COURSDE":"N0044T0293","ORIGINE1":"TERRAIN","BCAE":"non","ZNT":"non"},"geometry":{"type":"LineString","coordinates":[[1.89631,49.12513],[1.89861,49.12531],[1.89909,49.12539],[1.90022,49.1258],[1.90143,49.12629],[1.90197,49.12661],[1.90258,49.12704],[1.90351,49.12744],[1.90447,49.12773],[1.90489,49.12781],[1.90546,49.12795],[1.90565,49.12798],[1.90648,49.12797],[1.9069,49.12791],[1.90732,49.12781],[1.9079,49.12776],[1.90802,49.12773],[1.90847,49.12742],[1.90918,49.12684],[1.90923,49.12684],[1.90988,49.12715]]}},
{"type":"Feature","properties":{"NOM":"Le Ru de la Marlière","ETAT":2,"CODE_MODIF":0,"DATE_MODIF":null,"MODIFICATI":null,"RAPPORT_UR":null,"ID_NOM":"N0045","ID_TRONCON":"T0294","ID_COURSDE":"N0045T0294","ORIGINE1":"SCAN25","BCAE":"non","ZNT":"oui"},"geometry":{"type":"LineString","coordinates":[[2.33851,48.9985],[2.34167,48.99852],[2.3424,48.99849],[2.34311,48.99841],[2.34427,48.99816],[2.34495,48.99797],[2.34543,48.99778],[2.34556,48.99776],[2.3462,48.99779],[2.34654,48.99774],[2.34682,48.99764],[2.34744,48.99752]]}},
{"type":"Feature","properties":{"NOM":"Le Ru de la Marlière","ETAT":3,"CODE_MODIF":0,"DATE_MODIF":null,"MODIFICATI":null,"RAPPORT_UR":null,"ID_NOM":"N0045","ID_TRONCON":"T0295","ID_COURSDE":"N0045T0295","ORIGINE1":"SCAN25","BCAE":"non","ZNT":"oui"},"geometry":{"type":"LineString","coordinates":[[2.36897,48.99927],[2.36841,48.99899],[2.36764,48.99886],[2.36551,48.99875],[2.3638,48.99825],[2.36218,48.99789],[2.36155,48.99739],[2.35907,48.99638],[2.35587,48.99646],[2.3545,48.99661],[2.35112,48.9968],[2.34744,48.99752]]}},
{"type":"Feature","properties":{"NOM":"Le Ru de la Marlière","ETAT":2,"CODE_MODIF":0,"DATE_MODIF":null,"MODIFICATI":null,"RAPPORT_UR":null,"ID_NOM":"N0045","ID_TRONCON":"T0296","ID_COURSDE":"N0045T0296","ORIGINE1":"SCAN25","BCAE":"non","ZNT":"oui"},"geometry":{"type":"LineString","coordinates":[[2.37129,49.00049],[2.37117,49.0005],[2.37074,48.9998],[2.37061,48.99969],[2.36897,48.99927]]}},
{"type":"Feature","properties":{"NOM":"Le Ru de la Queue de l'Etang","ETAT":1,"CODE_MODIF":0,"DATE_MODIF":null,"MODIFICATI":null,"RAPPORT_UR":null,"ID_NOM":"N0046","ID_TRONCON":"T0298","ID_COURSDE":"N0046T0298","ORIGINE1":"SCAN25","BCAE":"oui","ZNT":"oui"},"geometry":{"type":"LineString","coordinates":[[1.82148,49.16357],[1.82216,49.16382],[1.82231,49.16413],[1.82182,49.16431],[1.8226,49.16505],[1.82233,49.16514]]}},
{"type":"Feature","properties":{"NOM":"Le Ru de La Vallée aux Moines","ETAT":2,"CODE_MODIF":0,"DATE_MODIF":null,"MODIFICATI":null,"RAPPORT_UR":null,"ID_NOM":"N0047","ID_TRONCON":"T0299","ID_COURSDE":"N0047T0299","ORIGINE1":"SCAN25","BCAE":"non","ZNT":"oui"},"geometry":{"type":"LineString","coordinates":[[1.92912,49.10705],[1.92952,49.10734],[1.93013,49.10746],[1.93098,49.1078],[1.93141,49.10789],[1.93218,49.10797],[1.93281,49.1082]]}},
{"type":"Feature","properties":{"NOM":"Le Ru de la Vallée du Roy","ETAT":1,"CODE_MODIF":0,"DATE_MODIF":null,"MODIFICATI":null,"RAPPORT_UR":null,"ID_NOM":"N0048","ID_TRONCON":"T0300","ID_COURSDE":"N0048T0300","ORIGINE1":"SCAN25","BCAE":"oui","ZNT":"oui"},"geometry":{"type":"LineString","coordinates":[[1.73426,49.06786],[1.73409,49.06782],[1.73387,49.06785],[1.73381,49.06781],[1.73373,49.06765],[1.7337,49.06748],[1.73355,49.0675],[1.7334,49.06759],[1.73329,49.06757],[1.73289,49.06775],[1.73274,49.06776],[1.73265,49.0675],[1.73243,49.06715],[1.73249,49.06665],[1.73234,49.06626],[1.73163,49.06577],[1.73146,49.06569]]}},
{"type":"Feature","properties":{"NOM":"Le Ru de la Vallée du Roy","ETAT":1,"CODE_MODIF":0,"DATE_MODIF":null,"MODIFICATI":null,"RAPPORT_UR":null,"ID_NOM":"N0048","ID_TRONCON":"T0301","ID_COURSDE":"N0048T0301","ORIGINE1":"SCAN25","BCAE":"oui","ZNT":"oui"},"geometry":{"type":"LineString","coordinates":[[1.70375,49.06413],[1.70354,49.06408],[1.70203,49.06404],[1.69952,49.06372],[1.69897,49.06367],[1.69845,49.06354],[1.69796,49.06318]]}},
{"type":"Feature","properties":{"NOM":"Le Ru de la Vallée du Roy","ETAT":1,"CODE_MODIF":0,"DATE_MODIF":null,"MODIFICATI":null,"RAPPORT_UR":null,"ID_NOM":"N0048","ID_TRONCON":"T0302","ID_COURSDE":"N0048T0302","ORIGINE1":"SCAN25","BCAE":"oui","ZNT":"oui"},"geometry":{"type":"LineString","coordinates":[[1.73146,49.06569],[1.73136,49.06564],[1.73108,49.06563],[1.73095,49.06559],[1.73083,49.06547],[1.73065,49.06505],[1.72985,49.06506],[1.72944,49.06497],[1.72917,49.06494],[1.72746,49.0651],[1.72647,49.06525],[1.7245,49.06539],[1.72389,49.06547],[1.7236,49.06552],[1.72307,49.06583],[1.72277,49.06594],[1.7224,49.06601],[1.72169,49.06597],[1.7211,49.0659],[1.72055,49.0657],[1.71982,49.06568],[1.71952,49.06578],[1.71921,49.06583],[1.71853,49.06587],[1.71841,49.06597],[1.7183,49.066],[1.71809,49.06598],[1.71798,49.06601],[1.71746,49.06621],[1.71728,49.06631],[1.71721,49.06632]]}},
{"type":"Feature","properties":{"NOM":"Le Ru de la Vallée du Roy","ETAT":2,"CODE_MODIF":0,"DATE_MODIF":null,"MODIFICATI":null,"RAPPORT_UR":null,"ID_NOM":"N0048","ID_TRONCON":"T0303","ID_COURSDE":"N0048T0303","ORIGINE1":"SCAN25","BCAE":"oui","ZNT":"oui"},"geometry":{"type":"LineString","coordinates":[[1.74535,49.07283],[1.74471,49.07273],[1.74444,49.07262],[1.74256,49.07204],[1.74158,49.07185],[1.74099,49.07168],[1.73901,49.07083],[1.73704,49.06974],[1.73516,49.06855],[1.73426,49.06786]]}},
{"type":"Feature","properties":{"NOM":"Le Ru de la Vallée du Roy","ETAT":2,"CODE_MODIF":0,"DATE_MODIF":null,"MODIFICATI":null,"RAPPORT_UR":null,"ID_NOM":"N0048","ID_TRONCON":"T0304","ID_COURSDE":"N0048T0304","ORIGINE1":"SCAN25","BCAE":"oui","ZNT":"oui"},"geometry":{"type":"LineString","coordinates":[[1.75802,49.07357],[1.75772,49.07287],[1.75708,49.07168],[1.75437,49.07105],[1.7492,49.07237],[1.74752,49.07272],[1.74682,49.07282],[1.74549,49.07285],[1.74535,49.07283]]}},
{"type":"Feature","properties":{"NOM":"Le Ru de Liesse","ETAT":1,"CODE_MODIF":0,"DATE_MODIF":null,"MODIFICATI":null,"RAPPORT_UR":null,"ID_NOM":"N0049","ID_TRONCON":"T0305","ID_COURSDE":"N0049T0305","ORIGINE1":"SCAN25","BCAE":"oui","ZNT":"oui"},"geometry":{"type":"LineString","coordinates":[[2.10881,49.05104],[2.10915,49.0509],[2.10931,49.05078],[2.10941,49.05037],[2.10944,49.05032],[2.10954,49.05032],[2.10978,49.05044],[2.10997,49.05049],[2.11005,49.05086],[2.11027,49.05109],[2.11067,49.05134],[2.111,49.05143],[2.11174,49.05143],[2.11212,49.05132],[2.11237,49.05121],[2.11323,49.05058],[2.11364,49.05041],[2.11427,49.05027],[2.1145,49.05012],[2.11464,49.04974],[2.11535,49.0491],[2.11595,49.04871],[2.11616,49.04865],[2.11719,49.04814],[2.1173,49.04799],[2.11725,49.04785],[2.11775,49.04762],[2.11888,49.04695],[2.11917,49.04663],[2.11891,49.04593],[2.11909,49.04568],[2.11921,49.04543],[2.11966,49.0442],[2.11963,49.04411],[2.11999,49.04362],[2.12156,49.0429],[2.1219,49.0428],[2.12215,49.04233],[2.12242,49.04231],[2.12281,49.04234],[2.12268,49.04279],[2.12526,49.04273],[2.12599,49.0427],[2.12694,49.04217],[2.12714,49.04197],[2.12706,49.04168],[2.12616,49.04011],[2.12614,49.03924],[2.12624,49.03865],[2.12688,49.037],[2.12715,49.03678],[2.12753,49.03666],[2.12901,49.03638],[2.13004,49.03623],[2.13058,49.03608],[2.13119,49.03598],[2.13178,49.03584],[2.13228,49.03565],[2.13285,49.03499],[2.13351,49.0337],[2.13351,49.03319],[2.1332,49.03267],[2.13288,49.03196],[2.1329,49.03148],[2.1333,49.03113],[2.13362,49.03094],[2.13482,49.03061],[2.13591,49.03056],[2.13637,49.03048],[2.13654,49.03043],[2.13666,49.03035],[2.13716,49.02963],[2.13723,49.02934],[2.13724,49.02921],[2.13677,49.02856],[2.13668,49.02826],[2.13671,49.02804],[2.13683,49.02778],[2.13707,49.02758],[2.13749,49.02739],[2.13969,49.02692],[2.14031,49.02694],[2.14052,49.02692],[2.14078,49.02688],[2.14134,49.02671],[2.14179,49.02647],[2.14299,49.02557],[2.1432,49.02545],[2.14442,49.02501],[2.14485,49.02489],[2.147,49.02486],[2.14946,49.02434],[2.15108,49.02356],[2.1519,49.02325]]}},
{"type":"Feature","properties":{"NOM":"Le Ru de Préfontaine","ETAT":1,"CODE_MODIF":0,"DATE_MODIF":null,"MODIFICATI":null,"RAPPORT_UR":null,"ID_NOM":"N0050","ID_TRONCON":"T0306","ID_COURSDE":"N0050T0306","ORIGINE1":"SCAN25","BCAE":"oui","ZNT":"oui"},"geometry":{"type":"LineString","coordinates":[[1.74274,49.11874],[1.74255,49.11883],[1.7425,49.11893],[1.74171,49.11931],[1.74147,49.11947],[1.74142,49.1196]]}},
{"type":"Feature","properties":{"NOM":"Le Ru de Préfontaine","ETAT":1,"CODE_MODIF":0,"DATE_MODIF":null,"MODIFICATI":null,"RAPPORT_UR":null,"ID_NOM":"N0050","ID_TRONCON":"T0307","ID_COURSDE":"N0050T0307","ORIGINE1":"SCAN25","BCAE":"oui","ZNT":"oui"},"geometry":{"type":"LineString","coordinates":[[1.74009,49.1311],[1.74087,49.13244],[1.74265,49.13304],[1.74292,49.13333],[1.74335,49.1334],[1.74395,49.13341],[1.74411,49.13355]]}},
{"type":"Feature","properties":{"NOM":"Le Ru de Préfontaine","ETAT":1,"CODE_MODIF":0,"DATE_MODIF":null,"MODIFICATI":null,"RAPPORT_UR":null,"ID_NOM":"N0050","ID_TRONCON":"T0308","ID_COURSDE":"N0050T0308","ORIGINE1":"SCAN25","BCAE":"oui","ZNT":"oui"},"geometry":{"type":"LineString","coordinates":[[1.73869,49.13005],[1.73988,49.1308],[1.74005,49.13097],[1.74009,49.1311]]}},
{"type":"Feature","properties":{"NOM":"Le Ru de Préfontaine","ETAT":1,"CODE_MODIF":0,"DATE_MODIF":null,"MODIFICATI":null,"RAPPORT_UR":null,"ID_NOM":"N0050","ID_TRONCON":"T0309","ID_COURSDE":"N0050T0309","ORIGINE1":"SCAN25","BCAE":"oui","ZNT":"oui"},"geometry":{"type":"LineString","coordinates":[[1.74142,49.1196],[1.74135,49.11969],[1.74144,49.11991],[1.74137,49.11998],[1.7414,49.12008],[1.74129,49.12024],[1.74115,49.12066],[1.74095,49.12068],[1.74064,49.12094],[1.74063,49.121],[1.7405,49.12117],[1.74052,49.12142],[1.7406,49.12153],[1.74056,49.12178],[1.74046,49.12184],[1.7404,49.12205],[1.74033,49.12211],[1.74027,49.12226],[1.74013,49.12235],[1.7401,49.1225],[1.73981,49.12289],[1.73993,49.12309],[1.74007,49.12316],[1.74018,49.12326],[1.74036,49.12332],[1.74059,49.12352],[1.74116,49.12363],[1.74127,49.12385],[1.74119,49.12398],[1.74118,49.12413],[1.74123,49.12428],[1.74145,49.12458],[1.74145,49.12467],[1.74108,49.12511],[1.74088,49.1254],[1.74086,49.12552],[1.74089,49.12572],[1.74112,49.12612],[1.74113,49.12621],[1.74108,49.12629],[1.74097,49.12634],[1.7409,49.12643],[1.7409,49.12652],[1.74109,49.1267],[1.74113,49.12685],[1.74087,49.12732],[1.74089,49.12768],[1.7408,49.12784],[1.73998,49.12881],[1.73969,49.12903],[1.73898,49.12945],[1.73869,49.13005]]}},
{"type":"Feature","properties":{"NOM":"Le Ru de Préfontaine","ETAT":1,"CODE_MODIF":0,"DATE_MODIF":null,"MODIFICATI":null,"RAPPORT_UR":null,"ID_NOM":"N0050","ID_TRONCON":"T0310","ID_COURSDE":"N0050T0310","ORIGINE1":"SCAN25","BCAE":"oui","ZNT":"oui"},"geometry":{"type":"LineString","coordinates":[[1.74216,49.1185],[1.74211,49.11859],[1.74187,49.11867],[1.74173,49.1189],[1.74156,49.11902],[1.74156,49.11918],[1.74141,49.11941],[1.74142,49.1196]]}},
{"type":"Feature","properties":{"NOM":"Le Ru de Roconval","ETAT":1,"CODE_MODIF":0,"DATE_MODIF":null,"MODIFICATI":null,"RAPPORT_UR":null,"ID_NOM":"N0051","ID_TRONCON":"T0311","ID_COURSDE":"N0051T0311","ORIGINE1":"SCAN25","BCAE":"oui","ZNT":"oui"},"geometry":{"type":"LineString","coordinates":[[1.64339,49.11771],[1.6435,49.11753],[1.64338,49.11738],[1.64335,49.11716],[1.6434,49.11693],[1.64307,49.11657],[1.64237,49.11601],[1.64178,49.11583],[1.64147,49.11563],[1.64092,49.11547],[1.64077,49.11532],[1.6407,49.11509],[1.64073,49.11469],[1.64037,49.11381],[1.63931,49.11233],[1.63917,49.11192],[1.63885,49.11138],[1.63837,49.1104],[1.63795,49.10909],[1.63762,49.10865],[1.63744,49.10827],[1.63723,49.10804],[1.63603,49.10594],[1.63563,49.10517],[1.63507,49.10393],[1.63489,49.10374],[1.63233,49.10181],[1.63175,49.10117],[1.6314,49.1007],[1.63111,49.10014],[1.63076,49.0997],[1.63049,49.09952],[1.63008,49.09933],[1.62992,49.09921],[1.62909,49.09818],[1.62847,49.09751],[1.62812,49.09698],[1.62766,49.09582],[1.62707,49.09446],[1.62668,49.09372],[1.62655,49.09334],[1.62639,49.09331],[1.62605,49.09331],[1.62562,49.09338],[1.62499,49.09338],[1.6234,49.09353],[1.62318,49.09352],[1.62261,49.09339],[1.62248,49.0934],[1.62193,49.09351],[1.62055,49.09366],[1.62028,49.09366],[1.62021,49.09367],[1.62001,49.09383],[1.61988,49.09386],[1.61972,49.09371],[1.6196,49.09367],[1.61944,49.09391],[1.61938,49.09394],[1.61904,49.09386],[1.6188,49.09376],[1.61844,49.09398],[1.61803,49.09392],[1.61778,49.09399],[1.61753,49.09402]]}},
{"type":"Feature","properties":{"NOM":"Le Ru de Saint-Gervais","ETAT":1,"CODE_MODIF":0,"DATE_MODIF":null,"MODIFICATI":null,"RAPPORT_UR":null,"ID_NOM":"N0052","ID_TRONCON":"T0312","ID_COURSDE":"N0052T0312","ORIGINE1":"SCAN25","BCAE":"oui","ZNT":"oui"},"geometry":{"type":"LineString","coordinates":[[1.78654,49.15785],[1.78669,49.15867],[1.78658,49.15889],[1.78673,49.16043],[1.78659,49.16065],[1.78645,49.16081],[1.78617,49.16102],[1.78564,49.16128],[1.78521,49.1616],[1.78453,49.16153],[1.78391,49.16181],[1.7842,49.16237],[1.78359,49.16261],[1.78349,49.16268],[1.78327,49.16296],[1.78296,49.16317],[1.78244,49.16328],[1.78192,49.16349],[1.78159,49.16385],[1.78156,49.164],[1.78149,49.16405],[1.78136,49.16432],[1.78128,49.16434],[1.78093,49.16463],[1.7806,49.1652],[1.78053,49.16539],[1.78,49.1658],[1.78003,49.16606],[1.78019,49.16648],[1.78034,49.16709],[1.78023,49.16717],[1.7798,49.16764],[1.77957,49.16774],[1.77874,49.16837],[1.77817,49.16796],[1.77808,49.168],[1.77805,49.1681]]}},
{"type":"Feature","properties":{"NOM":"Le Ru de Saint-Gervais","ETAT":1,"CODE_MODIF":0,"DATE_MODIF":null,"MODIFICATI":null,"RAPPORT_UR":null,"ID_NOM":"N0052","ID_TRONCON":"T0313","ID_COURSDE":"N0052T0313","ORIGINE1":"SCAN25","BCAE":"oui","ZNT":"oui"},"geometry":{"type":"LineString","coordinates":[[1.77854,49.16858],[1.77855,49.16849],[1.7782,49.16826],[1.77805,49.1681]]}},
{"type":"Feature","properties":{"NOM":"Le Ru de Saint-Gervais","ETAT":1,"CODE_MODIF":0,"DATE_MODIF":null,"MODIFICATI":null,"RAPPORT_UR":null,"ID_NOM":"N0052","ID_TRONCON":"T0314","ID_COURSDE":"N0052T0314","ORIGINE1":"SCAN25","BCAE":"oui","ZNT":"oui"},"geometry":{"type":"LineString","coordinates":[[1.77805,49.1681],[1.77751,49.16816],[1.77416,49.16766],[1.77355,49.16761],[1.7725,49.1676],[1.77206,49.16757],[1.77196,49.16753],[1.77129,49.16741],[1.77107,49.16745],[1.77088,49.16759],[1.7698,49.16771],[1.76903,49.16789],[1.7686,49.16795]]}},
{"type":"Feature","properties":{"NOM":"Le Ru de Saint-Gervais","ETAT":2,"CODE_MODIF":0,"DATE_MODIF":null,"MODIFICATI":null,"RAPPORT_UR":null,"ID_NOM":"N0052","ID_TRONCON":"T0315","ID_COURSDE":"N0052T0315","ORIGINE1":"SCAN25","BCAE":"non","ZNT":"oui"},"geometry":{"type":"LineString","coordinates":[[1.77197,49.17049],[1.77244,49.17041],[1.77347,49.17032],[1.77478,49.17028],[1.77609,49.17005],[1.77651,49.17],[1.77765,49.17002],[1.77839,49.16998]]}},
{"type":"Feature","properties":{"NOM":"Le Ru de Saint-Gervais","ETAT":2,"CODE_MODIF":0,"DATE_MODIF":null,"MODIFICATI":null,"RAPPORT_UR":null,"ID_NOM":"N0052","ID_TRONCON":"T0316","ID_COURSDE":"N0052T0316","ORIGINE1":"SCAN25","BCAE":"non","ZNT":"oui"},"geometry":{"type":"LineString","coordinates":[[1.7686,49.16795],[1.76854,49.16802],[1.76795,49.16812],[1.76786,49.16821],[1.76728,49.16833],[1.76733,49.16848],[1.7672,49.16854],[1.76603,49.16877],[1.76452,49.1692],[1.76346,49.16972],[1.76286,49.16991]]}},
{"type":"Feature","properties":{"NOM":"Le Ru de Saint-Gervais","ETAT":2,"CODE_MODIF":0,"DATE_MODIF":null,"MODIFICATI":null,"RAPPORT_UR":null,"ID_NOM":"N0052","ID_TRONCON":"T0317","ID_COURSDE":"N0052T0317","ORIGINE1":"SCAN25","BCAE":"non","ZNT":"oui"},"geometry":{"type":"LineString","coordinates":[[1.77839,49.16998],[1.77849,49.16992],[1.77864,49.16973],[1.77868,49.16904],[1.77862,49.16873],[1.77854,49.16858]]}},
{"type":"Feature","properties":{"NOM":"Le Ru de Saint-Gervais","ETAT":2,"CODE_MODIF":0,"DATE_MODIF":null,"MODIFICATI":null,"RAPPORT_UR":null,"ID_NOM":"N0052","ID_TRONCON":"T0318","ID_COURSDE":"N0052T0318","ORIGINE1":"SCAN25","BCAE":"non","ZNT":"oui"},"geometry":{"type":"LineString","coordinates":[[1.77839,49.16998],[1.7785,49.17014],[1.77879,49.17044],[1.77928,49.17122],[1.7795,49.17186],[1.77952,49.17204],[1.78055,49.17302]]}},
{"type":"Feature","properties":{"NOM":"Le Ru de Saint-Lubin","ETAT":1,"CODE_MODIF":0,"DATE_MODIF":null,"MODIFICATI":null,"RAPPORT_UR":null,"ID_NOM":"N0053","ID_TRONCON":"T0319","ID_COURSDE":"N0053T0319","ORIGINE1":"SCAN25","BCAE":"oui","ZNT":"oui"},"geometry":{"type":"LineString","coordinates":[[2.14452,49.1546],[2.14485,49.15523],[2.14512,49.15563],[2.14506,49.15576],[2.14401,49.15675],[2.14378,49.15685],[2.14314,49.15698],[2.14231,49.15696],[2.14148,49.15712],[2.14077,49.15741],[2.1404,49.15762],[2.13955,49.15822],[2.13873,49.15859],[2.13872,49.15864],[2.13881,49.15873],[2.13858,49.15896],[2.13865,49.15912],[2.13864,49.15922],[2.13832,49.15961],[2.1382,49.15986],[2.13818,49.16008],[2.13826,49.16032],[2.13866,49.16092],[2.13859,49.16116],[2.13972,49.16294],[2.14004,49.16308],[2.14006,49.16315],[2.1399,49.16329],[2.14006,49.16352],[2.14022,49.16448],[2.14044,49.16468],[2.14139,49.16529],[2.14177,49.16573],[2.14204,49.16613],[2.14211,49.1663],[2.14211,49.16648],[2.14198,49.16703],[2.14197,49.16749],[2.14227,49.16825],[2.14253,49.16855],[2.14333,49.16923],[2.14337,49.16929],[2.14329,49.16942],[2.14329,49.16951],[2.14334,49.1696],[2.14355,49.16968],[2.14373,49.16968],[2.14395,49.16961],[2.14431,49.1696],[2.14531,49.16986],[2.14534,49.16998],[2.14564,49.17009],[2.14578,49.17028],[2.14571,49.17043],[2.14544,49.17055],[2.14535,49.17066],[2.14531,49.17133],[2.14517,49.17164],[2.14486,49.17184],[2.14442,49.172],[2.14316,49.17223],[2.14247,49.17243],[2.14107,49.17322],[2.1405,49.17376],[2.14021,49.17444],[2.14012,49.17509],[2.14032,49.17538],[2.14047,49.17587],[2.14031,49.17709],[2.14035,49.17903],[2.14054,49.18069],[2.14038,49.18124],[2.14042,49.18167],[2.1408,49.18232],[2.1408,49.1829],[2.14098,49.18574]]}},
{"type":"Feature","properties":{"NOM":"Le Ru de Siréfontaine","ETAT":1,"CODE_MODIF":0,"DATE_MODIF":null,"MODIFICATI":null,"RAPPORT_UR":null,"ID_NOM":"N0054","ID_TRONCON":"T0320","ID_COURSDE":"N0054T0320","ORIGINE1":"SCAN25","BCAE":"oui","ZNT":"oui"},"geometry":{"type":"LineString","coordinates":[[1.94501,49.05197],[1.94477,49.05179]]}},
{"type":"Feature","properties":{"NOM":"Le Ru de Siréfontaine","ETAT":2,"CODE_MODIF":0,"DATE_MODIF":null,"MODIFICATI":null,"RAPPORT_UR":null,"ID_NOM":"N0054","ID_TRONCON":"T0321","ID_COURSDE":"N0054T0321","ORIGINE1":"SCAN25","BCAE":"non","ZNT":"oui"},"geometry":{"type":"LineString","coordinates":[[1.94409,49.05128],[1.9441,49.05118],[1.94422,49.05096],[1.94412,49.05085],[1.94351,49.05032],[1.94319,49.0501],[1.94275,49.04986],[1.94173,49.0489],[1.94147,49.0487],[1.94125,49.0486],[1.94104,49.04858],[1.93897,49.04822],[1.93771,49.04827],[1.93654,49.04851],[1.93538,49.04869],[1.93502,49.04878],[1.9344,49.04912],[1.93369,49.04958],[1.9335,49.04965],[1.93339,49.04966],[1.9332,49.04975],[1.93268,49.04982],[1.9324,49.04921]]}},
{"type":"Feature","properties":{"NOM":"Le Ru des Haras","ETAT":2,"CODE_MODIF":0,"DATE_MODIF":null,"MODIFICATI":null,"RAPPORT_UR":null,"ID_NOM":"N0055","ID_TRONCON":"T0322","ID_COURSDE":"N0055T0322","ORIGINE1":"SCAN25","BCAE":"non","ZNT":"oui"},"geometry":{"type":"LineString","coordinates":[[2.35563,48.98075],[2.35511,48.98016],[2.35495,48.98006]]}},
{"type":"Feature","properties":{"NOM":"Le Ru des Haras","ETAT":2,"CODE_MODIF":0,"DATE_MODIF":null,"MODIFICATI":null,"RAPPORT_UR":null,"ID_NOM":"N0055","ID_TRONCON":"T0323","ID_COURSDE":"N0055T0323","ORIGINE1":"SCAN25","BCAE":"non","ZNT":"oui"},"geometry":{"type":"LineString","coordinates":[[2.3395,48.9627],[2.33898,48.96292],[2.33798,48.96159],[2.33429,48.95648],[2.33342,48.95533]]}},
{"type":"Feature","properties":{"NOM":"Le Ru des Haras","ETAT":0,"CODE_MODIF":5,"DATE_MODIF":"2015-12-09","MODIFICATI":"SUPPRESSION","RAPPORT_UR":null,"ID_NOM":"N0055","ID_TRONCON":"T0324","ID_COURSDE":"N0055T0324","ORIGINE1":"TERRAIN","BCAE":"non","ZNT":"non"},"geometry":{"type":"LineString","coordinates":[[2.33797,48.95974],[2.33781,48.95964],[2.33713,48.959],[2.33606,48.95754],[2.33509,48.95685]]}},
{"type":"Feature","properties":{"NOM":"Le Ru des Longs Prés","ETAT":2,"CODE_MODIF":0,"DATE_MODIF":null,"MODIFICATI":null,"RAPPORT_UR":null,"ID_NOM":"N0056","ID_TRONCON":"T0327","ID_COURSDE":"N0056T0327","ORIGINE1":"SCAN25","BCAE":"non","ZNT":"oui"},"geometry":{"type":"LineString","coordinates":[[2.32909,49.05112],[2.32879,49.05128],[2.32844,49.05138],[2.32779,49.05151],[2.32728,49.05155],[2.32694,49.05154],[2.32539,49.05133],[2.32483,49.05133],[2.3243,49.05139],[2.32395,49.05147],[2.32351,49.05161],[2.3232,49.05184],[2.32306,49.05189],[2.32109,49.05253],[2.32023,49.05254],[2.31842,49.05279],[2.31537,49.05332],[2.31475,49.05347],[2.31325,49.05367],[2.31296,49.05388],[2.31133,49.05402],[2.30875,49.05408],[2.30642,49.05374],[2.30571,49.0533],[2.3044,49.05294],[2.30308,49.05311],[2.29922,49.05333],[2.29799,49.05346],[2.29774,49.05351]]}},
{"type":"Feature","properties":{"NOM":"Le Ru des Marziaux","ETAT":1,"CODE_MODIF":1,"DATE_MODIF":"2010-12-07","MODIFICATI":"ETAT 2 EN 1","RAPPORT_UR":"\\\\Sbl95-03\\gb_cons\\EAU\\N_MASSE_EAU\\L_COURS_DEAU_L_095\\Multi_0007.doc","ID_NOM":"N0057","ID_TRONCON":"T0328","ID_COURSDE":"N0057T0328","ORIGINE1":"TERRAIN","BCAE":"oui","ZNT":"oui"},"geometry":{"type":"LineString","coordinates":[[1.67752,49.12234],[1.67748,49.12269],[1.67761,49.12295],[1.6781,49.12368],[1.67867,49.12442],[1.6796,49.1255],[1.67959,49.12572],[1.68111,49.12701],[1.68118,49.12705],[1.68131,49.12706],[1.68161,49.12718],[1.68173,49.12726]]}},
{"type":"Feature","properties":{"NOM":"Le Ru des Quarante Sous","ETAT":2,"CODE_MODIF":0,"DATE_MODIF":null,"MODIFICATI":null,"RAPPORT_UR":null,"ID_NOM":"N0058","ID_TRONCON":"T0329","ID_COURSDE":"N0058T0329","ORIGINE1":"SCAN25","BCAE":"non","ZNT":"oui"},"geometry":{"type":"LineString","coordinates":[[2.32377,49.05152],[2.32355,49.05142],[2.3234,49.05125],[2.32327,49.05119],[2.32121,49.05081],[2.32039,49.05063],[2.31759,49.04992],[2.31745,49.04984],[2.31722,49.04963],[2.31711,49.04942],[2.31696,49.04938],[2.31594,49.04941],[2.31254,49.0494],[2.31133,49.04893],[2.30865,49.04782],[2.30847,49.04741],[2.30823,49.04706],[2.30797,49.04677],[2.30785,49.04675],[2.3075,49.04676],[2.30742,49.04668],[2.3067,49.04691],[2.30447,49.04692],[2.30427,49.04678],[2.30292,49.0466],[2.30267,49.04654],[2.3019,49.04613],[2.30124,49.04572],[2.30068,49.04531],[2.30017,49.04503]]}},
{"type":"Feature","properties":{"NOM":"Le Ru de Theuville","ETAT":1,"CODE_MODIF":0,"DATE_MODIF":null,"MODIFICATI":null,"RAPPORT_UR":null,"ID_NOM":"N0059","ID_TRONCON":"T0330","ID_COURSDE":"N0059T0330","ORIGINE1":"SCAN25","BCAE":"oui","ZNT":"oui"},"geometry":{"type":"LineString","coordinates":[[2.07173,49.15324],[2.07269,49.15284],[2.07357,49.1533],[2.0736,49.15335],[2.07385,49.15343],[2.07453,49.15365],[2.07479,49.15368],[2.0754,49.1537],[2.07553,49.15369],[2.07718,49.15329],[2.07726,49.15324],[2.07827,49.15205],[2.0788,49.1509],[2.07983,49.14958],[2.08001,49.14932],[2.08009,49.14914],[2.08018,49.14861],[2.08019,49.14817],[2.08006,49.14784],[2.07961,49.14788],[2.0795,49.14729],[2.0794,49.14699],[2.07929,49.14625],[2.07933,49.14612],[2.07997,49.14535]]}},
{"type":"Feature","properties":{"NOM":"Le Ru du Lavoir","ETAT":2,"CODE_MODIF":0,"DATE_MODIF":null,"MODIFICATI":null,"RAPPORT_UR":null,"ID_NOM":"N0060","ID_TRONCON":"T0333","ID_COURSDE":"N0060T0333","ORIGINE1":"SCAN25","BCAE":"non","ZNT":"oui"},"geometry":{"type":"LineString","coordinates":[[1.81373,49.12987],[1.81377,49.12958]]}},
{"type":"Feature","properties":{"NOM":"Le Ru du Lavoir","ETAT":2,"CODE_MODIF":0,"DATE_MODIF":null,"MODIFICATI":null,"RAPPORT_UR":null,"ID_NOM":"N0060","ID_TRONCON":"T0334","ID_COURSDE":"N0060T0334","ORIGINE1":"SCAN25","BCAE":"non","ZNT":"oui"},"geometry":{"type":"LineString","coordinates":[[1.81377,49.12958],[1.81304,49.12968],[1.81191,49.12975],[1.81146,49.12981],[1.81146,49.12956]]}},
{"type":"Feature","properties":{"NOM":"Le Ru du Lavoir","ETAT":2,"CODE_MODIF":0,"DATE_MODIF":null,"MODIFICATI":null,"RAPPORT_UR":null,"ID_NOM":"N0060","ID_TRONCON":"T0335","ID_COURSDE":"N0060T0335","ORIGINE1":"SCAN25","BCAE":"non","ZNT":"oui"},"geometry":{"type":"LineString","coordinates":[[1.79648,49.13581],[1.7984,49.13538],[1.79862,49.1353],[1.79882,49.13519],[1.8002,49.13408],[1.80135,49.13338],[1.80188,49.1335],[1.80197,49.13348],[1.80294,49.13291],[1.80395,49.13248],[1.80438,49.13234],[1.80561,49.13175],[1.80629,49.13154],[1.80672,49.13148],[1.80737,49.1315],[1.80776,49.13128],[1.8089,49.13051],[1.80983,49.13002],[1.81086,49.12965],[1.81146,49.12956]]}},
{"type":"Feature","properties":{"NOM":"Le Ru du Lavoir","ETAT":2,"CODE_MODIF":0,"DATE_MODIF":null,"MODIFICATI":null,"RAPPORT_UR":null,"ID_NOM":"N0060","ID_TRONCON":"T0336","ID_COURSDE":"N0060T0336","ORIGINE1":"SCAN25","BCAE":"non","ZNT":"oui"},"geometry":{"type":"LineString","coordinates":[[1.81146,49.12956],[1.81377,49.12932]]}},
{"type":"Feature","properties":{"NOM":"Le Ru du Lavoir","ETAT":2,"CODE_MODIF":0,"DATE_MODIF":null,"MODIFICATI":null,"RAPPORT_UR":null,"ID_NOM":"N0060","ID_TRONCON":"T0337","ID_COURSDE":"N0060T0337","ORIGINE1":"SCAN25","BCAE":"non","ZNT":"oui"},"geometry":{"type":"LineString","coordinates":[[1.81377,49.12932],[1.81383,49.1288],[1.81403,49.12848],[1.81403,49.12807],[1.8141,49.12793],[1.8143,49.12774],[1.81467,49.12714]]}},
{"type":"Feature","properties":{"NOM":"Le Ru du Lavoir","ETAT":2,"CODE_MODIF":0,"DATE_MODIF":null,"MODIFICATI":null,"RAPPORT_UR":null,"ID_NOM":"N0060","ID_TRONCON":"T0338","ID_COURSDE":"N0060T0338","ORIGINE1":"SCAN25","BCAE":"non","ZNT":"oui"},"geometry":{"type":"LineString","coordinates":[[1.81377,49.12958],[1.81377,49.12932]]}},
{"type":"Feature","properties":{"NOM":"Le Ru du Marais de Vaux","ETAT":1,"CODE_MODIF":1,"DATE_MODIF":"2010-12-06","MODIFICATI":"ETAT 2 EN 1","RAPPORT_UR":"\\\\Sbl95-03\\gb_cons\\EAU\\N_MASSE_EAU\\L_COURS_DEAU_L_095\\Multi_0007.doc","ID_NOM":"N0061","ID_TRONCON":"T0339","ID_COURSDE":"N0061T0339","ORIGINE1":"TERRAIN","BCAE":"oui","ZNT":"oui"},"geometry":{"type":"LineString","coordinates":[[2.20897,49.13327],[2.20947,49.13356],[2.20981,49.1337],[2.21009,49.13406],[2.21072,49.13466],[2.21081,49.13488],[2.2113,49.13525],[2.21144,49.1354],[2.21149,49.13552],[2.21177,49.13561],[2.21188,49.13573],[2.21258,49.13618],[2.21324,49.13635],[2.21339,49.13643],[2.21359,49.13666],[2.21375,49.13675],[2.21425,49.13687],[2.21475,49.13692],[2.21491,49.13705],[2.21589,49.13728],[2.21614,49.13742],[2.21667,49.13735],[2.21785,49.13732],[2.21826,49.13737],[2.21854,49.13744],[2.21872,49.13753],[2.21893,49.13769],[2.21912,49.13794],[2.21917,49.13807],[2.21916,49.13829],[2.21901,49.13867],[2.21908,49.13914]]}},
{"type":"Feature","properties":{"NOM":"Le Ru du Popelin","ETAT":1,"CODE_MODIF":0,"DATE_MODIF":null,"MODIFICATI":null,"RAPPORT_UR":null,"ID_NOM":"N0062","ID_TRONCON":"T0340","ID_COURSDE":"N0062T0340","ORIGINE1":"SCAN25","BCAE":"oui","ZNT":"oui"},"geometry":{"type":"MultiLineString","coordinates":[[[2.42078,49.10207],[2.42082,49.10274],[2.42147,49.10311],[2.42192,49.10349],[2.42205,49.1037],[2.42212,49.10426],[2.42216,49.10563],[2.4222,49.10571],[2.42272,49.10604],[2.42323,49.10626],[2.42328,49.10638],[2.42312,49.1066],[2.42378,49.1069],[2.42387,49.10681],[2.42402,49.10681],[2.42493,49.10712],[2.42555,49.10704],[2.42716,49.10643],[2.42739,49.10638],[2.42757,49.10635],[2.42784,49.10632],[2.42973,49.10615],[2.43003,49.10616],[2.43035,49.1062],[2.43054,49.1062],[2.43061,49.1062],[2.43085,49.1062],[2.4313,49.10631],[2.43326,49.10638],[2.43333,49.10635],[2.43328,49.10624],[2.43334,49.10613],[2.43335,49.10578],[2.4334,49.10577],[2.43565,49.10609],[2.43704,49.10642],[2.43763,49.10663],[2.43842,49.10681],[2.44075,49.10714],[2.44126,49.10715],[2.44171,49.10708]],[[2.42757,49.10635],[2.4277,49.10684],[2.4279,49.10737],[2.4269,49.10754],[2.42667,49.10762],[2.42648,49.10779],[2.42645,49.10786],[2.42653,49.10796],[2.42652,49.10806],[2.4263,49.10872],[2.42631,49.10898],[2.42616,49.10907],[2.4261,49.1093],[2.42581,49.10951],[2.42571,49.10953],[2.42538,49.10992],[2.4244,49.11049],[2.42422,49.11054],[2.42375,49.11054],[2.42366,49.11055],[2.42345,49.11067],[2.42334,49.11064],[2.42282,49.11062],[2.42273,49.11058],[2.42251,49.11059],[2.42186,49.11052],[2.42183,49.1103],[2.42074,49.10963],[2.42053,49.10952],[2.41988,49.10919],[2.41951,49.10903],[2.4182,49.10866],[2.41705,49.10842],[2.41655,49.10824],[2.41581,49.10812]],[[2.40619,49.1098],[2.4066,49.10971],[2.40732,49.10966],[2.4077,49.10955],[2.40801,49.10932],[2.408,49.10927],[2.40851,49.1091],[2.40889,49.10906],[2.40903,49.10899],[2.40934,49.10901],[2.40945,49.10909],[2.40961,49.10911],[2.41048,49.10901],[2.41059,49.10898],[2.41088,49.10869],[2.41136,49.10834],[2.41186,49.10825],[2.41266,49.10822],[2.41334,49.10811],[2.4143,49.10803],[2.41497,49.10802],[2.41581,49.10812],[2.41582,49.10834],[2.41568,49.10865],[2.41633,49.10878],[2.41688,49.10885],[2.41728,49.10894],[2.41752,49.10904],[2.41785,49.10909],[2.41834,49.10924],[2.41862,49.10941],[2.41902,49.10954],[2.41936,49.10961],[2.41961,49.10984],[2.41963,49.1099],[2.4198,49.10987],[2.42053,49.10952]],[[2.42182,49.10265],[2.42206,49.10345],[2.42205,49.1037]],[[2.42478,49.10415],[2.42597,49.10442],[2.42644,49.10456],[2.4269,49.10462],[2.42709,49.10474],[2.427,49.10496],[2.42717,49.10525],[2.42792,49.10527],[2.4283,49.10524],[2.42881,49.10526],[2.42888,49.10535],[2.42924,49.10533],[2.43002,49.10537],[2.43024,49.10539],[2.4303,49.10544],[2.43042,49.10569],[2.43054,49.1062],[2.43052,49.10638],[2.43046,49.10643],[2.43041,49.10656],[2.4279,49.10737]],[[2.42902,49.10096],[2.42901,49.10129],[2.42905,49.10138],[2.42933,49.10153],[2.42953,49.10157],[2.43016,49.10182],[2.4304,49.10195],[2.43073,49.10218],[2.43064,49.10274],[2.43106,49.10316],[2.43129,49.10345],[2.43137,49.10344],[2.43158,49.1033],[2.43177,49.10326],[2.43185,49.10334],[2.4319,49.10333],[2.43204,49.10331],[2.43269,49.10379],[2.43287,49.1037],[2.43424,49.10501],[2.43421,49.10506],[2.43337,49.1055],[2.43335,49.10578]],[[2.4319,49.10333],[2.43186,49.10321],[2.43172,49.10306],[2.43126,49.10273]]]}},
{"type":"Feature","properties":{"NOM":"Le Ru du Popelin","ETAT":0,"CODE_MODIF":5,"DATE_MODIF":"2012-10-08","MODIFICATI":"SUPPRESSION","RAPPORT_UR":null,"ID_NOM":"N0062","ID_TRONCON":"T0341","ID_COURSDE":"N0062T0341","ORIGINE1":"TERRAIN","BCAE":"non","ZNT":"non"},"geometry":{"type":"LineString","coordinates":[[2.40463,49.10977],[2.40507,49.10991],[2.40522,49.10991],[2.40554,49.10972],[2.40619,49.1098]]}},
{"type":"Feature","properties":{"NOM":"Le Ru du Vieux Moutiers","ETAT":1,"CODE_MODIF":0,"DATE_MODIF":null,"MODIFICATI":null,"RAPPORT_UR":null,"ID_NOM":"N0063","ID_TRONCON":"T0342","ID_COURSDE":"N0063T0342","ORIGINE1":"SCAN25","BCAE":"oui","ZNT":"oui"},"geometry":{"type":"MultiLineString","coordinates":[[[2.22315,49.0833],[2.22279,49.083],[2.22318,49.08257],[2.22336,49.08224],[2.22326,49.08213],[2.22326,49.08204],[2.22337,49.08176],[2.22363,49.08186],[2.2232,49.08317],[2.22213,49.08628],[2.22205,49.08646],[2.22186,49.08662],[2.22009,49.08676],[2.21914,49.08678],[2.21818,49.08685],[2.21787,49.08692],[2.21755,49.08703],[2.21657,49.0875],[2.21629,49.08758],[2.21563,49.08766],[2.21517,49.08775],[2.21486,49.08785],[2.21467,49.08783],[2.21452,49.08776],[2.21436,49.08731],[2.21419,49.08717],[2.21403,49.08722],[2.2139,49.08723],[2.21367,49.08733],[2.21354,49.0873],[2.21289,49.08736],[2.2126,49.08746],[2.21239,49.0876],[2.21198,49.08753],[2.2117,49.08752],[2.21134,49.08752],[2.21075,49.08757],[2.21064,49.08761],[2.21017,49.08801],[2.21017,49.08813],[2.21012,49.08819],[2.20976,49.08837],[2.20964,49.08846],[2.20938,49.08854],[2.20918,49.08855],[2.20882,49.08872],[2.2082,49.08884],[2.20727,49.08913]],[[2.22186,49.08662],[2.22166,49.08659],[2.2213,49.08661],[2.2208,49.08654],[2.22071,49.08651],[2.22046,49.0863],[2.22024,49.08626],[2.21983,49.0863],[2.21957,49.08637],[2.21846,49.08655],[2.21822,49.08656],[2.21713,49.08675],[2.21473,49.08712],[2.21419,49.08717]],[[2.22344,49.08179],[2.22409,49.08121],[2.22569,49.08006],[2.22589,49.07984],[2.22655,49.07945],[2.22747,49.0791],[2.22778,49.07911]],[[2.22781,49.07874],[2.2278,49.07887],[2.22747,49.0791]]]}},
{"type":"Feature","properties":{"NOM":"Le Ru du Vieux Moutiers","ETAT":2,"CODE_MODIF":0,"DATE_MODIF":null,"MODIFICATI":null,"RAPPORT_UR":null,"ID_NOM":"N0063","ID_TRONCON":"T0343","ID_COURSDE":"N0063T0343","ORIGINE1":"SCAN25","BCAE":"non","ZNT":"oui"},"geometry":{"type":"LineString","coordinates":[[2.25105,49.07054],[2.25124,49.07061],[2.25179,49.07069],[2.25374,49.07075],[2.25489,49.07087],[2.25518,49.07087],[2.25544,49.07084],[2.25666,49.07078],[2.25718,49.07068],[2.25775,49.07045],[2.25796,49.0703],[2.25819,49.06987],[2.2584,49.06961],[2.25861,49.06937],[2.25889,49.06913],[2.25938,49.06896],[2.26019,49.06879],[2.26043,49.06883],[2.26072,49.06893],[2.26077,49.06892],[2.26106,49.06847],[2.26197,49.06775],[2.2621,49.06755],[2.26213,49.06732],[2.26174,49.06637],[2.26176,49.06605],[2.26184,49.06579],[2.2619,49.06568],[2.26206,49.06553],[2.26292,49.06501],[2.26334,49.06486],[2.26408,49.06479],[2.26512,49.06461],[2.26535,49.0646],[2.26587,49.06477],[2.26674,49.06513]]}},
{"type":"Feature","properties":{"NOM":"Le Ru du Vieux Moutiers","ETAT":2,"CODE_MODIF":0,"DATE_MODIF":null,"MODIFICATI":null,"RAPPORT_UR":null,"ID_NOM":"N0063","ID_TRONCON":"T0344","ID_COURSDE":"N0063T0344","ORIGINE1":"SCAN25","BCAE":"non","ZNT":"oui"},"geometry":{"type":"LineString","coordinates":[[2.26674,49.06513],[2.26715,49.06527],[2.26787,49.06507],[2.26877,49.06487],[2.2701,49.0647],[2.27051,49.06458],[2.27168,49.06407],[2.27202,49.06401],[2.27243,49.06401],[2.2731,49.06417],[2.27373,49.06429],[2.2756,49.06456],[2.27663,49.06486],[2.27746,49.06522],[2.27811,49.0654],[2.27855,49.06547],[2.27948,49.06554],[2.27987,49.0657],[2.28042,49.06583],[2.28103,49.0658]]}},
{"type":"Feature","properties":{"NOM":"Le Ru Saint-Martin","ETAT":1,"CODE_MODIF":0,"DATE_MODIF":null,"MODIFICATI":null,"RAPPORT_UR":null,"ID_NOM":"N0064","ID_TRONCON":"T0345","ID_COURSDE":"N0064T0345","ORIGINE1":"SCAN25","BCAE":"oui","ZNT":"oui"},"geometry":{"type":"LineString","coordinates":[[2.4798,49.15579],[2.47946,49.15588],[2.47871,49.15584],[2.47672,49.15539],[2.47547,49.1549],[2.47465,49.15427],[2.4741,49.15373],[2.47293,49.15373],[2.47259,49.15378],[2.47239,49.15364],[2.4717,49.15355],[2.47156,49.15342],[2.47122,49.15333],[2.47115,49.1532],[2.47067,49.15311],[2.47019,49.15297],[2.4693,49.15248],[2.4693,49.1523],[2.46937,49.15212],[2.4693,49.1519],[2.46868,49.15162],[2.46601,49.15104],[2.46388,49.15027],[2.46272,49.15032],[2.46156,49.15059],[2.46121,49.15059],[2.46025,49.15028],[2.45887,49.15006],[2.45579,49.14938],[2.45462,49.14894],[2.45215,49.14849],[2.45078,49.14854],[2.44969,49.14872],[2.44825,49.14921],[2.44283,49.14854],[2.44214,49.14854],[2.44159,49.14868],[2.44022,49.14877],[2.43886,49.14927],[2.43845,49.14936],[2.43797,49.14976],[2.43742,49.14999],[2.43653,49.15008],[2.43564,49.1504],[2.43441,49.15067],[2.4329,49.15108],[2.43064,49.1513],[2.42968,49.15162],[2.42907,49.15189],[2.42838,49.15189],[2.42818,49.15184],[2.42749,49.15144],[2.42652,49.15108]]}},
{"type":"Feature","properties":{"NOM":"Le Sausseron","ETAT":0,"CODE_MODIF":6,"DATE_MODIF":"2015-01-02","MODIFICATI":"SUPPRESSION","RAPPORT_UR":null,"ID_NOM":"N0065","ID_TRONCON":"T0346","ID_COURSDE":"N0065T0346","ORIGINE1":"TERRAIN","BCAE":"non","ZNT":"non"},"geometry":{"type":"LineString","coordinates":[[2.00134,49.15999],[2.00144,49.16],[2.00387,49.15955],[2.00522,49.15943],[2.00533,49.15939],[2.0056,49.15912],[2.0059,49.15923]]}},
{"type":"Feature","properties":{"NOM":"Le Sausseron","ETAT":1,"CODE_MODIF":0,"DATE_MODIF":null,"MODIFICATI":null,"RAPPORT_UR":null,"ID_NOM":"N0065","ID_TRONCON":"T0347","ID_COURSDE":"N0065T0347","ORIGINE1":"SCAN25","BCAE":"oui","ZNT":"oui"},"geometry":{"type":"LineString","coordinates":[[2.13013,49.13309],[2.1305,49.13361],[2.13072,49.13381],[2.13098,49.13393],[2.13156,49.1341],[2.132,49.13411],[2.13275,49.13399],[2.1336,49.13404],[2.13422,49.13398]]}},
{"type":"Feature","properties":{"NOM":"Le Sausseron","ETAT":1,"CODE_MODIF":0,"DATE_MODIF":null,"MODIFICATI":null,"RAPPORT_UR":null,"ID_NOM":"N0065","ID_TRONCON":"T0348","ID_COURSDE":"N0065T0348","ORIGINE1":"SCAN25","BCAE":"oui","ZNT":"oui"},"geometry":{"type":"LineString","coordinates":[[2.08601,49.14484],[2.08581,49.14489],[2.08486,49.14525],[2.08397,49.14521],[2.08173,49.14498]]}},
{"type":"Feature","properties":{"NOM":"Le Sausseron","ETAT":1,"CODE_MODIF":0,"DATE_MODIF":null,"MODIFICATI":null,"RAPPORT_UR":null,"ID_NOM":"N0065","ID_TRONCON":"T0349","ID_COURSDE":"N0065T0349","ORIGINE1":"SCAN25","BCAE":"oui","ZNT":"oui"},"geometry":{"type":"LineString","coordinates":[[2.1486,49.13856],[2.14417,49.1382],[2.14409,49.13816],[2.14405,49.1381],[2.14408,49.13792],[2.14417,49.13776],[2.14415,49.1375]]}},
{"type":"Feature","properties":{"NOM":"Le Sausseron","ETAT":0,"CODE_MODIF":6,"DATE_MODIF":"2015-01-02","MODIFICATI":"SUPPRESSION","RAPPORT_UR":null,"ID_NOM":"N0065","ID_TRONCON":"T0350","ID_COURSDE":"N0065T0350","ORIGINE1":"TERRAIN","BCAE":"non","ZNT":"non"},"geometry":{"type":"LineString","coordinates":[[2.03412,49.16156],[2.03344,49.16182],[2.03253,49.16206],[2.03234,49.16208],[2.03127,49.16197],[2.03092,49.16195],[2.03024,49.16205],[2.02983,49.16218],[2.02916,49.16224],[2.0289,49.16225],[2.02874,49.16216],[2.02793,49.16217],[2.02642,49.16206],[2.02596,49.16214],[2.0235,49.16213],[2.02329,49.16213],[2.02318,49.16217]]}},
{"type":"Feature","properties":{"NOM":"Le Sausseron","ETAT":2,"CODE_MODIF":0,"DATE_MODIF":null,"MODIFICATI":null,"RAPPORT_UR":null,"ID_NOM":"N0065","ID_TRONCON":"T0351","ID_COURSDE":"N0065T0351","ORIGINE1":"SCAN25","BCAE":"non","ZNT":"oui"},"geometry":{"type":"LineString","coordinates":[[2.06939,49.14291],[2.06977,49.14333],[2.07087,49.14344],[2.07228,49.14361],[2.07289,49.14374]]}},
{"type":"Feature","properties":{"NOM":"Le Sausseron","ETAT":0,"CODE_MODIF":6,"DATE_MODIF":"2015-01-02","MODIFICATI":"SUPPRESSION","RAPPORT_UR":null,"ID_NOM":"N0065","ID_TRONCON":"T0352","ID_COURSDE":"N0065T0352","ORIGINE1":"TERRAIN","BCAE":"non","ZNT":"non"},"geometry":{"type":"LineString","coordinates":[[2.02318,49.16217],[2.02288,49.16235],[2.02257,49.16263],[2.02241,49.16271],[2.0201,49.16309],[2.0193,49.16319],[2.01842,49.16312],[2.01737,49.16289],[2.01752,49.16269],[2.01751,49.1626],[2.0174,49.16252],[2.01697,49.16247],[2.0164,49.1623],[2.01564,49.16202],[2.01493,49.16193],[2.01403,49.16202]]}},
{"type":"Feature","properties":{"NOM":"Le Sausseron","ETAT":0,"CODE_MODIF":6,"DATE_MODIF":"2015-01-02","MODIFICATI":"SUPPRESSION","RAPPORT_UR":null,"ID_NOM":"N0065","ID_TRONCON":"T0353","ID_COURSDE":"N0065T0353","ORIGINE1":"TERRAIN","BCAE":"non","ZNT":"non"},"geometry":{"type":"LineString","coordinates":[[2.01403,49.16202],[2.01307,49.16176],[2.01224,49.16141],[2.01148,49.16092],[2.01086,49.16087],[2.01002,49.16054],[2.00844,49.15958],[2.00799,49.1594],[2.0068,49.15923],[2.00642,49.15911],[2.0059,49.15923]]}},
{"type":"Feature","properties":{"NOM":"Le Sausseron","ETAT":2,"CODE_MODIF":0,"DATE_MODIF":null,"MODIFICATI":null,"RAPPORT_UR":null,"ID_NOM":"N0065","ID_TRONCON":"T0354","ID_COURSDE":"N0065T0354","ORIGINE1":"SCAN25","BCAE":"non","ZNT":"oui"},"geometry":{"type":"LineString","coordinates":[[2.06939,49.14291],[2.06818,49.14252],[2.06744,49.14241],[2.06723,49.14241],[2.06714,49.14318],[2.06666,49.14326],[2.06591,49.14346],[2.06511,49.14376],[2.06401,49.14428],[2.06345,49.14441],[2.06158,49.14475],[2.06119,49.14501],[2.06111,49.1451],[2.06119,49.1453],[2.06084,49.14583],[2.05968,49.14671],[2.05955,49.14733],[2.05972,49.148],[2.05992,49.14851],[2.06045,49.14935],[2.06088,49.15032],[2.06113,49.15162],[2.06112,49.15242],[2.06105,49.15266],[2.06082,49.15272],[2.0604,49.15276],[2.05933,49.15305],[2.05888,49.1532],[2.05856,49.15323]]}},
{"type":"Feature","properties":{"NOM":"Le Sausseron","ETAT":1,"CODE_MODIF":0,"DATE_MODIF":null,"MODIFICATI":null,"RAPPORT_UR":null,"ID_NOM":"N0065","ID_TRONCON":"T0355","ID_COURSDE":"N0065T0355","ORIGINE1":"SCAN25","BCAE":"oui","ZNT":"oui"},"geometry":{"type":"MultiLineString","coordinates":[[[2.12258,49.13494],[2.12307,49.13486],[2.12335,49.13473],[2.12362,49.13468],[2.12464,49.13428],[2.1253,49.13407],[2.12553,49.13396],[2.12569,49.13393],[2.12591,49.13404],[2.12599,49.13405],[2.12632,49.1339],[2.12633,49.13373],[2.12756,49.13369],[2.12768,49.13363],[2.12842,49.1335],[2.12925,49.13328],[2.12987,49.13308],[2.13013,49.13309],[2.13036,49.13296],[2.13058,49.13289],[2.13087,49.13291],[2.13113,49.13296],[2.13107,49.13309],[2.13113,49.13321],[2.13134,49.13325],[2.13187,49.13322],[2.1324,49.13336],[2.13299,49.13367],[2.13373,49.13381],[2.13413,49.13397],[2.13456,49.13401],[2.1349,49.13408],[2.13579,49.13446],[2.136,49.13442],[2.13647,49.1346],[2.13716,49.13457],[2.13735,49.13458],[2.13897,49.13489],[2.13936,49.135],[2.13966,49.13503],[2.14046,49.1349],[2.14101,49.13473],[2.14115,49.13474],[2.14242,49.13587],[2.14348,49.1367],[2.14371,49.13684],[2.14401,49.13728],[2.14417,49.13737],[2.14415,49.1375],[2.14445,49.13748],[2.14469,49.13757],[2.14495,49.1376],[2.14847,49.13792],[2.14876,49.13807],[2.14902,49.13838],[2.14883,49.13856],[2.14912,49.13873],[2.14954,49.13906],[2.15049,49.13928],[2.15064,49.13934],[2.15118,49.13974],[2.1516,49.13997],[2.15166,49.14009],[2.15186,49.14014],[2.15293,49.14025],[2.15327,49.1402],[2.1539,49.13994],[2.15489,49.13939],[2.15528,49.13911],[2.15566,49.13905],[2.15601,49.13893],[2.15638,49.13888],[2.15707,49.1389],[2.15833,49.13886],[2.15868,49.13874],[2.15888,49.13859],[2.15909,49.13849],[2.15938,49.13864],[2.15949,49.13865],[2.16013,49.13831],[2.16107,49.13795],[2.16126,49.1379],[2.16142,49.13789],[2.16152,49.13792],[2.16161,49.1379],[2.16182,49.13781],[2.16208,49.13776],[2.1626,49.13755],[2.1628,49.1374],[2.16279,49.13714],[2.16287,49.13702],[2.16352,49.13677],[2.16491,49.13584],[2.16512,49.13557],[2.16541,49.13501],[2.16564,49.13412],[2.16561,49.13379],[2.16582,49.13344],[2.16582,49.13286],[2.1656,49.13232],[2.16561,49.13213],[2.16571,49.13192],[2.16597,49.13172],[2.16625,49.13159],[2.16669,49.13118],[2.16699,49.13098],[2.16714,49.13067],[2.16758,49.13034],[2.16784,49.13005],[2.16782,49.13001],[2.16765,49.12997],[2.16763,49.12991],[2.16766,49.1296],[2.16777,49.12948],[2.16769,49.12921],[2.16769,49.12905],[2.16778,49.12899],[2.16782,49.12885],[2.16775,49.12844],[2.16777,49.12835],[2.16795,49.12815],[2.16806,49.12791],[2.16838,49.12778],[2.16881,49.12744],[2.17025,49.12662],[2.17078,49.12649],[2.17126,49.12633],[2.17252,49.12579],[2.17306,49.12563],[2.17318,49.12555],[2.17333,49.12532],[2.17348,49.1252],[2.17359,49.125],[2.17378,49.12496],[2.17406,49.12498],[2.17452,49.1249],[2.17491,49.12492],[2.17513,49.12483],[2.17538,49.12467],[2.17587,49.12447],[2.17616,49.12431],[2.17887,49.12258],[2.17912,49.1225],[2.17995,49.12212],[2.18021,49.1219],[2.18029,49.12178],[2.18037,49.12148],[2.18042,49.12144],[2.18083,49.12134],[2.18089,49.1213],[2.18072,49.12118],[2.18077,49.1211],[2.18132,49.1208],[2.18135,49.12074],[2.18128,49.12061],[2.18169,49.12038],[2.18196,49.12014],[2.18207,49.11987],[2.18213,49.11961],[2.1821,49.11956],[2.18231,49.11901],[2.18231,49.11895],[2.18196,49.11874],[2.18202,49.11846],[2.18178,49.11812],[2.18144,49.11786],[2.18127,49.11793],[2.18082,49.11787],[2.18073,49.11783],[2.17992,49.11777],[2.17977,49.1177],[2.17906,49.1172],[2.17855,49.11711],[2.17847,49.11704],[2.17856,49.11683],[2.17891,49.11648],[2.17876,49.11603],[2.17876,49.11586],[2.17865,49.11577],[2.1786,49.11564],[2.17861,49.11551],[2.17876,49.11532],[2.17843,49.11517],[2.17837,49.11496],[2.17838,49.11479],[2.17829,49.11461],[2.17822,49.1143],[2.17811,49.11408],[2.17798,49.11362],[2.17769,49.11308],[2.17769,49.11295],[2.17783,49.11267],[2.17774,49.11242],[2.17771,49.11202],[2.17772,49.11191],[2.17783,49.11177],[2.17815,49.11155],[2.17825,49.11143],[2.17832,49.11124],[2.17846,49.11038],[2.17844,49.11029],[2.17809,49.11022],[2.17803,49.11018],[2.1785,49.10953],[2.17886,49.10934],[2.17947,49.10909],[2.18025,49.10841],[2.18055,49.10823],[2.181,49.10788],[2.18124,49.10779],[2.18151,49.10775],[2.1821,49.10761],[2.18247,49.10747],[2.18281,49.10721],[2.18302,49.10732],[2.18326,49.10724],[2.18337,49.10717],[2.18347,49.10703],[2.18348,49.10693],[2.18374,49.10669],[2.18444,49.10624],[2.1845,49.10611],[2.18444,49.10583],[2.18433,49.10577],[2.18415,49.10576],[2.18401,49.10566],[2.18395,49.10527],[2.18378,49.105],[2.18361,49.10462],[2.1834,49.10459],[2.18318,49.1045],[2.18315,49.10427],[2.18302,49.10422],[2.18298,49.10411],[2.18299,49.10398],[2.1829,49.10362],[2.18299,49.10293],[2.18319,49.10262],[2.18348,49.10227],[2.18363,49.10201],[2.18357,49.10176],[2.1836,49.1016],[2.18387,49.1011],[2.18401,49.10065],[2.18414,49.10053],[2.18419,49.1004],[2.18417,49.10016],[2.18477,49.09972],[2.18614,49.09922],[2.18653,49.09913],[2.18669,49.09903],[2.18726,49.09895],[2.18806,49.0989],[2.18832,49.09885],[2.18854,49.09888],[2.18904,49.09878],[2.18946,49.09865],[2.18972,49.09848],[2.19002,49.0984],[2.19055,49.09812],[2.19101,49.09808],[2.19117,49.09801],[2.19129,49.09792],[2.19146,49.09788],[2.19199,49.09784],[2.19241,49.09753],[2.19262,49.09732],[2.19322,49.09689],[2.19406,49.09589],[2.19462,49.0954],[2.19541,49.0945],[2.19576,49.09402],[2.19604,49.09395],[2.19632,49.09393],[2.19688,49.094],[2.19737,49.09395],[2.19833,49.09374],[2.19855,49.09378],[2.19887,49.09377]],[[2.10234,49.18589],[2.10235,49.18573],[2.10245,49.18549],[2.10268,49.18535],[2.10275,49.18528],[2.10279,49.18512],[2.10306,49.1847],[2.10463,49.18294],[2.10495,49.18263],[2.10534,49.1825],[2.10558,49.18229],[2.10617,49.18153],[2.10756,49.18122],[2.10769,49.18117],[2.10845,49.18066],[2.10928,49.18016],[2.10962,49.17988],[2.10975,49.17972],[2.11003,49.179],[2.10994,49.17881],[2.11012,49.17825],[2.11048,49.17735],[2.11055,49.17707],[2.11082,49.177],[2.11379,49.17543],[2.11388,49.17462],[2.11401,49.17419],[2.11406,49.17272],[2.11414,49.17186],[2.11423,49.17153],[2.11437,49.1713],[2.11621,49.16941],[2.11623,49.16919],[2.11649,49.16899],[2.11667,49.16893],[2.11696,49.16858],[2.11694,49.16844],[2.11703,49.16828],[2.11693,49.16803],[2.11701,49.1679],[2.11699,49.16753],[2.11696,49.16749],[2.11684,49.16752],[2.11671,49.16744],[2.11675,49.16733],[2.11671,49.16714],[2.11678,49.16688],[2.11697,49.16521],[2.11684,49.16507],[2.11667,49.16481],[2.11651,49.16469],[2.11639,49.16454],[2.1158,49.16426],[2.11552,49.16409],[2.11543,49.16395],[2.11547,49.16374],[2.11585,49.16308],[2.11571,49.16301],[2.11377,49.16071],[2.11378,49.16053],[2.11404,49.1604],[2.11412,49.1602],[2.11419,49.16026]],[[2.11585,49.16308],[2.11601,49.16285],[2.116,49.16272],[2.11404,49.1604]],[[2.11094,49.15551],[2.11093,49.15562],[2.11077,49.15577],[2.11075,49.15592],[2.11122,49.15647],[2.11126,49.15651],[2.11147,49.15653],[2.11171,49.15678],[2.11207,49.15704],[2.11251,49.15711],[2.11278,49.15755],[2.1133,49.15823],[2.11289,49.15839],[2.11287,49.15847],[2.11412,49.16004],[2.11412,49.1602]],[[2.11077,49.15577],[2.11066,49.15575],[2.11058,49.15562],[2.11072,49.15552],[2.11094,49.15551],[2.11094,49.1545],[2.11095,49.15438],[2.11107,49.15424],[2.11106,49.1523],[2.11112,49.15219],[2.11153,49.15191],[2.11224,49.15153],[2.1124,49.15113],[2.11243,49.15099],[2.11237,49.15082],[2.11221,49.14885],[2.11423,49.14647],[2.11507,49.1454],[2.11536,49.14486],[2.11557,49.1441],[2.11582,49.14357],[2.11599,49.14336],[2.11603,49.14317],[2.116,49.1431],[2.11641,49.14273],[2.11643,49.14262],[2.11631,49.14229],[2.11647,49.14197],[2.11646,49.14178],[2.11576,49.14021],[2.11557,49.13997]],[[2.11631,49.14229],[2.11605,49.14271],[2.11597,49.143],[2.116,49.1431]],[[2.07023,49.14385],[2.07054,49.14376],[2.07097,49.14375],[2.07223,49.14377],[2.07341,49.14374],[2.07393,49.1438],[2.07449,49.14393],[2.07534,49.14422],[2.07657,49.14489],[2.07717,49.14511],[2.07747,49.14519],[2.07813,49.14529],[2.07895,49.14529],[2.07912,49.14533],[2.0798,49.14537],[2.08019,49.14529],[2.08067,49.14516],[2.0823,49.14489],[2.08246,49.1449],[2.08289,49.14502],[2.0857,49.14483],[2.08601,49.14484],[2.0865,49.14477],[2.0869,49.14476],[2.08778,49.14488],[2.0879,49.14486],[2.08798,49.1448],[2.088,49.14471],[2.09108,49.14404],[2.09171,49.14397],[2.09226,49.14397],[2.09347,49.14386],[2.095,49.14354],[2.09677,49.14328],[2.09825,49.143],[2.09909,49.14289],[2.10043,49.14259],[2.10082,49.14253],[2.10137,49.14251],[2.10242,49.14235],[2.10312,49.1423],[2.10349,49.14235],[2.10382,49.14233],[2.10448,49.1424],[2.10554,49.14222],[2.10594,49.14219],[2.10652,49.14222],[2.10665,49.1422],[2.10689,49.14212],[2.10725,49.14215],[2.10832,49.14202],[2.11113,49.14183],[2.11172,49.14173],[2.11215,49.14161],[2.1124,49.1414],[2.11256,49.14132],[2.1127,49.14128],[2.11315,49.14123],[2.11342,49.14116],[2.11471,49.14036],[2.11619,49.13967],[2.11777,49.13864],[2.11786,49.13855],[2.11787,49.13844],[2.11787,49.13821],[2.11777,49.13785],[2.11781,49.13707],[2.11801,49.1371],[2.11814,49.13718],[2.11826,49.13711],[2.11837,49.13699],[2.11843,49.1369],[2.11855,49.13599],[2.11875,49.13582],[2.119,49.13581],[2.11954,49.13569],[2.1207,49.13557],[2.12139,49.1356],[2.12158,49.13552],[2.1217,49.13538],[2.12209,49.13511],[2.12265,49.13504],[2.12258,49.13494],[2.12245,49.13498],[2.12242,49.13506]],[[2.20914,49.09362],[2.20858,49.09362],[2.20821,49.0935],[2.2081,49.0935],[2.20795,49.09357],[2.20793,49.09378],[2.20782,49.09388],[2.20752,49.09396],[2.20732,49.09391],[2.20689,49.09373],[2.20684,49.09373],[2.20675,49.09382],[2.20663,49.09383],[2.20651,49.09365],[2.2062,49.09362],[2.20613,49.09348],[2.20595,49.09345],[2.20584,49.09346],[2.20584,49.09363],[2.20576,49.09369],[2.20562,49.09365],[2.20528,49.09376],[2.20522,49.09371],[2.20528,49.09351],[2.20525,49.09348],[2.20484,49.09352],[2.20474,49.0935],[2.2044,49.09331],[2.20417,49.0934],[2.20415,49.09349],[2.20422,49.09367],[2.20376,49.09364],[2.2034,49.09369],[2.2029,49.09383],[2.20284,49.09389],[2.20284,49.094],[2.20274,49.09405],[2.20262,49.094],[2.20236,49.094],[2.20188,49.09415],[2.20166,49.09419],[2.19953,49.09383],[2.19887,49.09377],[2.19874,49.09369],[2.19833,49.09374]]]}},
{"type":"Feature","properties":{"NOM":"Le Sausseron","ETAT":2,"CODE_MODIF":0,"DATE_MODIF":null,"MODIFICATI":null,"RAPPORT_UR":null,"ID_NOM":"N0065","ID_TRONCON":"T0356","ID_COURSDE":"N0065T0356","ORIGINE1":"SCAN25","BCAE":"non","ZNT":"oui"},"geometry":{"type":"LineString","coordinates":[[2.05824,49.15332],[2.0581,49.15345],[2.05803,49.15358],[2.05796,49.15362],[2.05624,49.15405],[2.05596,49.15425],[2.05526,49.15488],[2.05506,49.155],[2.05427,49.15529],[2.05385,49.15541],[2.05287,49.15565],[2.05213,49.15577],[2.05114,49.15579],[2.04964,49.15575],[2.0493,49.15577],[2.04769,49.15609],[2.0474,49.15621],[2.04711,49.15627],[2.04684,49.15628],[2.04661,49.15635],[2.04499,49.15699],[2.0434,49.15777],[2.04235,49.15818],[2.04165,49.15854],[2.04117,49.15882],[2.04106,49.15921],[2.03845,49.16002],[2.03732,49.16041],[2.0361,49.16088],[2.03476,49.16126],[2.03412,49.16156]]}},
{"type":"Feature","properties":{"NOM":"La Morée","ETAT":3,"CODE_MODIF":0,"DATE_MODIF":null,"MODIFICATI":null,"RAPPORT_UR":null,"ID_NOM":"N0066","ID_TRONCON":"T0357","ID_COURSDE":"N0066T0357","ORIGINE1":"SCAN25","BCAE":"non","ZNT":"oui"},"geometry":{"type":"LineString","coordinates":[[2.44775,48.95569],[2.44667,48.95609],[2.44529,48.95675],[2.43485,48.95463],[2.42859,48.95775],[2.42348,48.95898],[2.42294,48.95993],[2.42257,48.96006]]}},
{"type":"Feature","properties":{"NOM":"Le Sausset","ETAT":1,"CODE_MODIF":0,"DATE_MODIF":null,"MODIFICATI":null,"RAPPORT_UR":null,"ID_NOM":"N0066","ID_TRONCON":"T0358","ID_COURSDE":"N0066T0358","ORIGINE1":"SCAN25","BCAE":"oui","ZNT":"oui"},"geometry":{"type":"LineString","coordinates":[[2.44775,48.95569],[2.44792,48.95564],[2.4486,48.95502],[2.44902,48.95478],[2.44956,48.95476],[2.45006,48.95477],[2.45031,48.95473],[2.45058,48.95472],[2.45145,48.95489],[2.45248,48.95482],[2.45289,48.95482],[2.45316,48.95486],[2.45379,48.95511],[2.45446,48.95526],[2.45581,48.95546],[2.4566,48.9555],[2.45697,48.95548],[2.45703,48.95543]]}},
{"type":"Feature","properties":{"NOM":"La Morée","ETAT":3,"CODE_MODIF":0,"DATE_MODIF":null,"MODIFICATI":null,"RAPPORT_UR":null,"ID_NOM":"N0066","ID_TRONCON":"T0360","ID_COURSDE":"N0066T0360","ORIGINE1":"SCAN25","BCAE":"non","ZNT":"oui"},"geometry":{"type":"LineString","coordinates":[[2.46693,48.95185],[2.45703,48.95543]]}},
{"type":"Feature","properties":{"NOM":"Le Sausset","ETAT":2,"CODE_MODIF":0,"DATE_MODIF":null,"MODIFICATI":null,"RAPPORT_UR":null,"ID_NOM":"N0066","ID_TRONCON":"T0361","ID_COURSDE":"N0066T0361","ORIGINE1":"SCAN25","BCAE":"non","ZNT":"oui"},"geometry":{"type":"LineString","coordinates":[[2.55376,48.97814],[2.55332,48.97785],[2.5524,48.97735],[2.55189,48.97701],[2.55164,48.97666],[2.55162,48.97649],[2.55151,48.97635],[2.55137,48.97626],[2.55119,48.97616],[2.55059,48.97603],[2.55025,48.97587],[2.55004,48.97552],[2.54979,48.97521],[2.54969,48.97516],[2.54947,48.97513],[2.54928,48.97516],[2.54912,48.97513],[2.54836,48.97486],[2.54752,48.97416],[2.54751,48.97409],[2.54774,48.97399],[2.54776,48.97395],[2.54719,48.97332],[2.54678,48.9728],[2.54657,48.97265],[2.54627,48.97252],[2.54588,48.97244],[2.5454,48.97238],[2.54516,48.97231],[2.54487,48.97207],[2.54445,48.9718],[2.54427,48.97165],[2.5442,48.97153],[2.54391,48.97133],[2.54373,48.97126],[2.54308,48.9707],[2.54233,48.97037],[2.54205,48.97017],[2.54187,48.96996],[2.54171,48.96985],[2.54142,48.96952],[2.54117,48.969],[2.54101,48.96877],[2.54052,48.96838],[2.53973,48.96813],[2.5394,48.96796],[2.53925,48.96781],[2.53924,48.96764],[2.53849,48.96729],[2.538,48.96723],[2.53787,48.96728],[2.53761,48.96723],[2.53747,48.967],[2.53754,48.96695],[2.53744,48.96668],[2.53708,48.96649],[2.53664,48.96638],[2.53579,48.96624],[2.53565,48.96616],[2.5352,48.96615],[2.53488,48.96605],[2.53453,48.96581],[2.53421,48.96572],[2.53399,48.96556],[2.53388,48.96542],[2.53343,48.96526],[2.53324,48.96505],[2.53321,48.96486],[2.53305,48.96477],[2.53293,48.96449]]}},
{"type":"Feature","properties":{"NOM":"La Morée","ETAT":1,"CODE_MODIF":0,"DATE_MODIF":null,"MODIFICATI":null,"RAPPORT_UR":null,"ID_NOM":"N0066","ID_TRONCON":"T0363","ID_COURSDE":"N0066T0363","ORIGINE1":"SCAN25","BCAE":"oui","ZNT":"oui"},"geometry":{"type":"LineString","coordinates":[[2.42257,48.96006],[2.42235,48.96007],[2.4215,48.96029],[2.42117,48.96027],[2.41863,48.95987],[2.41834,48.95974],[2.41822,48.95965],[2.41804,48.95941]]}},
{"type":"Feature","properties":{"NOM":"Petit Ru de Vaux","ETAT":2,"CODE_MODIF":0,"DATE_MODIF":null,"MODIFICATI":null,"RAPPORT_UR":null,"ID_NOM":"N0067","ID_TRONCON":"T0364","ID_COURSDE":"N0067T0364","ORIGINE1":"SCAN25","BCAE":"non","ZNT":"oui"},"geometry":{"type":"LineString","coordinates":[[2.31196,49.02906],[2.31256,49.02914],[2.31274,49.02923],[2.31285,49.02936],[2.313,49.02945],[2.31359,49.02956],[2.31429,49.02949],[2.31454,49.02943],[2.31522,49.0292],[2.31595,49.02915],[2.31618,49.0292],[2.31648,49.02941],[2.31708,49.02971],[2.31738,49.0298],[2.31746,49.02987],[2.31807,49.03017],[2.31877,49.03056],[2.31964,49.03142],[2.31985,49.03158],[2.32014,49.03189],[2.32031,49.03217],[2.32053,49.0324],[2.32065,49.03245],[2.32124,49.0325],[2.32151,49.03255],[2.3216,49.0326],[2.32181,49.03281],[2.32224,49.03304],[2.32285,49.03325],[2.32309,49.03329],[2.32383,49.03332],[2.32424,49.03347],[2.32443,49.03347],[2.32485,49.03336],[2.32497,49.03336],[2.32541,49.03345],[2.32601,49.03384],[2.32627,49.03395],[2.32692,49.03434],[2.32788,49.03469],[2.32843,49.03484]]}},
{"type":"Feature","properties":{"NOM":"Ravine des Ponceaux","ETAT":2,"CODE_MODIF":0,"DATE_MODIF":null,"MODIFICATI":null,"RAPPORT_UR":null,"ID_NOM":"N0068","ID_TRONCON":"T0365","ID_COURSDE":"N0068T0365","ORIGINE1":"SCAN25","BCAE":"non","ZNT":"oui"},"geometry":{"type":"LineString","coordinates":[[2.17102,49.06779],[2.17177,49.06672],[2.17188,49.06648],[2.17179,49.06621],[2.17167,49.06612],[2.17171,49.06584],[2.17185,49.06567]]}},
{"type":"Feature","properties":{"NOM":"Ru de Corbon","ETAT":2,"CODE_MODIF":0,"DATE_MODIF":null,"MODIFICATI":null,"RAPPORT_UR":null,"ID_NOM":"N0069","ID_TRONCON":"T0366","ID_COURSDE":"N0069T0366","ORIGINE1":"SCAN25","BCAE":"non","ZNT":"oui"},"geometry":{"type":"LineString","coordinates":[[2.23871,49.03315],[2.23902,49.03325],[2.23969,49.03323],[2.24009,49.03316],[2.24116,49.0332],[2.24309,49.03296],[2.24358,49.03284],[2.24506,49.03271],[2.24908,49.03209],[2.24937,49.03198],[2.25058,49.03167],[2.2508,49.03157],[2.25138,49.03085],[2.25191,49.03052],[2.25266,49.03037],[2.25414,49.02967],[2.25468,49.02914],[2.25504,49.02884],[2.25614,49.02827],[2.25646,49.02804],[2.25675,49.02797],[2.25693,49.02789],[2.2574,49.02777],[2.25788,49.02752],[2.25806,49.02739],[2.25811,49.02725],[2.25826,49.02718],[2.25834,49.02704],[2.25856,49.02689],[2.25894,49.02684],[2.26008,49.02622],[2.26043,49.02616],[2.26115,49.02623],[2.26226,49.02622]]}},
{"type":"Feature","properties":{"NOM":"Ru de la Flâche","ETAT":1,"CODE_MODIF":0,"DATE_MODIF":null,"MODIFICATI":null,"RAPPORT_UR":null,"ID_NOM":"N0070","ID_TRONCON":"T0367","ID_COURSDE":"N0070T0367","ORIGINE1":"SCAN25","BCAE":"oui","ZNT":"oui"},"geometry":{"type":"LineString","coordinates":[[2.47152,49.11618],[2.46979,49.1163],[2.46925,49.11622],[2.46746,49.11716],[2.46647,49.11739],[2.46638,49.11722],[2.46599,49.11725],[2.46537,49.11736],[2.46509,49.11754],[2.46461,49.11779],[2.46436,49.118],[2.46413,49.11808],[2.46393,49.11808],[2.46312,49.11821],[2.46249,49.11843],[2.46205,49.11852],[2.46036,49.1186],[2.45981,49.11859],[2.45972,49.11867],[2.45972,49.11875],[2.45984,49.11886],[2.45947,49.119],[2.45935,49.11934],[2.45728,49.11938],[2.45658,49.11944],[2.45622,49.11952],[2.45609,49.11957],[2.45599,49.11965],[2.45593,49.11986],[2.45564,49.11968],[2.45523,49.11932],[2.45492,49.11913],[2.4546,49.11905],[2.45436,49.11896],[2.45423,49.11887],[2.45401,49.11882],[2.4538,49.11866],[2.45342,49.11854],[2.45243,49.11805],[2.45171,49.11778],[2.45119,49.11765],[2.45118,49.11758],[2.45104,49.11747],[2.45089,49.11743],[2.45084,49.11736],[2.45053,49.11723],[2.44949,49.11727],[2.44892,49.11725],[2.44844,49.11728],[2.44706,49.11723],[2.44647,49.11716],[2.44444,49.11677],[2.44088,49.11723],[2.43965,49.11716],[2.43841,49.11745],[2.43803,49.1175],[2.43719,49.11757],[2.43702,49.11756],[2.43681,49.11746],[2.43657,49.11747]]}},
{"type":"Feature","properties":{"NOM":"Ru de la Flâche","ETAT":1,"CODE_MODIF":0,"DATE_MODIF":null,"MODIFICATI":null,"RAPPORT_UR":null,"ID_NOM":"N0070","ID_TRONCON":"T0368","ID_COURSDE":"N0070T0368","ORIGINE1":"SCAN25","BCAE":"oui","ZNT":"oui"},"geometry":{"type":"LineString","coordinates":[[2.43965,49.11716],[2.43955,49.11651],[2.4395,49.11643]]}},
{"type":"Feature","properties":{"NOM":"Ru de la Fontaine Plamond","ETAT":2,"CODE_MODIF":0,"DATE_MODIF":null,"MODIFICATI":null,"RAPPORT_UR":null,"ID_NOM":"N0071","ID_TRONCON":"T0369","ID_COURSDE":"N0071T0369","ORIGINE1":"SCAN25","BCAE":"non","ZNT":"oui"},"geometry":{"type":"LineString","coordinates":[[2.42852,48.97268],[2.42888,48.97298],[2.42924,48.97337],[2.42942,48.97372]]}},
{"type":"Feature","properties":{"NOM":"Ru de Pontcelles","ETAT":1,"CODE_MODIF":0,"DATE_MODIF":null,"MODIFICATI":null,"RAPPORT_UR":null,"ID_NOM":"N0072","ID_TRONCON":"T0370","ID_COURSDE":"N0072T0370","ORIGINE1":"SCAN25","BCAE":"oui","ZNT":"oui"},"geometry":{"type":"LineString","coordinates":[[2.33279,49.02118],[2.33311,49.02131],[2.33334,49.02151],[2.33347,49.02176],[2.33359,49.02186],[2.33447,49.02249],[2.33459,49.02254],[2.33491,49.02262],[2.33618,49.02261],[2.33638,49.02259],[2.33833,49.02263],[2.34015,49.02281],[2.34077,49.02294],[2.34202,49.02329],[2.34244,49.02337],[2.34391,49.02338],[2.34427,49.02334],[2.34441,49.02335],[2.34477,49.02347],[2.34526,49.02352],[2.34534,49.02372],[2.34587,49.02393],[2.34632,49.02404],[2.34688,49.0244],[2.34714,49.02451],[2.34818,49.02474],[2.34868,49.02498],[2.34981,49.02529],[2.35043,49.02542],[2.35068,49.02539],[2.35267,49.02593],[2.35519,49.02677],[2.35529,49.02677],[2.35546,49.02671],[2.3572,49.02576],[2.3573,49.02556],[2.35792,49.02533],[2.35821,49.02526],[2.35888,49.02485],[2.35903,49.02465],[2.35917,49.02427],[2.35923,49.02421],[2.35949,49.02408],[2.35962,49.02389],[2.36021,49.02376],[2.36064,49.02354],[2.36213,49.02269],[2.36247,49.02245],[2.36404,49.02192],[2.36511,49.02192]]}},
{"type":"Feature","properties":{"NOM":"Ru de Vaux","ETAT":3,"CODE_MODIF":0,"DATE_MODIF":null,"MODIFICATI":null,"RAPPORT_UR":null,"ID_NOM":"N0073","ID_TRONCON":"T0371","ID_COURSDE":"N0073T0371","ORIGINE1":"SCAN25","BCAE":"non","ZNT":"oui"},"geometry":{"type":"LineString","coordinates":[[2.32843,49.03484],[2.32907,49.03485],[2.32925,49.03479],[2.32938,49.03478],[2.33022,49.03485],[2.33141,49.03534],[2.33149,49.03542],[2.33219,49.0357],[2.3325,49.03573],[2.33546,49.03566],[2.33856,49.03526],[2.33891,49.03518],[2.33894,49.03512],[2.34158,49.0345],[2.34163,49.03447],[2.34182,49.0341],[2.34313,49.03401],[2.3447,49.03371],[2.34545,49.03372],[2.34664,49.03334],[2.34817,49.03265],[2.34921,49.03215],[2.35164,49.0306],[2.35232,49.03005],[2.35304,49.0294],[2.3537,49.02819],[2.35415,49.02795],[2.3534,49.02736],[2.35425,49.02695],[2.35468,49.0266]]}},
{"type":"Feature","properties":{"NOM":"Ru des Champs","ETAT":1,"CODE_MODIF":0,"DATE_MODIF":null,"MODIFICATI":null,"RAPPORT_UR":null,"ID_NOM":"N0074","ID_TRONCON":"T0372","ID_COURSDE":"N0074T0372","ORIGINE1":"SCAN25","BCAE":"oui","ZNT":"oui"},"geometry":{"type":"LineString","coordinates":[[2.35493,49.00584],[2.35677,49.00643]]}},
{"type":"Feature","properties":{"NOM":"Ru des Champs","ETAT":1,"CODE_MODIF":0,"DATE_MODIF":null,"MODIFICATI":null,"RAPPORT_UR":null,"ID_NOM":"N0074","ID_TRONCON":"T0373","ID_COURSDE":"N0074T0373","ORIGINE1":"SCAN25","BCAE":"oui","ZNT":"oui"},"geometry":{"type":"LineString","coordinates":[[2.35677,49.00643],[2.3579,49.00645],[2.36259,49.00667],[2.36446,49.00659],[2.36694,49.00693],[2.36722,49.00683]]}},
{"type":"Feature","properties":{"NOM":"Ru du Bois","ETAT":1,"CODE_MODIF":0,"DATE_MODIF":null,"MODIFICATI":null,"RAPPORT_UR":null,"ID_NOM":"N0075","ID_TRONCON":"T0374","ID_COURSDE":"N0075T0374","ORIGINE1":"SCAN25","BCAE":"oui","ZNT":"oui"},"geometry":{"type":"LineString","coordinates":[[2.26208,49.1237],[2.26122,49.12365],[2.26096,49.12376],[2.26069,49.12377],[2.26036,49.12366],[2.2601,49.12366],[2.2599,49.1235],[2.25972,49.1235],[2.25934,49.1236],[2.25911,49.12377],[2.2585,49.12387],[2.25832,49.12398],[2.25817,49.12413],[2.25803,49.12419],[2.25784,49.12423],[2.25764,49.12414],[2.25744,49.12413],[2.25731,49.12423],[2.25724,49.12438],[2.25698,49.12452],[2.2568,49.12468],[2.25633,49.12483],[2.25606,49.12498],[2.25583,49.12506],[2.25538,49.12516],[2.25503,49.12517],[2.25446,49.1248],[2.25409,49.12494],[2.25013,49.1261],[2.24975,49.12615],[2.24894,49.12609],[2.24846,49.1262],[2.24826,49.12629],[2.24779,49.12674],[2.24663,49.12765],[2.24461,49.12869],[2.24359,49.12928],[2.24313,49.13028],[2.2427,49.13101]]}},
{"type":"Feature","properties":{"NOM":"Ru du Bois","ETAT":1,"CODE_MODIF":1,"DATE_MODIF":"2010-12-06","MODIFICATI":"ETAT 2 EN 1","RAPPORT_UR":"\\\\Sbl95-03\\gb_cons\\EAU\\N_MASSE_EAU\\L_COURS_DEAU_L_095\\Multi_0007.doc","ID_NOM":"N0075","ID_TRONCON":"T0375","ID_COURSDE":"N0075T0375","ORIGINE1":"TERRAIN","BCAE":"oui","ZNT":"oui"},"geometry":{"type":"LineString","coordinates":[[2.26208,49.1237],[2.26237,49.12368],[2.26248,49.12373],[2.26269,49.12399],[2.26279,49.12404],[2.26297,49.12405],[2.26331,49.12392],[2.26351,49.12391],[2.26449,49.12413],[2.26523,49.12406],[2.26563,49.12395],[2.26616,49.12372],[2.2664,49.12349],[2.2666,49.12313],[2.26668,49.12308],[2.26697,49.12301],[2.27418,49.12216],[2.27627,49.12313],[2.27706,49.12317],[2.27773,49.12314],[2.27791,49.12311],[2.27804,49.12304],[2.27848,49.12274],[2.27862,49.12258],[2.27897,49.12196],[2.27953,49.12173],[2.28028,49.12148]]}},
{"type":"Feature","properties":{"NOM":"Ru du Ponceau","ETAT":1,"CODE_MODIF":0,"DATE_MODIF":null,"MODIFICATI":null,"RAPPORT_UR":null,"ID_NOM":"N0076","ID_TRONCON":"T0376","ID_COURSDE":"N0076T0376","ORIGINE1":"SCAN25","BCAE":"oui","ZNT":"oui"},"geometry":{"type":"LineString","coordinates":[[2.3907,49.11893],[2.39056,49.11921],[2.39047,49.11923],[2.39035,49.11935],[2.39028,49.11957],[2.3902,49.11962],[2.38992,49.11958],[2.38979,49.1196],[2.3896,49.11968],[2.38887,49.12028],[2.38879,49.12065],[2.38856,49.12074],[2.38846,49.12082],[2.3884,49.12158],[2.38829,49.12177],[2.38824,49.12198],[2.38801,49.12225],[2.38798,49.12249],[2.38771,49.12293],[2.38708,49.1237],[2.38668,49.12387],[2.3864,49.12405],[2.38626,49.12415],[2.386,49.12447],[2.38541,49.12613],[2.3853,49.12655],[2.3853,49.12678],[2.38517,49.12782],[2.3851,49.128],[2.38469,49.12844],[2.38431,49.12877],[2.38407,49.12906],[2.38361,49.12952],[2.38343,49.13002],[2.38022,49.13015],[2.37929,49.13003],[2.37876,49.13007]]}},
{"type":"Feature","properties":{"NOM":"Ru du Pontcel","ETAT":1,"CODE_MODIF":0,"DATE_MODIF":null,"MODIFICATI":null,"RAPPORT_UR":null,"ID_NOM":"N0077","ID_TRONCON":"T0377","ID_COURSDE":"N0077T0377","ORIGINE1":"SCAN25","BCAE":"oui","ZNT":"oui"},"geometry":{"type":"LineString","coordinates":[[2.43229,49.11978],[2.43098,49.11932],[2.43099,49.11922],[2.43118,49.11889],[2.43106,49.11883],[2.42994,49.11845],[2.42911,49.11827],[2.42864,49.11813],[2.4281,49.11789],[2.42769,49.11776],[2.42688,49.11718],[2.42679,49.11706],[2.42633,49.11669],[2.4258,49.11657],[2.42478,49.11656],[2.42428,49.11629],[2.42394,49.11618],[2.42362,49.11611],[2.42288,49.11604],[2.42232,49.11584],[2.42192,49.11589],[2.4214,49.11578],[2.42083,49.11583]]}},
{"type":"Feature","properties":{"NOM":"Ru du Vivray","ETAT":2,"CODE_MODIF":0,"DATE_MODIF":null,"MODIFICATI":null,"RAPPORT_UR":null,"ID_NOM":"N0078","ID_TRONCON":"T0378","ID_COURSDE":"N0078T0378","ORIGINE1":"SCAN25","BCAE":"non","ZNT":"oui"},"geometry":{"type":"LineString","coordinates":[[2.22522,49.10057],[2.22451,49.10088],[2.22285,49.10129]]}},
{"type":"Feature","properties":{"NOM":"Ru du Vivray","ETAT":1,"CODE_MODIF":0,"DATE_MODIF":null,"MODIFICATI":null,"RAPPORT_UR":null,"ID_NOM":"N0078","ID_TRONCON":"T0379","ID_COURSDE":"N0078T0379","ORIGINE1":"SCAN25","BCAE":"oui","ZNT":"oui"},"geometry":{"type":"LineString","coordinates":[[2.22285,49.10129],[2.22235,49.10145],[2.22148,49.10162],[2.22045,49.10137],[2.22026,49.10135],[2.21979,49.10148],[2.21812,49.10217],[2.2173,49.10266],[2.21177,49.10333],[2.21127,49.10342],[2.21096,49.1035],[2.21062,49.10353],[2.21049,49.10351],[2.2103,49.10342],[2.21017,49.10325],[2.21015,49.10293],[2.21021,49.10271],[2.21021,49.10242],[2.21,49.10161],[2.20972,49.101],[2.20967,49.10093],[2.20954,49.10086],[2.20914,49.10055]]}},
{"type":"Feature","properties":{"NOM":"Ruisseau de l'Étang de Chauvry","ETAT":2,"CODE_MODIF":0,"DATE_MODIF":null,"MODIFICATI":null,"RAPPORT_UR":null,"ID_NOM":"N0079","ID_TRONCON":"T0380","ID_COURSDE":"N0079T0380","ORIGINE1":"SCAN25","BCAE":"non","ZNT":"oui"},"geometry":{"type":"LineString","coordinates":[[2.28111,49.06579],[2.28161,49.06537],[2.28208,49.06521],[2.28239,49.06497]]}},
{"type":"Feature","properties":{"NOM":"Ruisseau de la Cailleuse","ETAT":1,"CODE_MODIF":0,"DATE_MODIF":null,"MODIFICATI":null,"RAPPORT_UR":null,"ID_NOM":"N0080","ID_TRONCON":"T0381","ID_COURSDE":"N0080T0381","ORIGINE1":"SCAN25","BCAE":"oui","ZNT":"oui"},"geometry":{"type":"LineString","coordinates":[[2.26113,49.0396],[2.26065,49.03968],[2.26041,49.03976],[2.25963,49.04011],[2.25899,49.04022],[2.25823,49.04064],[2.25765,49.04088],[2.25716,49.04094],[2.25663,49.0409],[2.25652,49.04093],[2.25632,49.0411],[2.25603,49.04116],[2.2557,49.04114],[2.25528,49.04103],[2.25429,49.04129],[2.25323,49.04152]]}},
{"type":"Feature","properties":{"NOM":"Ruisseau des Fonds","ETAT":1,"CODE_MODIF":0,"DATE_MODIF":null,"MODIFICATI":null,"RAPPORT_UR":null,"ID_NOM":"N0082","ID_TRONCON":"T0383","ID_COURSDE":"N0082T0383","ORIGINE1":"SCAN25","BCAE":"oui","ZNT":"oui"},"geometry":{"type":"LineString","coordinates":[[2.24042,49.04477],[2.24111,49.04446],[2.24175,49.04429],[2.24198,49.04427],[2.24248,49.04428],[2.24289,49.04436],[2.24335,49.04434],[2.24437,49.04416],[2.24479,49.04413],[2.24589,49.04388],[2.24625,49.04375],[2.24665,49.04354],[2.24748,49.04287],[2.24817,49.04262],[2.24839,49.04249],[2.24867,49.04239],[2.24899,49.04229],[2.24927,49.04225],[2.24976,49.04224],[2.25026,49.04208],[2.25048,49.04205],[2.25144,49.04196],[2.2518,49.0419],[2.25239,49.04192],[2.25268,49.04184],[2.25323,49.04152]]}},
{"type":"Feature","properties":{"NOM":"Ruisseau du Fond des Aulnes","ETAT":3,"CODE_MODIF":1,"DATE_MODIF":"2010-02-09","MODIFICATI":"ETAT 2 EN 1","RAPPORT_UR":null,"ID_NOM":"N0084","ID_TRONCON":"T0385","ID_COURSDE":"N0084T0385","ORIGINE1":"TERRAIN","BCAE":"non","ZNT":"oui"},"geometry":{"type":"LineString","coordinates":[[2.34489,49.00576],[2.34584,49.00567],[2.34871,49.00493],[2.35148,49.00378],[2.35202,49.00387],[2.35268,49.00455],[2.35355,49.00497],[2.35493,49.00584]]}},
{"type":"Feature","properties":{"NOM":"Ruisseau du Petit Moulin","ETAT":2,"CODE_MODIF":0,"DATE_MODIF":null,"MODIFICATI":null,"RAPPORT_UR":null,"ID_NOM":"N0085","ID_TRONCON":"T0386","ID_COURSDE":"N0085T0386","ORIGINE1":"SCAN25","BCAE":"non","ZNT":"oui"},"geometry":{"type":"LineString","coordinates":[[2.26708,49.03321],[2.2674,49.03309],[2.26771,49.03305],[2.26795,49.03297],[2.26873,49.03242],[2.26882,49.03223],[2.26913,49.03202],[2.26952,49.03199],[2.26982,49.03181],[2.27014,49.03177],[2.27082,49.03134],[2.27103,49.03123],[2.27129,49.03115],[2.27156,49.03113],[2.27185,49.03102],[2.27255,49.03096],[2.27274,49.03087],[2.27294,49.03089],[2.27339,49.03111],[2.27365,49.0311],[2.27387,49.03103],[2.27441,49.03102],[2.27466,49.0309],[2.27492,49.03091],[2.27505,49.03084],[2.2756,49.03083],[2.27589,49.03085],[2.27638,49.03069],[2.27671,49.03068],[2.27689,49.03062],[2.2772,49.03062],[2.27748,49.03051],[2.27809,49.03045],[2.27841,49.03036],[2.27884,49.0303],[2.27916,49.03028],[2.27945,49.0303],[2.28137,49.03029],[2.28164,49.03025],[2.28182,49.03013],[2.28266,49.02999],[2.28318,49.02997],[2.28371,49.02997],[2.28418,49.03003],[2.28479,49.03018],[2.28509,49.03034],[2.28569,49.03038],[2.2863,49.03066],[2.28646,49.03078],[2.28673,49.03082]]}},
{"type":"Feature","properties":{"NOM":"Ruisseau du Petit Moulin","ETAT":1,"CODE_MODIF":0,"DATE_MODIF":null,"MODIFICATI":null,"RAPPORT_UR":null,"ID_NOM":"N0085","ID_TRONCON":"T0387","ID_COURSDE":"N0085T0387","ORIGINE1":"SCAN25","BCAE":"oui","ZNT":"oui"},"geometry":{"type":"LineString","coordinates":[[2.28674,49.03082],[2.28697,49.03071],[2.28728,49.03071],[2.28778,49.03062],[2.28831,49.03068],[2.28887,49.03064],[2.28911,49.03074],[2.28932,49.03078],[2.28959,49.03071],[2.28989,49.03072],[2.29008,49.03082],[2.29069,49.03081],[2.29159,49.03058],[2.29236,49.0305],[2.29259,49.03041],[2.29287,49.0303],[2.29309,49.03015],[2.293,49.02978],[2.29341,49.02932],[2.29378,49.02898],[2.29464,49.0283],[2.29567,49.0273]]}},
{"type":"Feature","properties":{"NOM":"Sans nom","ETAT":1,"CODE_MODIF":0,"DATE_MODIF":null,"MODIFICATI":null,"RAPPORT_UR":null,"ID_NOM":"N9999","ID_TRONCON":"T0388","ID_COURSDE":"N9999T0388","ORIGINE1":"SCAN25","BCAE":"oui","ZNT":"oui"},"geometry":{"type":"LineString","coordinates":[[1.71588,49.14788],[1.7169,49.14768],[1.71706,49.14768],[1.71722,49.14762],[1.71743,49.14761],[1.71911,49.14733],[1.7245,49.14759],[1.72526,49.14765]]}},
{"type":"Feature","properties":{"NOM":"Sans nom","ETAT":2,"CODE_MODIF":0,"DATE_MODIF":null,"MODIFICATI":null,"RAPPORT_UR":null,"ID_NOM":"N9999","ID_TRONCON":"T0389","ID_COURSDE":"N9999T0389","ORIGINE1":"SCAN25","BCAE":"non","ZNT":"oui"},"geometry":{"type":"LineString","coordinates":[[1.66528,49.15953],[1.66518,49.1591],[1.66496,49.15861],[1.6647,49.15819],[1.66456,49.15783],[1.66446,49.15699],[1.66419,49.15636],[1.66446,49.15609],[1.66447,49.156],[1.66438,49.15581],[1.66421,49.15566],[1.66357,49.15544],[1.66339,49.15523]]}},
{"type":"Feature","properties":{"NOM":"Sans nom","ETAT":1,"CODE_MODIF":0,"DATE_MODIF":null,"MODIFICATI":null,"RAPPORT_UR":null,"ID_NOM":"N9999","ID_TRONCON":"T0390","ID_COURSDE":"N9999T0390","ORIGINE1":"SCAN25","BCAE":"oui","ZNT":"oui"},"geometry":{"type":"LineString","coordinates":[[1.71718,49.07179],[1.71712,49.0716],[1.71706,49.07155]]}},
{"type":"Feature","properties":{"NOM":"Sans nom","ETAT":1,"CODE_MODIF":0,"DATE_MODIF":null,"MODIFICATI":null,"RAPPORT_UR":null,"ID_NOM":"N9999","ID_TRONCON":"T0391","ID_COURSDE":"N9999T0391","ORIGINE1":"SCAN25","BCAE":"oui","ZNT":"oui"},"geometry":{"type":"LineString","coordinates":[[2.11091,49.15215],[2.11153,49.15175],[2.11199,49.15137]]}},
{"type":"Feature","properties":{"NOM":"Sans nom","ETAT":1,"CODE_MODIF":0,"DATE_MODIF":null,"MODIFICATI":null,"RAPPORT_UR":null,"ID_NOM":"N9999","ID_TRONCON":"T0392","ID_COURSDE":"N9999T0392","ORIGINE1":"SCAN25","BCAE":"oui","ZNT":"oui"},"geometry":{"type":"LineString","coordinates":[[2.11215,49.14161],[2.11203,49.14173],[2.11174,49.14219],[2.11162,49.14232],[2.11128,49.14252]]}},
{"type":"Feature","properties":{"NOM":"Sans nom","ETAT":1,"CODE_MODIF":0,"DATE_MODIF":null,"MODIFICATI":null,"RAPPORT_UR":null,"ID_NOM":"N9999","ID_TRONCON":"T0393","ID_COURSDE":"N9999T0393","ORIGINE1":"SCAN25","BCAE":"oui","ZNT":"oui"},"geometry":{"type":"LineString","coordinates":[[2.11237,49.15082],[2.11212,49.15124]]}},
{"type":"Feature","properties":{"NOM":"Sans nom","ETAT":1,"CODE_MODIF":0,"DATE_MODIF":null,"MODIFICATI":null,"RAPPORT_UR":null,"ID_NOM":"N9999","ID_TRONCON":"T0394","ID_COURSDE":"N9999T0394","ORIGINE1":"SCAN25","BCAE":"oui","ZNT":"oui"},"geometry":{"type":"LineString","coordinates":[[1.93828,49.14377],[1.93815,49.14427],[1.93819,49.14461],[1.93818,49.1449]]}},
{"type":"Feature","properties":{"NOM":"Sans nom","ETAT":1,"CODE_MODIF":0,"DATE_MODIF":null,"MODIFICATI":null,"RAPPORT_UR":null,"ID_NOM":"N9999","ID_TRONCON":"T0395","ID_COURSDE":"N9999T0395","ORIGINE1":"SCAN25","BCAE":"oui","ZNT":"oui"},"geometry":{"type":"LineString","coordinates":[[2.08447,49.19187],[2.08434,49.19215]]}},
{"type":"Feature","properties":{"NOM":"Sans nom","ETAT":1,"CODE_MODIF":0,"DATE_MODIF":null,"MODIFICATI":null,"RAPPORT_UR":null,"ID_NOM":"N9999","ID_TRONCON":"T0396","ID_COURSDE":"N9999T0396","ORIGINE1":"SCAN25","BCAE":"oui","ZNT":"oui"},"geometry":{"type":"LineString","coordinates":[[2.07688,49.14466],[2.07676,49.14458],[2.07641,49.14453],[2.07632,49.14414],[2.0761,49.14388],[2.07586,49.14375],[2.07482,49.14354],[2.07415,49.14331],[2.07361,49.14322]]}},
{"type":"Feature","properties":{"NOM":"Sans nom","ETAT":1,"CODE_MODIF":0,"DATE_MODIF":null,"MODIFICATI":null,"RAPPORT_UR":null,"ID_NOM":"N9999","ID_TRONCON":"T0397","ID_COURSDE":"N9999T0397","ORIGINE1":"SCAN25","BCAE":"oui","ZNT":"oui"},"geometry":{"type":"LineString","coordinates":[[2.07688,49.14466],[2.07741,49.14502],[2.07771,49.14508]]}},
{"type":"Feature","properties":{"NOM":"Sans nom","ETAT":1,"CODE_MODIF":0,"DATE_MODIF":null,"MODIFICATI":null,"RAPPORT_UR":null,"ID_NOM":"N9999","ID_TRONCON":"T0398","ID_COURSDE":"N9999T0398","ORIGINE1":"SCAN25","BCAE":"oui","ZNT":"oui"},"geometry":{"type":"LineString","coordinates":[[2.15186,49.14014],[2.15177,49.14014],[2.15168,49.1402],[2.1514,49.14046],[2.15114,49.14064],[2.15047,49.14046],[2.14997,49.14037],[2.14887,49.14012]]}},
{"type":"Feature","properties":{"NOM":"Sans nom","ETAT":1,"CODE_MODIF":0,"DATE_MODIF":null,"MODIFICATI":null,"RAPPORT_UR":null,"ID_NOM":"N9999","ID_TRONCON":"T0399","ID_COURSDE":"N9999T0399","ORIGINE1":"SCAN25","BCAE":"oui","ZNT":"oui"},"geometry":{"type":"LineString","coordinates":[[1.93612,49.14696],[1.93634,49.14692],[1.93702,49.14699]]}},
{"type":"Feature","properties":{"NOM":"Sans nom","ETAT":1,"CODE_MODIF":0,"DATE_MODIF":null,"MODIFICATI":null,"RAPPORT_UR":null,"ID_NOM":"N9999","ID_TRONCON":"T0400","ID_COURSDE":"N9999T0400","ORIGINE1":"SCAN25","BCAE":"oui","ZNT":"oui"},"geometry":{"type":"LineString","coordinates":[[1.93367,49.15979],[1.93405,49.15968],[1.93539,49.15956]]}},
{"type":"Feature","properties":{"NOM":"Sans nom","ETAT":1,"CODE_MODIF":0,"DATE_MODIF":null,"MODIFICATI":null,"RAPPORT_UR":null,"ID_NOM":"N9999","ID_TRONCON":"T0401","ID_COURSDE":"N9999T0401","ORIGINE1":"SCAN25","BCAE":"oui","ZNT":"oui"},"geometry":{"type":"LineString","coordinates":[[1.93969,49.16881],[1.9396,49.16884]]}},
{"type":"Feature","properties":{"NOM":"Sans nom","ETAT":1,"CODE_MODIF":0,"DATE_MODIF":null,"MODIFICATI":null,"RAPPORT_UR":null,"ID_NOM":"N9999","ID_TRONCON":"T0402","ID_COURSDE":"N9999T0402","ORIGINE1":"SCAN25","BCAE":"oui","ZNT":"oui"},"geometry":{"type":"LineString","coordinates":[[2.11185,49.15714],[2.11187,49.15703],[2.11196,49.15698]]}},
{"type":"Feature","properties":{"NOM":"Sans nom","ETAT":1,"CODE_MODIF":0,"DATE_MODIF":null,"MODIFICATI":null,"RAPPORT_UR":null,"ID_NOM":"N9999","ID_TRONCON":"T0403","ID_COURSDE":"N9999T0403","ORIGINE1":"SCAN25","BCAE":"oui","ZNT":"oui"},"geometry":{"type":"LineString","coordinates":[[1.93751,49.14664],[1.93711,49.14661]]}},
{"type":"Feature","properties":{"NOM":"Sans nom","ETAT":1,"CODE_MODIF":0,"DATE_MODIF":null,"MODIFICATI":null,"RAPPORT_UR":null,"ID_NOM":"N9999","ID_TRONCON":"T0404","ID_COURSDE":"N9999T0404","ORIGINE1":"SCAN25","BCAE":"oui","ZNT":"oui"},"geometry":{"type":"LineString","coordinates":[[2.07773,49.14472],[2.07771,49.14508]]}},
{"type":"Feature","properties":{"NOM":"Sans nom","ETAT":1,"CODE_MODIF":0,"DATE_MODIF":null,"MODIFICATI":null,"RAPPORT_UR":null,"ID_NOM":"N9999","ID_TRONCON":"T0405","ID_COURSDE":"N9999T0405","ORIGINE1":"SCAN25","BCAE":"oui","ZNT":"oui"},"geometry":{"type":"LineString","coordinates":[[2.07771,49.14508],[2.07768,49.14523]]}},
{"type":"Feature","properties":{"NOM":"Sans nom","ETAT":1,"CODE_MODIF":3,"DATE_MODIF":"2010-12-10","MODIFICATI":"TRACÉ","RAPPORT_UR":"\\\\Sbl95-03\\gb_cons\\EAU\\N_MASSE_EAU\\L_COURS_DEAU_L_095\\Multi_0007.doc","ID_NOM":"N9999","ID_TRONCON":"T0406","ID_COURSDE":"N9999T0406","ORIGINE1":"TERRAIN","BCAE":"oui","ZNT":"oui"},"geometry":{"type":"LineString","coordinates":[[1.94289,49.13519],[1.94378,49.1357],[1.94374,49.13579],[1.94354,49.13585],[1.94325,49.13601],[1.94302,49.13618],[1.94308,49.13634]]}},
{"type":"Feature","properties":{"NOM":"Sans nom","ETAT":1,"CODE_MODIF":0,"DATE_MODIF":null,"MODIFICATI":null,"RAPPORT_UR":null,"ID_NOM":"N9999","ID_TRONCON":"T0407","ID_COURSDE":"N9999T0407","ORIGINE1":"SCAN25","BCAE":"oui","ZNT":"oui"},"geometry":{"type":"LineString","coordinates":[[2.00634,49.07908],[2.00574,49.07845],[2.00549,49.07829]]}},
{"type":"Feature","properties":{"NOM":"Sans nom","ETAT":1,"CODE_MODIF":0,"DATE_MODIF":null,"MODIFICATI":null,"RAPPORT_UR":null,"ID_NOM":"N9999","ID_TRONCON":"T0408","ID_COURSDE":"N9999T0408","ORIGINE1":"SCAN25","BCAE":"oui","ZNT":"oui"},"geometry":{"type":"LineString","coordinates":[[2.00754,49.08218],[2.00723,49.08145],[2.00718,49.08112],[2.00673,49.08016],[2.00664,49.08009],[2.0065,49.07986],[2.00645,49.07983],[2.0063,49.07984]]}},
{"type":"Feature","properties":{"NOM":"Sans nom","ETAT":1,"CODE_MODIF":0,"DATE_MODIF":null,"MODIFICATI":null,"RAPPORT_UR":null,"ID_NOM":"N9999","ID_TRONCON":"T0409","ID_COURSDE":"N9999T0409","ORIGINE1":"SCAN25","BCAE":"oui","ZNT":"oui"},"geometry":{"type":"LineString","coordinates":[[1.98374,49.08895],[1.98531,49.08892]]}},
{"type":"Feature","properties":{"NOM":"Sans nom","ETAT":1,"CODE_MODIF":0,"DATE_MODIF":null,"MODIFICATI":null,"RAPPORT_UR":null,"ID_NOM":"N9999","ID_TRONCON":"T0410","ID_COURSDE":"N9999T0410","ORIGINE1":"SCAN25","BCAE":"oui","ZNT":"oui"},"geometry":{"type":"LineString","coordinates":[[1.94139,49.1373],[1.94131,49.1368],[1.94107,49.13651]]}},
{"type":"Feature","properties":{"NOM":"Sans nom","ETAT":1,"CODE_MODIF":0,"DATE_MODIF":null,"MODIFICATI":null,"RAPPORT_UR":null,"ID_NOM":"N9999","ID_TRONCON":"T0411","ID_COURSDE":"N9999T0411","ORIGINE1":"SCAN25","BCAE":"oui","ZNT":"oui"},"geometry":{"type":"LineString","coordinates":[[1.96883,49.09479],[1.96884,49.09482]]}},
{"type":"Feature","properties":{"NOM":"Sans nom","ETAT":1,"CODE_MODIF":0,"DATE_MODIF":null,"MODIFICATI":null,"RAPPORT_UR":null,"ID_NOM":"N9999","ID_TRONCON":"T0412","ID_COURSDE":"N9999T0412","ORIGINE1":"SCAN25","BCAE":"oui","ZNT":"oui"},"geometry":{"type":"LineString","coordinates":[[1.95006,49.12013],[1.95005,49.11997]]}},
{"type":"Feature","properties":{"NOM":"Sans nom","ETAT":1,"CODE_MODIF":0,"DATE_MODIF":null,"MODIFICATI":null,"RAPPORT_UR":null,"ID_NOM":"N9999","ID_TRONCON":"T0413","ID_COURSDE":"N9999T0413","ORIGINE1":"SCAN25","BCAE":"oui","ZNT":"oui"},"geometry":{"type":"LineString","coordinates":[[1.93856,49.13822],[1.93811,49.13786]]}},
{"type":"Feature","properties":{"NOM":"Sans nom","ETAT":1,"CODE_MODIF":0,"DATE_MODIF":null,"MODIFICATI":null,"RAPPORT_UR":null,"ID_NOM":"N9999","ID_TRONCON":"T0414","ID_COURSDE":"N9999T0414","ORIGINE1":"SCAN25","BCAE":"oui","ZNT":"oui"},"geometry":{"type":"LineString","coordinates":[[1.96954,49.10816],[1.9697,49.10809],[1.96985,49.10811],[1.97006,49.10821]]}},
{"type":"Feature","properties":{"NOM":"Sans nom","ETAT":1,"CODE_MODIF":0,"DATE_MODIF":null,"MODIFICATI":null,"RAPPORT_UR":null,"ID_NOM":"N9999","ID_TRONCON":"T0415","ID_COURSDE":"N9999T0415","ORIGINE1":"SCAN25","BCAE":"oui","ZNT":"oui"},"geometry":{"type":"LineString","coordinates":[[2.0008,49.08063],[2.00002,49.07988]]}},
{"type":"Feature","properties":{"NOM":"Sans nom","ETAT":1,"CODE_MODIF":0,"DATE_MODIF":null,"MODIFICATI":null,"RAPPORT_UR":null,"ID_NOM":"N9999","ID_TRONCON":"T0416","ID_COURSDE":"N9999T0416","ORIGINE1":"SCAN25","BCAE":"oui","ZNT":"oui"},"geometry":{"type":"LineString","coordinates":[[1.94792,49.1204],[1.94813,49.12076]]}},
{"type":"Feature","properties":{"NOM":"Sans nom","ETAT":0,"CODE_MODIF":5,"DATE_MODIF":"2010-12-10","MODIFICATI":"SUPPRESSION","RAPPORT_UR":null,"ID_NOM":"N9999","ID_TRONCON":"T0417","ID_COURSDE":"N9999T0417","ORIGINE1":"TERRAIN","BCAE":"non","ZNT":"non"},"geometry":{"type":"LineString","coordinates":[[1.94796,49.12082],[1.94813,49.12093],[1.94895,49.12107],[1.95017,49.12138]]}},
{"type":"Feature","properties":{"NOM":"Sans nom","ETAT":0,"CODE_MODIF":5,"DATE_MODIF":"2010-09-20","MODIFICATI":"SUPPRESSION","RAPPORT_UR":null,"ID_NOM":"N9999","ID_TRONCON":"T0418","ID_COURSDE":"N9999T0418","ORIGINE1":"TERRAIN","BCAE":"non","ZNT":"non"},"geometry":{"type":"LineString","coordinates":[[1.9182,49.12773],[1.9191,49.12661],[1.91852,49.12653],[1.91745,49.12626],[1.91709,49.1261],[1.91651,49.12599]]}},
{"type":"Feature","properties":{"NOM":"Sans nom","ETAT":1,"CODE_MODIF":0,"DATE_MODIF":null,"MODIFICATI":null,"RAPPORT_UR":null,"ID_NOM":"N9999","ID_TRONCON":"T0419","ID_COURSDE":"N9999T0419","ORIGINE1":"SCAN25","BCAE":"oui","ZNT":"oui"},"geometry":{"type":"LineString","coordinates":[[1.94267,49.13674],[1.94256,49.13678],[1.94233,49.13662],[1.94212,49.13654],[1.94189,49.13631],[1.94177,49.13608]]}},
{"type":"Feature","properties":{"NOM":"Sans nom","ETAT":1,"CODE_MODIF":0,"DATE_MODIF":null,"MODIFICATI":null,"RAPPORT_UR":null,"ID_NOM":"N9999","ID_TRONCON":"T0420","ID_COURSDE":"N9999T0420","ORIGINE1":"SCAN25","BCAE":"oui","ZNT":"oui"},"geometry":{"type":"LineString","coordinates":[[1.92913,49.13122],[1.9301,49.13152]]}},
{"type":"Feature","properties":{"NOM":"Sans nom","ETAT":1,"CODE_MODIF":0,"DATE_MODIF":null,"MODIFICATI":null,"RAPPORT_UR":null,"ID_NOM":"N9999","ID_TRONCON":"T0421","ID_COURSDE":"N9999T0421","ORIGINE1":"SCAN25","BCAE":"oui","ZNT":"oui"},"geometry":{"type":"LineString","coordinates":[[1.94933,49.12037],[1.94931,49.1202]]}},
{"type":"Feature","properties":{"NOM":"Sans nom","ETAT":1,"CODE_MODIF":0,"DATE_MODIF":null,"MODIFICATI":null,"RAPPORT_UR":null,"ID_NOM":"N9999","ID_TRONCON":"T0422","ID_COURSDE":"N9999T0422","ORIGINE1":"SCAN25","BCAE":"oui","ZNT":"oui"},"geometry":{"type":"LineString","coordinates":[[1.99893,49.0826],[1.99911,49.08274],[1.99905,49.08278],[1.99662,49.08397]]}},
{"type":"Feature","properties":{"NOM":"Sans nom","ETAT":1,"CODE_MODIF":0,"DATE_MODIF":null,"MODIFICATI":null,"RAPPORT_UR":null,"ID_NOM":"N9999","ID_TRONCON":"T0423","ID_COURSDE":"N9999T0423","ORIGINE1":"SCAN25","BCAE":"oui","ZNT":"oui"},"geometry":{"type":"LineString","coordinates":[[1.99662,49.08397],[1.99589,49.08433],[1.99568,49.08418]]}},
{"type":"Feature","properties":{"NOM":"Sans nom","ETAT":1,"CODE_MODIF":0,"DATE_MODIF":null,"MODIFICATI":null,"RAPPORT_UR":null,"ID_NOM":"N9999","ID_TRONCON":"T0424","ID_COURSDE":"N9999T0424","ORIGINE1":"SCAN25","BCAE":"oui","ZNT":"oui"},"geometry":{"type":"LineString","coordinates":[[1.92949,49.13267],[1.9283,49.1336],[1.92678,49.13418],[1.92447,49.13485]]}},
{"type":"Feature","properties":{"NOM":"Sans nom","ETAT":1,"CODE_MODIF":0,"DATE_MODIF":null,"MODIFICATI":null,"RAPPORT_UR":null,"ID_NOM":"N9999","ID_TRONCON":"T0425","ID_COURSDE":"N9999T0425","ORIGINE1":"SCAN25","BCAE":"oui","ZNT":"oui"},"geometry":{"type":"LineString","coordinates":[[1.93024,49.13209],[1.92964,49.13256]]}},
{"type":"Feature","properties":{"NOM":"Sans nom","ETAT":1,"CODE_MODIF":0,"DATE_MODIF":null,"MODIFICATI":null,"RAPPORT_UR":null,"ID_NOM":"N9999","ID_TRONCON":"T0426","ID_COURSDE":"N9999T0426","ORIGINE1":"SCAN25","BCAE":"oui","ZNT":"oui"},"geometry":{"type":"LineString","coordinates":[[1.93098,49.13082],[1.93147,49.13116],[1.93024,49.13209]]}},
{"type":"Feature","properties":{"NOM":"Sans nom","ETAT":2,"CODE_MODIF":0,"DATE_MODIF":null,"MODIFICATI":null,"RAPPORT_UR":null,"ID_NOM":"N9999","ID_TRONCON":"T0427","ID_COURSDE":"N9999T0427","ORIGINE1":"SCAN25","BCAE":"non","ZNT":"oui"},"geometry":{"type":"LineString","coordinates":[[1.92447,49.13485],[1.92322,49.13528],[1.92194,49.1356],[1.92063,49.136],[1.92021,49.13618],[1.91986,49.13651],[1.91969,49.13679],[1.91961,49.13708]]}},
{"type":"Feature","properties":{"NOM":"Sans nom","ETAT":1,"CODE_MODIF":0,"DATE_MODIF":null,"MODIFICATI":null,"RAPPORT_UR":null,"ID_NOM":"N9999","ID_TRONCON":"T0428","ID_COURSDE":"N9999T0428","ORIGINE1":"SCAN25","BCAE":"oui","ZNT":"oui"},"geometry":{"type":"LineString","coordinates":[[1.93024,49.13209],[1.93038,49.13216]]}},
{"type":"Feature","properties":{"NOM":"Sans nom","ETAT":1,"CODE_MODIF":0,"DATE_MODIF":null,"MODIFICATI":null,"RAPPORT_UR":null,"ID_NOM":"N9999","ID_TRONCON":"T0429","ID_COURSDE":"N9999T0429","ORIGINE1":"SCAN25","BCAE":"oui","ZNT":"oui"},"geometry":{"type":"LineString","coordinates":[[1.93038,49.13216],[1.93063,49.13229]]}},
{"type":"Feature","properties":{"NOM":"Sans nom","ETAT":1,"CODE_MODIF":0,"DATE_MODIF":null,"MODIFICATI":null,"RAPPORT_UR":null,"ID_NOM":"N9999","ID_TRONCON":"T0430","ID_COURSDE":"N9999T0430","ORIGINE1":"SCAN25","BCAE":"oui","ZNT":"oui"},"geometry":{"type":"LineString","coordinates":[[1.93063,49.13229],[1.93074,49.13234],[1.93006,49.13294]]}},
{"type":"Feature","properties":{"NOM":"Sans nom","ETAT":1,"CODE_MODIF":0,"DATE_MODIF":null,"MODIFICATI":null,"RAPPORT_UR":null,"ID_NOM":"N9999","ID_TRONCON":"T0431","ID_COURSDE":"N9999T0431","ORIGINE1":"SCAN25","BCAE":"oui","ZNT":"oui"},"geometry":{"type":"LineString","coordinates":[[2.00774,49.07886],[2.00719,49.07794],[2.00672,49.07748],[2.00626,49.07697],[2.00669,49.07676],[2.0071,49.07668],[2.00733,49.07654]]}},
{"type":"Feature","properties":{"NOM":"Sans nom","ETAT":1,"CODE_MODIF":0,"DATE_MODIF":null,"MODIFICATI":null,"RAPPORT_UR":null,"ID_NOM":"N9999","ID_TRONCON":"T0432","ID_COURSDE":"N9999T0432","ORIGINE1":"SCAN25","BCAE":"oui","ZNT":"oui"},"geometry":{"type":"LineString","coordinates":[[2.01106,49.0777],[2.01126,49.07857]]}},
{"type":"Feature","properties":{"NOM":"Sans nom","ETAT":1,"CODE_MODIF":0,"DATE_MODIF":null,"MODIFICATI":null,"RAPPORT_UR":null,"ID_NOM":"N9999","ID_TRONCON":"T0433","ID_COURSDE":"N9999T0433","ORIGINE1":"SCAN25","BCAE":"oui","ZNT":"oui"},"geometry":{"type":"LineString","coordinates":[[2.00475,49.07983],[2.00503,49.07985],[2.00597,49.07963],[2.00615,49.07955],[2.00637,49.07951]]}},
{"type":"Feature","properties":{"NOM":"Sans nom","ETAT":1,"CODE_MODIF":0,"DATE_MODIF":null,"MODIFICATI":null,"RAPPORT_UR":null,"ID_NOM":"N9999","ID_TRONCON":"T0434","ID_COURSDE":"N9999T0434","ORIGINE1":"SCAN25","BCAE":"oui","ZNT":"oui"},"geometry":{"type":"LineString","coordinates":[[1.99647,49.08572],[1.99671,49.08564],[1.99684,49.0855],[1.9972,49.08525],[1.99674,49.08498],[1.99594,49.08459],[1.9962,49.08436],[1.99649,49.08417],[1.99662,49.08403],[1.99662,49.08397]]}},
{"type":"Feature","properties":{"NOM":"Sans nom","ETAT":1,"CODE_MODIF":0,"DATE_MODIF":null,"MODIFICATI":null,"RAPPORT_UR":null,"ID_NOM":"N9999","ID_TRONCON":"T0435","ID_COURSDE":"N9999T0435","ORIGINE1":"SCAN25","BCAE":"oui","ZNT":"oui"},"geometry":{"type":"LineString","coordinates":[[1.99519,49.08602],[1.99647,49.08572]]}},
{"type":"Feature","properties":{"NOM":"Sans nom","ETAT":1,"CODE_MODIF":0,"DATE_MODIF":null,"MODIFICATI":null,"RAPPORT_UR":null,"ID_NOM":"N9999","ID_TRONCON":"T0436","ID_COURSDE":"N9999T0436","ORIGINE1":"SCAN25","BCAE":"oui","ZNT":"oui"},"geometry":{"type":"LineString","coordinates":[[1.93038,49.13216],[1.93149,49.13127],[1.93162,49.13133],[1.93167,49.13137],[1.93063,49.13229]]}},
{"type":"Feature","properties":{"NOM":"Sans nom","ETAT":1,"CODE_MODIF":0,"DATE_MODIF":null,"MODIFICATI":null,"RAPPORT_UR":null,"ID_NOM":"N9999","ID_TRONCON":"T0437","ID_COURSDE":"N9999T0437","ORIGINE1":"SCAN25","BCAE":"oui","ZNT":"oui"},"geometry":{"type":"LineString","coordinates":[[2.03797,49.03689],[2.03921,49.03776],[2.03928,49.03775],[2.03973,49.03752],[2.04115,49.03689]]}},
{"type":"Feature","properties":{"NOM":"Sans nom","ETAT":1,"CODE_MODIF":0,"DATE_MODIF":null,"MODIFICATI":null,"RAPPORT_UR":null,"ID_NOM":"N9999","ID_TRONCON":"T0438","ID_COURSDE":"N9999T0438","ORIGINE1":"SCAN25","BCAE":"oui","ZNT":"oui"},"geometry":{"type":"LineString","coordinates":[[2.03572,49.03535],[2.03623,49.03574],[2.03797,49.03689]]}},
{"type":"Feature","properties":{"NOM":"Sans nom","ETAT":1,"CODE_MODIF":0,"DATE_MODIF":null,"MODIFICATI":null,"RAPPORT_UR":null,"ID_NOM":"N9999","ID_TRONCON":"T0439","ID_COURSDE":"N9999T0439","ORIGINE1":"SCAN25","BCAE":"oui","ZNT":"oui"},"geometry":{"type":"LineString","coordinates":[[2.04878,49.06532],[2.04888,49.06569],[2.04855,49.06578],[2.04844,49.06593],[2.04796,49.06611],[2.04721,49.0662],[2.04705,49.06625],[2.04687,49.06624],[2.04668,49.06618],[2.04647,49.06616],[2.04612,49.06615],[2.04571,49.06619],[2.04447,49.06623],[2.04416,49.06622],[2.04393,49.06624]]}},
{"type":"Feature","properties":{"NOM":"Sans nom","ETAT":1,"CODE_MODIF":0,"DATE_MODIF":null,"MODIFICATI":null,"RAPPORT_UR":null,"ID_NOM":"N9999","ID_TRONCON":"T0440","ID_COURSDE":"N9999T0440","ORIGINE1":"SCAN25","BCAE":"oui","ZNT":"oui"},"geometry":{"type":"LineString","coordinates":[[2.05253,49.06675],[2.05313,49.06675],[2.0536,49.0667],[2.05391,49.06666],[2.05437,49.06649]]}},
{"type":"Feature","properties":{"NOM":"Sans nom","ETAT":1,"CODE_MODIF":0,"DATE_MODIF":null,"MODIFICATI":null,"RAPPORT_UR":null,"ID_NOM":"N9999","ID_TRONCON":"T0441","ID_COURSDE":"N9999T0441","ORIGINE1":"SCAN25","BCAE":"oui","ZNT":"oui"},"geometry":{"type":"LineString","coordinates":[[2.05437,49.06649],[2.05478,49.06636],[2.05498,49.06633],[2.05579,49.06635]]}},
{"type":"Feature","properties":{"NOM":"Sans nom","ETAT":1,"CODE_MODIF":0,"DATE_MODIF":null,"MODIFICATI":null,"RAPPORT_UR":null,"ID_NOM":"N9999","ID_TRONCON":"T0442","ID_COURSDE":"N9999T0442","ORIGINE1":"SCAN25","BCAE":"oui","ZNT":"oui"},"geometry":{"type":"LineString","coordinates":[[2.08744,49.05186],[2.08615,49.05091]]}},
{"type":"Feature","properties":{"NOM":"Sans nom","ETAT":1,"CODE_MODIF":0,"DATE_MODIF":null,"MODIFICATI":null,"RAPPORT_UR":null,"ID_NOM":"N9999","ID_TRONCON":"T0443","ID_COURSDE":"N9999T0443","ORIGINE1":"SCAN25","BCAE":"oui","ZNT":"oui"},"geometry":{"type":"LineString","coordinates":[[2.05169,49.06617],[2.05213,49.06613]]}},
{"type":"Feature","properties":{"NOM":"Sans nom","ETAT":1,"CODE_MODIF":0,"DATE_MODIF":null,"MODIFICATI":null,"RAPPORT_UR":null,"ID_NOM":"N9999","ID_TRONCON":"T0444","ID_COURSDE":"N9999T0444","ORIGINE1":"SCAN25","BCAE":"oui","ZNT":"oui"},"geometry":{"type":"LineString","coordinates":[[2.08696,49.05041],[2.08823,49.05136]]}},
{"type":"Feature","properties":{"NOM":"Sans nom","ETAT":1,"CODE_MODIF":0,"DATE_MODIF":null,"MODIFICATI":null,"RAPPORT_UR":null,"ID_NOM":"N9999","ID_TRONCON":"T0445","ID_COURSDE":"N9999T0445","ORIGINE1":"SCAN25","BCAE":"oui","ZNT":"oui"},"geometry":{"type":"LineString","coordinates":[[2.05145,49.06677],[2.05169,49.06617]]}},
{"type":"Feature","properties":{"NOM":"Sans nom","ETAT":1,"CODE_MODIF":0,"DATE_MODIF":null,"MODIFICATI":null,"RAPPORT_UR":null,"ID_NOM":"N9999","ID_TRONCON":"T0446","ID_COURSDE":"N9999T0446","ORIGINE1":"SCAN25","BCAE":"oui","ZNT":"oui"},"geometry":{"type":"LineString","coordinates":[[2.05169,49.06617],[2.05189,49.06577],[2.05216,49.06575]]}},
{"type":"Feature","properties":{"NOM":"Sans nom","ETAT":1,"CODE_MODIF":0,"DATE_MODIF":null,"MODIFICATI":null,"RAPPORT_UR":null,"ID_NOM":"N9999","ID_TRONCON":"T0447","ID_COURSDE":"N9999T0447","ORIGINE1":"SCAN25","BCAE":"oui","ZNT":"oui"},"geometry":{"type":"LineString","coordinates":[[2.05955,49.06634],[2.05954,49.0662],[2.05935,49.06617],[2.05926,49.06609],[2.05937,49.06585],[2.05932,49.06574],[2.05922,49.0657],[2.0587,49.0657],[2.05793,49.06562]]}},
{"type":"Feature","properties":{"NOM":"Sans nom","ETAT":1,"CODE_MODIF":0,"DATE_MODIF":null,"MODIFICATI":null,"RAPPORT_UR":null,"ID_NOM":"N9999","ID_TRONCON":"T0448","ID_COURSDE":"N9999T0448","ORIGINE1":"SCAN25","BCAE":"oui","ZNT":"oui"},"geometry":{"type":"LineString","coordinates":[[2.02935,49.07526],[2.02937,49.07519],[2.02928,49.07498],[2.0293,49.07495],[2.02976,49.07484],[2.03047,49.07478],[2.03065,49.07474],[2.03069,49.07465],[2.03065,49.0744],[2.03108,49.07413]]}},
{"type":"Feature","properties":{"NOM":"Sans nom","ETAT":1,"CODE_MODIF":0,"DATE_MODIF":null,"MODIFICATI":null,"RAPPORT_UR":null,"ID_NOM":"N9999","ID_TRONCON":"T0449","ID_COURSDE":"N9999T0449","ORIGINE1":"SCAN25","BCAE":"oui","ZNT":"oui"},"geometry":{"type":"LineString","coordinates":[[2.04393,49.06624],[2.04399,49.06611],[2.0441,49.06605],[2.04577,49.06573],[2.04609,49.06577],[2.04755,49.06546],[2.04878,49.06532]]}},
{"type":"Feature","properties":{"NOM":"Sans nom","ETAT":1,"CODE_MODIF":0,"DATE_MODIF":null,"MODIFICATI":null,"RAPPORT_UR":null,"ID_NOM":"N9999","ID_TRONCON":"T0450","ID_COURSDE":"N9999T0450","ORIGINE1":"SCAN25","BCAE":"oui","ZNT":"oui"},"geometry":{"type":"LineString","coordinates":[[2.05557,49.06556],[2.05597,49.06539],[2.05617,49.06534],[2.05664,49.06534],[2.05688,49.06529],[2.05705,49.0652],[2.05739,49.06494],[2.0578,49.06452]]}},
{"type":"Feature","properties":{"NOM":"Sans nom","ETAT":1,"CODE_MODIF":0,"DATE_MODIF":null,"MODIFICATI":null,"RAPPORT_UR":null,"ID_NOM":"N9999","ID_TRONCON":"T0451","ID_COURSDE":"N9999T0451","ORIGINE1":"SCAN25","BCAE":"oui","ZNT":"oui"},"geometry":{"type":"LineString","coordinates":[[2.05151,49.06714],[2.05142,49.06682],[2.05145,49.06677]]}},
{"type":"Feature","properties":{"NOM":"Sans nom","ETAT":1,"CODE_MODIF":0,"DATE_MODIF":null,"MODIFICATI":null,"RAPPORT_UR":null,"ID_NOM":"N9999","ID_TRONCON":"T0452","ID_COURSDE":"N9999T0452","ORIGINE1":"SCAN25","BCAE":"oui","ZNT":"oui"},"geometry":{"type":"LineString","coordinates":[[2.05145,49.06677],[2.05253,49.06675]]}},
{"type":"Feature","properties":{"NOM":"Sans nom","ETAT":2,"CODE_MODIF":0,"DATE_MODIF":null,"MODIFICATI":null,"RAPPORT_UR":null,"ID_NOM":"N9999","ID_TRONCON":"T0453","ID_COURSDE":"N9999T0453","ORIGINE1":"SCAN25","BCAE":"non","ZNT":"oui"},"geometry":{"type":"LineString","coordinates":[[2.00759,49.01997],[2.00765,49.01971],[2.0061,49.01932],[2.00574,49.01935],[2.00548,49.01931]]}},
{"type":"Feature","properties":{"NOM":"Sans nom","ETAT":1,"CODE_MODIF":0,"DATE_MODIF":null,"MODIFICATI":null,"RAPPORT_UR":null,"ID_NOM":"N9999","ID_TRONCON":"T0454","ID_COURSDE":"N9999T0454","ORIGINE1":"SCAN25","BCAE":"oui","ZNT":"oui"},"geometry":{"type":"LineString","coordinates":[[2.0739,49.06101],[2.07369,49.06041]]}},
{"type":"Feature","properties":{"NOM":"Sans nom","ETAT":2,"CODE_MODIF":0,"DATE_MODIF":null,"MODIFICATI":null,"RAPPORT_UR":null,"ID_NOM":"N9999","ID_TRONCON":"T0455","ID_COURSDE":"N9999T0455","ORIGINE1":"SCAN25","BCAE":"non","ZNT":"oui"},"geometry":{"type":"LineString","coordinates":[[2.00393,49.02164],[2.00565,49.02194],[2.00584,49.02195],[2.00715,49.02186]]}},
{"type":"Feature","properties":{"NOM":"Sans nom","ETAT":1,"CODE_MODIF":0,"DATE_MODIF":null,"MODIFICATI":null,"RAPPORT_UR":null,"ID_NOM":"N9999","ID_TRONCON":"T0456","ID_COURSDE":"N9999T0456","ORIGINE1":"SCAN25","BCAE":"oui","ZNT":"oui"},"geometry":{"type":"LineString","coordinates":[[2.05253,49.06675],[2.05228,49.06655],[2.05213,49.06613]]}},
{"type":"Feature","properties":{"NOM":"Sans nom","ETAT":1,"CODE_MODIF":0,"DATE_MODIF":null,"MODIFICATI":null,"RAPPORT_UR":null,"ID_NOM":"N9999","ID_TRONCON":"T0457","ID_COURSDE":"N9999T0457","ORIGINE1":"SCAN25","BCAE":"oui","ZNT":"oui"},"geometry":{"type":"LineString","coordinates":[[2.05213,49.06613],[2.0521,49.06594],[2.05216,49.06575]]}},
{"type":"Feature","properties":{"NOM":"Sans nom","ETAT":1,"CODE_MODIF":0,"DATE_MODIF":null,"MODIFICATI":null,"RAPPORT_UR":null,"ID_NOM":"N9999","ID_TRONCON":"T0458","ID_COURSDE":"N9999T0458","ORIGINE1":"SCAN25","BCAE":"oui","ZNT":"oui"},"geometry":{"type":"LineString","coordinates":[[2.05216,49.06575],[2.05216,49.0657],[2.05207,49.06562]]}},
{"type":"Feature","properties":{"NOM":"Sans nom","ETAT":1,"CODE_MODIF":0,"DATE_MODIF":null,"MODIFICATI":null,"RAPPORT_UR":null,"ID_NOM":"N9999","ID_TRONCON":"T0459","ID_COURSDE":"N9999T0459","ORIGINE1":"SCAN25","BCAE":"oui","ZNT":"oui"},"geometry":{"type":"LineString","coordinates":[[2.06239,49.06384],[2.06234,49.06353],[2.06196,49.06288]]}},
{"type":"Feature","properties":{"NOM":"Sans nom","ETAT":1,"CODE_MODIF":0,"DATE_MODIF":null,"MODIFICATI":null,"RAPPORT_UR":null,"ID_NOM":"N9999","ID_TRONCON":"T0460","ID_COURSDE":"N9999T0460","ORIGINE1":"SCAN25","BCAE":"oui","ZNT":"oui"},"geometry":{"type":"LineString","coordinates":[[2.04393,49.06624],[2.04393,49.06657],[2.03954,49.06799]]}},
{"type":"Feature","properties":{"NOM":"Sans nom","ETAT":1,"CODE_MODIF":0,"DATE_MODIF":null,"MODIFICATI":null,"RAPPORT_UR":null,"ID_NOM":"N9999","ID_TRONCON":"T0461","ID_COURSDE":"N9999T0461","ORIGINE1":"SCAN25","BCAE":"oui","ZNT":"oui"},"geometry":{"type":"LineString","coordinates":[[2.03538,49.03411],[2.03515,49.03416],[2.03502,49.03429],[2.03454,49.03441]]}},
{"type":"Feature","properties":{"NOM":"Sans nom","ETAT":1,"CODE_MODIF":0,"DATE_MODIF":null,"MODIFICATI":null,"RAPPORT_UR":null,"ID_NOM":"N9999","ID_TRONCON":"T0462","ID_COURSDE":"N9999T0462","ORIGINE1":"SCAN25","BCAE":"oui","ZNT":"oui"},"geometry":{"type":"LineString","coordinates":[[2.07415,49.061],[2.07423,49.06089],[2.07426,49.06054],[2.07414,49.06],[2.07403,49.05985]]}},
{"type":"Feature","properties":{"NOM":"Sans nom","ETAT":0,"CODE_MODIF":0,"DATE_MODIF":"2014-08-20","MODIFICATI":null,"RAPPORT_UR":null,"ID_NOM":"N9999","ID_TRONCON":"T0463","ID_COURSDE":"N9999T0463","ORIGINE1":"SCAN25","BCAE":"non","ZNT":"non"},"geometry":{"type":"LineString","coordinates":[[1.97779,49.03203],[1.97765,49.03161]]}},
{"type":"Feature","properties":{"NOM":"Sans nom","ETAT":0,"CODE_MODIF":0,"DATE_MODIF":"2014-08-20","MODIFICATI":null,"RAPPORT_UR":null,"ID_NOM":"N9999","ID_TRONCON":"T0464","ID_COURSDE":"N9999T0464","ORIGINE1":"SCAN25","BCAE":"non","ZNT":"non"},"geometry":{"type":"LineString","coordinates":[[1.97838,49.03166],[1.97779,49.03203]]}},
{"type":"Feature","properties":{"NOM":"Sans nom","ETAT":1,"CODE_MODIF":0,"DATE_MODIF":null,"MODIFICATI":null,"RAPPORT_UR":null,"ID_NOM":"N9999","ID_TRONCON":"T0465","ID_COURSDE":"N9999T0465","ORIGINE1":"SCAN25","BCAE":"oui","ZNT":"oui"},"geometry":{"type":"LineString","coordinates":[[2.04958,49.06588],[2.05029,49.06584]]}},
{"type":"Feature","properties":{"NOM":"Sans nom","ETAT":1,"CODE_MODIF":0,"DATE_MODIF":null,"MODIFICATI":null,"RAPPORT_UR":null,"ID_NOM":"N9999","ID_TRONCON":"T0466","ID_COURSDE":"N9999T0466","ORIGINE1":"SCAN25","BCAE":"oui","ZNT":"oui"},"geometry":{"type":"LineString","coordinates":[[2.03797,49.03689],[2.03736,49.03725]]}},
{"type":"Feature","properties":{"NOM":"Sans nom","ETAT":1,"CODE_MODIF":0,"DATE_MODIF":null,"MODIFICATI":null,"RAPPORT_UR":null,"ID_NOM":"N9999","ID_TRONCON":"T0467","ID_COURSDE":"N9999T0467","ORIGINE1":"SCAN25","BCAE":"oui","ZNT":"oui"},"geometry":{"type":"LineString","coordinates":[[2.38469,49.14712],[2.3852,49.14674]]}},
{"type":"Feature","properties":{"NOM":"Sans nom","ETAT":1,"CODE_MODIF":0,"DATE_MODIF":null,"MODIFICATI":null,"RAPPORT_UR":null,"ID_NOM":"N9999","ID_TRONCON":"T0468","ID_COURSDE":"N9999T0468","ORIGINE1":"SCAN25","BCAE":"oui","ZNT":"oui"},"geometry":{"type":"LineString","coordinates":[[2.38293,49.14711],[2.38459,49.14705],[2.38469,49.14712]]}},
{"type":"Feature","properties":{"NOM":"Sans nom","ETAT":1,"CODE_MODIF":0,"DATE_MODIF":null,"MODIFICATI":null,"RAPPORT_UR":null,"ID_NOM":"N9999","ID_TRONCON":"T0469","ID_COURSDE":"N9999T0469","ORIGINE1":"SCAN25","BCAE":"oui","ZNT":"oui"},"geometry":{"type":"LineString","coordinates":[[2.3852,49.14674],[2.38494,49.14675]]}},
{"type":"Feature","properties":{"NOM":"Sans nom","ETAT":1,"CODE_MODIF":0,"DATE_MODIF":null,"MODIFICATI":null,"RAPPORT_UR":null,"ID_NOM":"N9999","ID_TRONCON":"T0470","ID_COURSDE":"N9999T0470","ORIGINE1":"SCAN25","BCAE":"oui","ZNT":"oui"},"geometry":{"type":"LineString","coordinates":[[2.44967,49.09851],[2.45111,49.09775]]}},
{"type":"Feature","properties":{"NOM":"Sans nom","ETAT":1,"CODE_MODIF":0,"DATE_MODIF":null,"MODIFICATI":null,"RAPPORT_UR":null,"ID_NOM":"N9999","ID_TRONCON":"T0471","ID_COURSDE":"N9999T0471","ORIGINE1":"SCAN25","BCAE":"oui","ZNT":"oui"},"geometry":{"type":"LineString","coordinates":[[2.47311,49.0947],[2.47312,49.09481]]}},
{"type":"Feature","properties":{"NOM":"Sans nom","ETAT":1,"CODE_MODIF":0,"DATE_MODIF":null,"MODIFICATI":null,"RAPPORT_UR":null,"ID_NOM":"N9999","ID_TRONCON":"T0472","ID_COURSDE":"N9999T0472","ORIGINE1":"SCAN25","BCAE":"oui","ZNT":"oui"},"geometry":{"type":"LineString","coordinates":[[2.47336,49.0956],[2.47398,49.09558],[2.47429,49.0955]]}},
{"type":"Feature","properties":{"NOM":"Sans nom","ETAT":2,"CODE_MODIF":0,"DATE_MODIF":null,"MODIFICATI":null,"RAPPORT_UR":null,"ID_NOM":"N9999","ID_TRONCON":"T0473","ID_COURSDE":"N9999T0473","ORIGINE1":"SCAN25","BCAE":"non","ZNT":"oui"},"geometry":{"type":"LineString","coordinates":[[2.45607,49.12606],[2.45583,49.12555],[2.45552,49.12501],[2.45494,49.12447],[2.4548,49.12423],[2.45462,49.12404]]}},
{"type":"Feature","properties":{"NOM":"Sans nom","ETAT":1,"CODE_MODIF":0,"DATE_MODIF":null,"MODIFICATI":null,"RAPPORT_UR":null,"ID_NOM":"N9999","ID_TRONCON":"T0474","ID_COURSDE":"N9999T0474","ORIGINE1":"SCAN25","BCAE":"oui","ZNT":"oui"},"geometry":{"type":"LineString","coordinates":[[2.45462,49.12404],[2.45615,49.12319],[2.45784,49.12235]]}},
{"type":"Feature","properties":{"NOM":"Sans nom","ETAT":1,"CODE_MODIF":0,"DATE_MODIF":null,"MODIFICATI":null,"RAPPORT_UR":null,"ID_NOM":"N9999","ID_TRONCON":"T0475","ID_COURSDE":"N9999T0475","ORIGINE1":"SCAN25","BCAE":"oui","ZNT":"oui"},"geometry":{"type":"LineString","coordinates":[[2.44919,49.0985],[2.44912,49.09771],[2.44919,49.09656],[2.44916,49.09649],[2.44911,49.09639],[2.44883,49.09617],[2.44855,49.09576],[2.44828,49.09557],[2.44795,49.09543],[2.44828,49.09476],[2.44828,49.09468],[2.44652,49.09285],[2.44644,49.09269],[2.44654,49.09241]]}},
{"type":"Feature","properties":{"NOM":"Sans nom","ETAT":1,"CODE_MODIF":0,"DATE_MODIF":null,"MODIFICATI":null,"RAPPORT_UR":null,"ID_NOM":"N9999","ID_TRONCON":"T0476","ID_COURSDE":"N9999T0476","ORIGINE1":"SCAN25","BCAE":"oui","ZNT":"oui"},"geometry":{"type":"LineString","coordinates":[[2.43127,49.09687],[2.43135,49.0971],[2.43185,49.09785],[2.43286,49.09881],[2.43333,49.09915],[2.43345,49.09923],[2.43373,49.09927],[2.43399,49.09936],[2.43465,49.09967],[2.43544,49.1002],[2.43599,49.10067],[2.43616,49.10085],[2.43717,49.10142],[2.43824,49.10183],[2.43971,49.10234],[2.43977,49.10241]]}},
{"type":"Feature","properties":{"NOM":"Sans nom","ETAT":1,"CODE_MODIF":0,"DATE_MODIF":null,"MODIFICATI":null,"RAPPORT_UR":null,"ID_NOM":"N9999","ID_TRONCON":"T0477","ID_COURSDE":"N9999T0477","ORIGINE1":"SCAN25","BCAE":"oui","ZNT":"oui"},"geometry":{"type":"LineString","coordinates":[[2.45169,49.09907],[2.45158,49.09846],[2.45136,49.09803],[2.45111,49.09775]]}},
{"type":"Feature","properties":{"NOM":"Sans nom","ETAT":1,"CODE_MODIF":0,"DATE_MODIF":null,"MODIFICATI":null,"RAPPORT_UR":null,"ID_NOM":"N9999","ID_TRONCON":"T0478","ID_COURSDE":"N9999T0478","ORIGINE1":"SCAN25","BCAE":"oui","ZNT":"oui"},"geometry":{"type":"LineString","coordinates":[[2.47409,49.09534],[2.47415,49.09547],[2.47429,49.0955]]}},
{"type":"Feature","properties":{"NOM":"Sans nom","ETAT":1,"CODE_MODIF":0,"DATE_MODIF":null,"MODIFICATI":null,"RAPPORT_UR":null,"ID_NOM":"N9999","ID_TRONCON":"T0479","ID_COURSDE":"N9999T0479","ORIGINE1":"SCAN25","BCAE":"oui","ZNT":"oui"},"geometry":{"type":"LineString","coordinates":[[2.41935,49.11008],[2.42002,49.11021],[2.42056,49.11038]]}},
{"type":"Feature","properties":{"NOM":"Sans nom","ETAT":1,"CODE_MODIF":0,"DATE_MODIF":null,"MODIFICATI":null,"RAPPORT_UR":null,"ID_NOM":"N9999","ID_TRONCON":"T0480","ID_COURSDE":"N9999T0480","ORIGINE1":"SCAN25","BCAE":"oui","ZNT":"oui"},"geometry":{"type":"LineString","coordinates":[[2.42056,49.11038],[2.42122,49.11058],[2.4215,49.11058],[2.42186,49.11052]]}},
{"type":"Feature","properties":{"NOM":"Sans nom","ETAT":1,"CODE_MODIF":0,"DATE_MODIF":null,"MODIFICATI":null,"RAPPORT_UR":null,"ID_NOM":"N9999","ID_TRONCON":"T0481","ID_COURSDE":"N9999T0481","ORIGINE1":"SCAN25","BCAE":"oui","ZNT":"oui"},"geometry":{"type":"LineString","coordinates":[[2.44615,49.10768],[2.44503,49.10812]]}},
{"type":"Feature","properties":{"NOM":"Sans nom","ETAT":1,"CODE_MODIF":0,"DATE_MODIF":null,"MODIFICATI":null,"RAPPORT_UR":null,"ID_NOM":"N9999","ID_TRONCON":"T0482","ID_COURSDE":"N9999T0482","ORIGINE1":"SCAN25","BCAE":"oui","ZNT":"oui"},"geometry":{"type":"LineString","coordinates":[[2.44503,49.10812],[2.44412,49.1077],[2.44353,49.10723],[2.44329,49.10695]]}},
{"type":"Feature","properties":{"NOM":"Sans nom","ETAT":1,"CODE_MODIF":0,"DATE_MODIF":null,"MODIFICATI":null,"RAPPORT_UR":null,"ID_NOM":"N9999","ID_TRONCON":"T0483","ID_COURSDE":"N9999T0483","ORIGINE1":"SCAN25","BCAE":"oui","ZNT":"oui"},"geometry":{"type":"LineString","coordinates":[[2.46335,49.09975],[2.46319,49.09975],[2.46252,49.09928],[2.46229,49.0992],[2.46191,49.09928],[2.46075,49.09944]]}},
{"type":"Feature","properties":{"NOM":"Sans nom","ETAT":1,"CODE_MODIF":0,"DATE_MODIF":null,"MODIFICATI":null,"RAPPORT_UR":null,"ID_NOM":"N9999","ID_TRONCON":"T0484","ID_COURSDE":"N9999T0484","ORIGINE1":"SCAN25","BCAE":"oui","ZNT":"oui"},"geometry":{"type":"LineString","coordinates":[[2.46075,49.09944],[2.45999,49.0995],[2.45961,49.09949],[2.45915,49.09952],[2.4585,49.09948],[2.45841,49.0992]]}},
{"type":"Feature","properties":{"NOM":"Sans nom","ETAT":1,"CODE_MODIF":0,"DATE_MODIF":null,"MODIFICATI":null,"RAPPORT_UR":null,"ID_NOM":"N9999","ID_TRONCON":"T0485","ID_COURSDE":"N9999T0485","ORIGINE1":"SCAN25","BCAE":"oui","ZNT":"oui"},"geometry":{"type":"LineString","coordinates":[[2.45841,49.0992],[2.45836,49.09906]]}},
{"type":"Feature","properties":{"NOM":"Sans nom","ETAT":1,"CODE_MODIF":0,"DATE_MODIF":null,"MODIFICATI":null,"RAPPORT_UR":null,"ID_NOM":"N9999","ID_TRONCON":"T0486","ID_COURSDE":"N9999T0486","ORIGINE1":"SCAN25","BCAE":"oui","ZNT":"oui"},"geometry":{"type":"LineString","coordinates":[[2.46838,49.09327],[2.46833,49.09352],[2.46861,49.0941],[2.46895,49.0951]]}},
{"type":"Feature","properties":{"NOM":"Sans nom","ETAT":1,"CODE_MODIF":0,"DATE_MODIF":null,"MODIFICATI":null,"RAPPORT_UR":null,"ID_NOM":"N9999","ID_TRONCON":"T0487","ID_COURSDE":"N9999T0487","ORIGINE1":"SCAN25","BCAE":"oui","ZNT":"oui"},"geometry":{"type":"LineString","coordinates":[[2.47311,49.0947],[2.4731,49.09457],[2.4728,49.09404],[2.47275,49.09384],[2.47286,49.0934],[2.47354,49.09337],[2.47458,49.09305],[2.47503,49.09301]]}},
{"type":"Feature","properties":{"NOM":"Sans nom","ETAT":1,"CODE_MODIF":0,"DATE_MODIF":null,"MODIFICATI":null,"RAPPORT_UR":null,"ID_NOM":"N9999","ID_TRONCON":"T0488","ID_COURSDE":"N9999T0488","ORIGINE1":"SCAN25","BCAE":"oui","ZNT":"oui"},"geometry":{"type":"LineString","coordinates":[[2.46666,49.09324],[2.46681,49.09345],[2.46694,49.09349],[2.4679,49.09538],[2.46895,49.0951]]}},
{"type":"Feature","properties":{"NOM":"Sans nom","ETAT":1,"CODE_MODIF":0,"DATE_MODIF":null,"MODIFICATI":null,"RAPPORT_UR":null,"ID_NOM":"N9999","ID_TRONCON":"T0489","ID_COURSDE":"N9999T0489","ORIGINE1":"SCAN25","BCAE":"oui","ZNT":"oui"},"geometry":{"type":"LineString","coordinates":[[2.46895,49.0951],[2.46933,49.09501],[2.47042,49.09504],[2.47173,49.095],[2.47311,49.0947]]}},
{"type":"Feature","properties":{"NOM":"Sans nom","ETAT":1,"CODE_MODIF":0,"DATE_MODIF":null,"MODIFICATI":null,"RAPPORT_UR":null,"ID_NOM":"N9999","ID_TRONCON":"T0490","ID_COURSDE":"N9999T0490","ORIGINE1":"SCAN25","BCAE":"oui","ZNT":"oui"},"geometry":{"type":"LineString","coordinates":[[2.43981,49.10249],[2.43977,49.10241]]}},
{"type":"Feature","properties":{"NOM":"Sans nom","ETAT":1,"CODE_MODIF":0,"DATE_MODIF":null,"MODIFICATI":null,"RAPPORT_UR":null,"ID_NOM":"N9999","ID_TRONCON":"T0491","ID_COURSDE":"N9999T0491","ORIGINE1":"SCAN25","BCAE":"oui","ZNT":"oui"},"geometry":{"type":"LineString","coordinates":[[2.4769,49.02282],[2.47692,49.02309],[2.47685,49.02359],[2.47674,49.02382],[2.47665,49.02391]]}},
{"type":"Feature","properties":{"NOM":"Sans nom","ETAT":1,"CODE_MODIF":0,"DATE_MODIF":null,"MODIFICATI":null,"RAPPORT_UR":null,"ID_NOM":"N9999","ID_TRONCON":"T0492","ID_COURSDE":"N9999T0492","ORIGINE1":"SCAN25","BCAE":"oui","ZNT":"oui"},"geometry":{"type":"LineString","coordinates":[[2.41873,48.96142],[2.41986,48.96169]]}},
{"type":"Feature","properties":{"NOM":"Sans nom","ETAT":1,"CODE_MODIF":0,"DATE_MODIF":null,"MODIFICATI":null,"RAPPORT_UR":null,"ID_NOM":"N9999","ID_TRONCON":"T0493","ID_COURSDE":"N9999T0493","ORIGINE1":"SCAN25","BCAE":"oui","ZNT":"oui"},"geometry":{"type":"LineString","coordinates":[[2.46187,49.01034],[2.46196,49.01034],[2.46216,49.01023],[2.46253,49.01013],[2.46287,49.0101],[2.46324,49.00997],[2.46346,49.00985],[2.46402,49.00972],[2.46427,49.00964],[2.46441,49.00955]]}},
{"type":"Feature","properties":{"NOM":"Sans nom","ETAT":1,"CODE_MODIF":0,"DATE_MODIF":null,"MODIFICATI":null,"RAPPORT_UR":null,"ID_NOM":"N9999","ID_TRONCON":"T0494","ID_COURSDE":"N9999T0494","ORIGINE1":"SCAN25","BCAE":"oui","ZNT":"oui"},"geometry":{"type":"LineString","coordinates":[[2.29119,49.10568],[2.29137,49.10572],[2.29222,49.10571],[2.29274,49.10598],[2.29287,49.1061],[2.29322,49.10632],[2.29335,49.10671],[2.2935,49.10677],[2.2943,49.10676]]}},
{"type":"Feature","properties":{"NOM":"Sans nom","ETAT":1,"CODE_MODIF":0,"DATE_MODIF":null,"MODIFICATI":null,"RAPPORT_UR":null,"ID_NOM":"N9999","ID_TRONCON":"T0495","ID_COURSDE":"N9999T0495","ORIGINE1":"SCAN25","BCAE":"oui","ZNT":"oui"},"geometry":{"type":"LineString","coordinates":[[2.2609,49.12351],[2.26069,49.12347],[2.2599,49.1235]]}},
{"type":"Feature","properties":{"NOM":"Sans nom","ETAT":1,"CODE_MODIF":0,"DATE_MODIF":null,"MODIFICATI":null,"RAPPORT_UR":null,"ID_NOM":"N9999","ID_TRONCON":"T0496","ID_COURSDE":"N9999T0496","ORIGINE1":"SCAN25","BCAE":"oui","ZNT":"oui"},"geometry":{"type":"LineString","coordinates":[[2.16665,49.13067],[2.16592,49.13045]]}},
{"type":"Feature","properties":{"NOM":"Sans nom","ETAT":1,"CODE_MODIF":0,"DATE_MODIF":null,"MODIFICATI":null,"RAPPORT_UR":null,"ID_NOM":"N9999","ID_TRONCON":"T0497","ID_COURSDE":"N9999T0497","ORIGINE1":"SCAN25","BCAE":"oui","ZNT":"oui"},"geometry":{"type":"LineString","coordinates":[[2.16665,49.13067],[2.16692,49.1304],[2.16696,49.13029],[2.16714,49.1302],[2.16736,49.12989],[2.16765,49.12968]]}},
{"type":"Feature","properties":{"NOM":"Sans nom","ETAT":1,"CODE_MODIF":0,"DATE_MODIF":null,"MODIFICATI":null,"RAPPORT_UR":null,"ID_NOM":"N9999","ID_TRONCON":"T0498","ID_COURSDE":"N9999T0498","ORIGINE1":"SCAN25","BCAE":"oui","ZNT":"oui"},"geometry":{"type":"LineString","coordinates":[[2.16667,49.13074],[2.16665,49.13067]]}},
{"type":"Feature","properties":{"NOM":"Sans nom","ETAT":1,"CODE_MODIF":0,"DATE_MODIF":null,"MODIFICATI":null,"RAPPORT_UR":null,"ID_NOM":"N9999","ID_TRONCON":"T0499","ID_COURSDE":"N9999T0499","ORIGINE1":"SCAN25","BCAE":"oui","ZNT":"oui"},"geometry":{"type":"LineString","coordinates":[[1.92266,49.18922],[1.92253,49.18907],[1.92262,49.1889],[1.92262,49.18863],[1.9226,49.1886],[1.92221,49.18853],[1.92201,49.18842],[1.92195,49.18824],[1.92193,49.18791]]}},
{"type":"Feature","properties":{"NOM":"Sans nom","ETAT":1,"CODE_MODIF":0,"DATE_MODIF":null,"MODIFICATI":null,"RAPPORT_UR":null,"ID_NOM":"N9999","ID_TRONCON":"T0500","ID_COURSDE":"N9999T0500","ORIGINE1":"SCAN25","BCAE":"oui","ZNT":"oui"},"geometry":{"type":"LineString","coordinates":[[1.89477,49.01948],[1.89461,49.01946],[1.89377,49.0195],[1.89221,49.01967],[1.89114,49.01963]]}},
{"type":"Feature","properties":{"NOM":"Sans nom","ETAT":1,"CODE_MODIF":0,"DATE_MODIF":null,"MODIFICATI":null,"RAPPORT_UR":null,"ID_NOM":"N9999","ID_TRONCON":"T0501","ID_COURSDE":"N9999T0501","ORIGINE1":"SCAN25","BCAE":"oui","ZNT":"oui"},"geometry":{"type":"LineString","coordinates":[[1.86376,49.03432],[1.86392,49.03437],[1.86499,49.03423],[1.86521,49.03413]]}},
{"type":"Feature","properties":{"NOM":"Sans nom","ETAT":1,"CODE_MODIF":0,"DATE_MODIF":null,"MODIFICATI":null,"RAPPORT_UR":null,"ID_NOM":"N9999","ID_TRONCON":"T0502","ID_COURSDE":"N9999T0502","ORIGINE1":"SCAN25","BCAE":"oui","ZNT":"oui"},"geometry":{"type":"LineString","coordinates":[[1.93988,49.15337],[1.94054,49.15393]]}},
{"type":"Feature","properties":{"NOM":"Sans nom","ETAT":1,"CODE_MODIF":0,"DATE_MODIF":null,"MODIFICATI":null,"RAPPORT_UR":null,"ID_NOM":"N9999","ID_TRONCON":"T0503","ID_COURSDE":"N9999T0503","ORIGINE1":"SCAN25","BCAE":"oui","ZNT":"oui"},"geometry":{"type":"LineString","coordinates":[[2.40735,49.14987],[2.40739,49.14951]]}},
{"type":"Feature","properties":{"NOM":"Sans nom","ETAT":1,"CODE_MODIF":0,"DATE_MODIF":null,"MODIFICATI":null,"RAPPORT_UR":null,"ID_NOM":"N9999","ID_TRONCON":"T0504","ID_COURSDE":"N9999T0504","ORIGINE1":"SCAN25","BCAE":"oui","ZNT":"oui"},"geometry":{"type":"LineString","coordinates":[[2.41873,48.96142],[2.41881,48.96124],[2.41879,48.96119],[2.41841,48.961],[2.41841,48.96084],[2.41831,48.96056],[2.41813,48.96023],[2.41802,48.96009],[2.41764,48.96005]]}},
{"type":"Feature","properties":{"NOM":"Sans nom","ETAT":1,"CODE_MODIF":0,"DATE_MODIF":null,"MODIFICATI":null,"RAPPORT_UR":null,"ID_NOM":"N9999","ID_TRONCON":"T0505","ID_COURSDE":"N9999T0505","ORIGINE1":"SCAN25","BCAE":"oui","ZNT":"oui"},"geometry":{"type":"MultiLineString","coordinates":[[[1.7393,49.14695],[1.73856,49.14698],[1.7362,49.14699],[1.73395,49.14744],[1.73225,49.14839],[1.72872,49.14886],[1.72811,49.14892],[1.7279,49.14891],[1.72654,49.14868],[1.72641,49.14864],[1.72532,49.14766]],[[1.72532,49.14766],[1.72584,49.14811]]]}},
{"type":"Feature","properties":{"NOM":"Sans nom","ETAT":0,"CODE_MODIF":5,"DATE_MODIF":"2011-09-13","MODIFICATI":"SUPPRESSION","RAPPORT_UR":null,"ID_NOM":"N9999","ID_TRONCON":"T0506","ID_COURSDE":"N9999T0506","ORIGINE1":"TERRAIN","BCAE":"non","ZNT":"non"},"geometry":{"type":"LineString","coordinates":[[1.72631,49.14851],[1.72526,49.14765]]}},
{"type":"Feature","properties":{"NOM":"Sans nom","ETAT":2,"CODE_MODIF":0,"DATE_MODIF":null,"MODIFICATI":null,"RAPPORT_UR":null,"ID_NOM":"N9999","ID_TRONCON":"T0507","ID_COURSDE":"N9999T0507","ORIGINE1":"SCAN25","BCAE":"non","ZNT":"oui"},"geometry":{"type":"LineString","coordinates":[[1.6646,49.16115],[1.66581,49.16091],[1.66631,49.16077],[1.66556,49.1598],[1.66528,49.15953]]}},
{"type":"Feature","properties":{"NOM":"Sans nom","ETAT":2,"CODE_MODIF":0,"DATE_MODIF":null,"MODIFICATI":null,"RAPPORT_UR":null,"ID_NOM":"N9999","ID_TRONCON":"T0508","ID_COURSDE":"N9999T0508","ORIGINE1":"SCAN25","BCAE":"non","ZNT":"oui"},"geometry":{"type":"LineString","coordinates":[[1.66528,49.15953],[1.66524,49.15966],[1.66425,49.16053],[1.66451,49.16092],[1.6646,49.16115]]}},
{"type":"Feature","properties":{"NOM":"Sans nom","ETAT":2,"CODE_MODIF":0,"DATE_MODIF":null,"MODIFICATI":null,"RAPPORT_UR":null,"ID_NOM":"N9999","ID_TRONCON":"T0509","ID_COURSDE":"N9999T0509","ORIGINE1":"SCAN25","BCAE":"non","ZNT":"oui"},"geometry":{"type":"LineString","coordinates":[[1.6646,49.16115],[1.66487,49.16166],[1.66558,49.16155]]}},
{"type":"Feature","properties":{"NOM":"Sans nom","ETAT":2,"CODE_MODIF":0,"DATE_MODIF":null,"MODIFICATI":null,"RAPPORT_UR":null,"ID_NOM":"N9999","ID_TRONCON":"T0510","ID_COURSDE":"N9999T0510","ORIGINE1":"SCAN25","BCAE":"non","ZNT":"oui"},"geometry":{"type":"LineString","coordinates":[[1.67097,49.17551],[1.67061,49.17651],[1.67049,49.17741]]}},
{"type":"Feature","properties":{"NOM":"Sans nom","ETAT":2,"CODE_MODIF":0,"DATE_MODIF":null,"MODIFICATI":null,"RAPPORT_UR":null,"ID_NOM":"N9999","ID_TRONCON":"T0511","ID_COURSDE":"N9999T0511","ORIGINE1":"SCAN25","BCAE":"non","ZNT":"oui"},"geometry":{"type":"LineString","coordinates":[[1.6885,49.21835],[1.68929,49.21788],[1.68942,49.21792],[1.69011,49.21838],[1.6902,49.21873],[1.69029,49.21884],[1.693,49.22069],[1.69499,49.22197]]}},
{"type":"Feature","properties":{"NOM":"Sans nom","ETAT":0,"CODE_MODIF":5,"DATE_MODIF":"2014-01-27","MODIFICATI":"SUPPRESSION","RAPPORT_UR":null,"ID_NOM":"N9999","ID_TRONCON":"T0512","ID_COURSDE":"N9999T0512","ORIGINE1":"TERRAIN","BCAE":"non","ZNT":"non"},"geometry":{"type":"LineString","coordinates":[[1.6803,49.21215],[1.6807,49.2124],[1.68601,49.21649],[1.68728,49.21741]]}},
{"type":"Feature","properties":{"NOM":"Sans nom","ETAT":2,"CODE_MODIF":0,"DATE_MODIF":null,"MODIFICATI":null,"RAPPORT_UR":null,"ID_NOM":"N9999","ID_TRONCON":"T0513","ID_COURSDE":"N9999T0513","ORIGINE1":"SCAN25","BCAE":"non","ZNT":"oui"},"geometry":{"type":"LineString","coordinates":[[1.67941,49.21405],[1.67972,49.21396],[1.67907,49.21221]]}},
{"type":"Feature","properties":{"NOM":"Sans nom","ETAT":2,"CODE_MODIF":0,"DATE_MODIF":null,"MODIFICATI":null,"RAPPORT_UR":null,"ID_NOM":"N9999","ID_TRONCON":"T0514","ID_COURSDE":"N9999T0514","ORIGINE1":"SCAN25","BCAE":"non","ZNT":"oui"},"geometry":{"type":"LineString","coordinates":[[1.6464,49.11701],[1.64601,49.11649],[1.64561,49.11608]]}},
{"type":"Feature","properties":{"NOM":"Sans nom","ETAT":2,"CODE_MODIF":0,"DATE_MODIF":null,"MODIFICATI":null,"RAPPORT_UR":null,"ID_NOM":"N9999","ID_TRONCON":"T0515","ID_COURSDE":"N9999T0515","ORIGINE1":"SCAN25","BCAE":"non","ZNT":"oui"},"geometry":{"type":"LineString","coordinates":[[1.64849,49.1201],[1.64671,49.12086]]}},
{"type":"Feature","properties":{"NOM":"Sans nom","ETAT":2,"CODE_MODIF":0,"DATE_MODIF":null,"MODIFICATI":null,"RAPPORT_UR":null,"ID_NOM":"N9999","ID_TRONCON":"T0516","ID_COURSDE":"N9999T0516","ORIGINE1":"SCAN25","BCAE":"non","ZNT":"oui"},"geometry":{"type":"LineString","coordinates":[[1.64805,49.1193],[1.648,49.11926],[1.64789,49.11927],[1.64778,49.119],[1.64681,49.11742],[1.64655,49.11719],[1.6464,49.11701]]}},
{"type":"Feature","properties":{"NOM":"Sans nom","ETAT":2,"CODE_MODIF":0,"DATE_MODIF":null,"MODIFICATI":null,"RAPPORT_UR":null,"ID_NOM":"N9999","ID_TRONCON":"T0517","ID_COURSDE":"N9999T0517","ORIGINE1":"SCAN25","BCAE":"non","ZNT":"oui"},"geometry":{"type":"LineString","coordinates":[[1.64829,49.12182],[1.65019,49.12333],[1.65806,49.1294],[1.65908,49.13024]]}},
{"type":"Feature","properties":{"NOM":"Sans nom","ETAT":2,"CODE_MODIF":0,"DATE_MODIF":null,"MODIFICATI":null,"RAPPORT_UR":null,"ID_NOM":"N9999","ID_TRONCON":"T0518","ID_COURSDE":"N9999T0518","ORIGINE1":"SCAN25","BCAE":"non","ZNT":"oui"},"geometry":{"type":"LineString","coordinates":[[1.65666,49.12394],[1.6533,49.1213]]}},
{"type":"Feature","properties":{"NOM":"Sans nom","ETAT":2,"CODE_MODIF":0,"DATE_MODIF":null,"MODIFICATI":null,"RAPPORT_UR":null,"ID_NOM":"N9999","ID_TRONCON":"T0519","ID_COURSDE":"N9999T0519","ORIGINE1":"SCAN25","BCAE":"non","ZNT":"oui"},"geometry":{"type":"LineString","coordinates":[[1.64893,49.12104],[1.65205,49.12348],[1.65563,49.12619],[1.65563,49.12626],[1.65597,49.12652]]}},
{"type":"Feature","properties":{"NOM":"Sans nom","ETAT":2,"CODE_MODIF":0,"DATE_MODIF":null,"MODIFICATI":null,"RAPPORT_UR":null,"ID_NOM":"N9999","ID_TRONCON":"T0520","ID_COURSDE":"N9999T0520","ORIGINE1":"SCAN25","BCAE":"non","ZNT":"oui"},"geometry":{"type":"LineString","coordinates":[[1.65453,49.1204],[1.65532,49.12139]]}},
{"type":"Feature","properties":{"NOM":"Sans nom","ETAT":2,"CODE_MODIF":0,"DATE_MODIF":null,"MODIFICATI":null,"RAPPORT_UR":null,"ID_NOM":"N9999","ID_TRONCON":"T0521","ID_COURSDE":"N9999T0521","ORIGINE1":"SCAN25","BCAE":"non","ZNT":"oui"},"geometry":{"type":"LineString","coordinates":[[1.65666,49.12394],[1.65621,49.12409],[1.65614,49.12413],[1.65614,49.12419],[1.65662,49.12534],[1.65767,49.12829],[1.65862,49.1282],[1.65985,49.12874],[1.66031,49.12884],[1.66143,49.13012],[1.66122,49.13021],[1.65967,49.13028],[1.65954,49.13022],[1.65908,49.13024]]}},
{"type":"Feature","properties":{"NOM":"Sans nom","ETAT":2,"CODE_MODIF":0,"DATE_MODIF":null,"MODIFICATI":null,"RAPPORT_UR":null,"ID_NOM":"N9999","ID_TRONCON":"T0522","ID_COURSDE":"N9999T0522","ORIGINE1":"SCAN25","BCAE":"non","ZNT":"oui"},"geometry":{"type":"LineString","coordinates":[[1.65588,49.13071],[1.65719,49.13044],[1.65908,49.13024]]}},
{"type":"Feature","properties":{"NOM":"Sans nom","ETAT":2,"CODE_MODIF":0,"DATE_MODIF":null,"MODIFICATI":null,"RAPPORT_UR":null,"ID_NOM":"N9999","ID_TRONCON":"T0523","ID_COURSDE":"N9999T0523","ORIGINE1":"SCAN25","BCAE":"non","ZNT":"oui"},"geometry":{"type":"LineString","coordinates":[[1.65532,49.12139],[1.65712,49.12376],[1.65666,49.12394]]}},
{"type":"Feature","properties":{"NOM":"Sans nom","ETAT":2,"CODE_MODIF":0,"DATE_MODIF":null,"MODIFICATI":null,"RAPPORT_UR":null,"ID_NOM":"N9999","ID_TRONCON":"T0524","ID_COURSDE":"N9999T0524","ORIGINE1":"SCAN25","BCAE":"non","ZNT":"oui"},"geometry":{"type":"LineString","coordinates":[[1.64893,49.12104],[1.6533,49.1213]]}},
{"type":"Feature","properties":{"NOM":"Sans nom","ETAT":2,"CODE_MODIF":0,"DATE_MODIF":null,"MODIFICATI":null,"RAPPORT_UR":null,"ID_NOM":"N9999","ID_TRONCON":"T0525","ID_COURSDE":"N9999T0525","ORIGINE1":"SCAN25","BCAE":"non","ZNT":"oui"},"geometry":{"type":"LineString","coordinates":[[1.6533,49.1213],[1.65532,49.12139]]}},
{"type":"Feature","properties":{"NOM":"Sans nom","ETAT":2,"CODE_MODIF":0,"DATE_MODIF":null,"MODIFICATI":null,"RAPPORT_UR":null,"ID_NOM":"N9999","ID_TRONCON":"T0526","ID_COURSDE":"N9999T0526","ORIGINE1":"SCAN25","BCAE":"non","ZNT":"oui"},"geometry":{"type":"LineString","coordinates":[[1.64698,49.12097],[1.64734,49.12104],[1.64818,49.12106],[1.64893,49.12104]]}},
{"type":"Feature","properties":{"NOM":"Sans nom","ETAT":2,"CODE_MODIF":0,"DATE_MODIF":null,"MODIFICATI":null,"RAPPORT_UR":null,"ID_NOM":"N9999","ID_TRONCON":"T0527","ID_COURSDE":"N9999T0527","ORIGINE1":"SCAN25","BCAE":"non","ZNT":"oui"},"geometry":{"type":"LineString","coordinates":[[1.70495,49.12053],[1.70449,49.12055],[1.70426,49.12043],[1.70402,49.11953],[1.70401,49.11938]]}},
{"type":"Feature","properties":{"NOM":"Sans nom","ETAT":0,"CODE_MODIF":5,"DATE_MODIF":"2010-07-30","MODIFICATI":"SUPPRESSION","RAPPORT_UR":null,"ID_NOM":"N9999","ID_TRONCON":"T0528","ID_COURSDE":"N9999T0528","ORIGINE1":"TERRAIN","BCAE":"non","ZNT":"non"},"geometry":{"type":"LineString","coordinates":[[1.62729,49.10278],[1.63057,49.10215]]}},
{"type":"Feature","properties":{"NOM":"Sans nom","ETAT":2,"CODE_MODIF":0,"DATE_MODIF":null,"MODIFICATI":null,"RAPPORT_UR":null,"ID_NOM":"N9999","ID_TRONCON":"T0529","ID_COURSDE":"N9999T0529","ORIGINE1":"SCAN25","BCAE":"oui","ZNT":"oui"},"geometry":{"type":"LineString","coordinates":[[1.71773,49.06795],[1.71768,49.06805],[1.7176,49.0681],[1.71749,49.06826],[1.71749,49.06852],[1.71776,49.07008],[1.71776,49.07028],[1.71764,49.07077],[1.71747,49.07106],[1.71706,49.07155]]}},
{"type":"Feature","properties":{"NOM":"Sans nom","ETAT":2,"CODE_MODIF":0,"DATE_MODIF":null,"MODIFICATI":null,"RAPPORT_UR":null,"ID_NOM":"N9999","ID_TRONCON":"T0530","ID_COURSDE":"N9999T0530","ORIGINE1":"SCAN25","BCAE":"non","ZNT":"oui"},"geometry":{"type":"LineString","coordinates":[[2.14639,49.14893],[2.14651,49.14934],[2.14687,49.14944]]}},
{"type":"Feature","properties":{"NOM":"Sans nom","ETAT":2,"CODE_MODIF":0,"DATE_MODIF":null,"MODIFICATI":null,"RAPPORT_UR":null,"ID_NOM":"N9999","ID_TRONCON":"T0531","ID_COURSDE":"N9999T0531","ORIGINE1":"SCAN25","BCAE":"non","ZNT":"oui"},"geometry":{"type":"LineString","coordinates":[[2.11267,49.14685],[2.11377,49.147]]}},
{"type":"Feature","properties":{"NOM":"Sans nom","ETAT":1,"CODE_MODIF":1,"DATE_MODIF":"2011-03-15","MODIFICATI":"ETAT 2 EN 1","RAPPORT_UR":"\\\\Sbl95-03\\gb_cons\\EAU\\N_MASSE_EAU\\L_COURS_DEAU_L_095\\Multi_0007.doc","ID_NOM":"N9999","ID_TRONCON":"T0532","ID_COURSDE":"N9999T0532","ORIGINE1":"TERRAIN","BCAE":"oui","ZNT":"oui"},"geometry":{"type":"LineString","coordinates":[[1.93361,49.17092],[1.9344,49.17015],[1.93484,49.16962],[1.93539,49.16873],[1.93554,49.16834],[1.93583,49.16836],[1.93599,49.16849],[1.93617,49.16856],[1.93618,49.16862],[1.936,49.16871],[1.93589,49.16883],[1.93619,49.16911],[1.93621,49.16934]]}},
{"type":"Feature","properties":{"NOM":"Sans nom","ETAT":2,"CODE_MODIF":0,"DATE_MODIF":null,"MODIFICATI":null,"RAPPORT_UR":null,"ID_NOM":"N9999","ID_TRONCON":"T0533","ID_COURSDE":"N9999T0533","ORIGINE1":"SCAN25","BCAE":"non","ZNT":"oui"},"geometry":{"type":"LineString","coordinates":[[2.15168,49.14084],[2.15164,49.14096],[2.15169,49.14101],[2.15196,49.14107],[2.15205,49.14105],[2.1522,49.14093],[2.15236,49.14092],[2.15335,49.14098],[2.15386,49.14098],[2.1549,49.14085],[2.15555,49.14069],[2.15649,49.14037]]}},
{"type":"Feature","properties":{"NOM":"Sans nom","ETAT":2,"CODE_MODIF":0,"DATE_MODIF":null,"MODIFICATI":null,"RAPPORT_UR":null,"ID_NOM":"N9999","ID_TRONCON":"T0534","ID_COURSDE":"N9999T0534","ORIGINE1":"SCAN25","BCAE":"non","ZNT":"oui"},"geometry":{"type":"LineString","coordinates":[[2.11574,49.17935],[2.11557,49.17924],[2.11557,49.17915],[2.11528,49.17861],[2.11488,49.17823],[2.11474,49.17818],[2.11457,49.17807],[2.11403,49.17789],[2.11328,49.17757],[2.11313,49.17748],[2.11305,49.17737],[2.11263,49.17721],[2.11228,49.17698],[2.11215,49.17684],[2.1119,49.17642]]}},
{"type":"Feature","properties":{"NOM":"Sans nom","ETAT":2,"CODE_MODIF":0,"DATE_MODIF":null,"MODIFICATI":null,"RAPPORT_UR":null,"ID_NOM":"N9999","ID_TRONCON":"T0535","ID_COURSDE":"N9999T0535","ORIGINE1":"SCAN25","BCAE":"non","ZNT":"oui"},"geometry":{"type":"LineString","coordinates":[[2.11419,49.16026],[2.11442,49.1605],[2.11511,49.1608],[2.11525,49.16097],[2.11576,49.16136],[2.11594,49.16169],[2.11614,49.16229],[2.11637,49.16261]]}},
{"type":"Feature","properties":{"NOM":"Sans nom","ETAT":2,"CODE_MODIF":0,"DATE_MODIF":null,"MODIFICATI":null,"RAPPORT_UR":null,"ID_NOM":"N9999","ID_TRONCON":"T0536","ID_COURSDE":"N9999T0536","ORIGINE1":"SCAN25","BCAE":"non","ZNT":"oui"},"geometry":{"type":"LineString","coordinates":[[2.11705,49.16516],[2.11773,49.16465]]}},
{"type":"Feature","properties":{"NOM":"Sans nom","ETAT":2,"CODE_MODIF":0,"DATE_MODIF":null,"MODIFICATI":null,"RAPPORT_UR":null,"ID_NOM":"N9999","ID_TRONCON":"T0537","ID_COURSDE":"N9999T0537","ORIGINE1":"SCAN25","BCAE":"non","ZNT":"oui"},"geometry":{"type":"LineString","coordinates":[[1.94018,49.15216],[1.94038,49.15217],[1.94049,49.15225],[1.94097,49.15239],[1.94184,49.15274],[1.94194,49.15275],[1.94208,49.15286]]}},
{"type":"Feature","properties":{"NOM":"Sans nom","ETAT":2,"CODE_MODIF":0,"DATE_MODIF":null,"MODIFICATI":null,"RAPPORT_UR":null,"ID_NOM":"N9999","ID_TRONCON":"T0538","ID_COURSDE":"N9999T0538","ORIGINE1":"SCAN25","BCAE":"non","ZNT":"oui"},"geometry":{"type":"LineString","coordinates":[[2.1456,49.15464],[2.14567,49.15542],[2.14579,49.15577],[2.14585,49.15639],[2.14607,49.15659],[2.14626,49.15669],[2.14641,49.15671],[2.14655,49.15678],[2.14664,49.15694]]}},
{"type":"Feature","properties":{"NOM":"Sans nom","ETAT":2,"CODE_MODIF":0,"DATE_MODIF":null,"MODIFICATI":null,"RAPPORT_UR":null,"ID_NOM":"N9999","ID_TRONCON":"T0539","ID_COURSDE":"N9999T0539","ORIGINE1":"SCAN25","BCAE":"non","ZNT":"oui"},"geometry":{"type":"LineString","coordinates":[[2.14518,49.15463],[2.1456,49.15464]]}},
{"type":"Feature","properties":{"NOM":"Sans nom","ETAT":2,"CODE_MODIF":0,"DATE_MODIF":null,"MODIFICATI":null,"RAPPORT_UR":null,"ID_NOM":"N9999","ID_TRONCON":"T0540","ID_COURSDE":"N9999T0540","ORIGINE1":"SCAN25","BCAE":"non","ZNT":"oui"},"geometry":{"type":"LineString","coordinates":[[2.088,49.14471],[2.08739,49.14463],[2.0861,49.1444],[2.08338,49.14452]]}},
{"type":"Feature","properties":{"NOM":"Sans nom","ETAT":2,"CODE_MODIF":0,"DATE_MODIF":null,"MODIFICATI":null,"RAPPORT_UR":null,"ID_NOM":"N9999","ID_TRONCON":"T0541","ID_COURSDE":"N9999T0541","ORIGINE1":"SCAN25","BCAE":"non","ZNT":"oui"},"geometry":{"type":"LineString","coordinates":[[2.11292,49.14638],[2.11309,49.14642],[2.11423,49.14647]]}},
{"type":"Feature","properties":{"NOM":"Sans nom","ETAT":2,"CODE_MODIF":0,"DATE_MODIF":null,"MODIFICATI":null,"RAPPORT_UR":null,"ID_NOM":"N9999","ID_TRONCON":"T0542","ID_COURSDE":"N9999T0542","ORIGINE1":"SCAN25","BCAE":"non","ZNT":"oui"},"geometry":{"type":"LineString","coordinates":[[2.1456,49.15464],[2.1463,49.1547],[2.14632,49.15475],[2.14603,49.15572],[2.14602,49.15586],[2.14612,49.15611],[2.1468,49.15644]]}},
{"type":"Feature","properties":{"NOM":"Sans nom","ETAT":2,"CODE_MODIF":0,"DATE_MODIF":null,"MODIFICATI":null,"RAPPORT_UR":null,"ID_NOM":"N9999","ID_TRONCON":"T0543","ID_COURSDE":"N9999T0543","ORIGINE1":"SCAN25","BCAE":"non","ZNT":"oui"},"geometry":{"type":"LineString","coordinates":[[1.93395,49.17358],[1.93377,49.17369],[1.93336,49.17369],[1.93329,49.17371],[1.93321,49.17387],[1.93316,49.17411],[1.93311,49.17413],[1.93279,49.17413],[1.93253,49.17395],[1.93268,49.1735],[1.93264,49.17333],[1.93273,49.17304],[1.93293,49.17272],[1.93284,49.17253],[1.93288,49.17235]]}},
{"type":"Feature","properties":{"NOM":"Sans nom","ETAT":2,"CODE_MODIF":0,"DATE_MODIF":null,"MODIFICATI":null,"RAPPORT_UR":null,"ID_NOM":"N9999","ID_TRONCON":"T0544","ID_COURSDE":"N9999T0544","ORIGINE1":"SCAN25","BCAE":"non","ZNT":"oui"},"geometry":{"type":"LineString","coordinates":[[1.94164,49.15195],[1.94157,49.15192],[1.94092,49.15187],[1.94061,49.15197],[1.94021,49.15193]]}},
{"type":"Feature","properties":{"NOM":"Sans nom","ETAT":2,"CODE_MODIF":0,"DATE_MODIF":null,"MODIFICATI":null,"RAPPORT_UR":null,"ID_NOM":"N9999","ID_TRONCON":"T0545","ID_COURSDE":"N9999T0545","ORIGINE1":"SCAN25","BCAE":"non","ZNT":"oui"},"geometry":{"type":"LineString","coordinates":[[1.94075,49.16789],[1.93942,49.16845]]}},
{"type":"Feature","properties":{"NOM":"Sans nom","ETAT":2,"CODE_MODIF":0,"DATE_MODIF":null,"MODIFICATI":null,"RAPPORT_UR":null,"ID_NOM":"N9999","ID_TRONCON":"T0546","ID_COURSDE":"N9999T0546","ORIGINE1":"SCAN25","BCAE":"non","ZNT":"oui"},"geometry":{"type":"LineString","coordinates":[[2.11607,49.14086],[2.11737,49.14106]]}},
{"type":"Feature","properties":{"NOM":"Sans nom","ETAT":2,"CODE_MODIF":0,"DATE_MODIF":null,"MODIFICATI":null,"RAPPORT_UR":null,"ID_NOM":"N9999","ID_TRONCON":"T0547","ID_COURSDE":"N9999T0547","ORIGINE1":"SCAN25","BCAE":"non","ZNT":"oui"},"geometry":{"type":"LineString","coordinates":[[1.94169,49.15054],[1.94161,49.1506],[1.94096,49.15084],[1.9406,49.15074],[1.94004,49.1508]]}},
{"type":"Feature","properties":{"NOM":"Sans nom","ETAT":2,"CODE_MODIF":0,"DATE_MODIF":null,"MODIFICATI":null,"RAPPORT_UR":null,"ID_NOM":"N9999","ID_TRONCON":"T0548","ID_COURSDE":"N9999T0548","ORIGINE1":"SCAN25","BCAE":"non","ZNT":"oui"},"geometry":{"type":"LineString","coordinates":[[2.10976,49.17257],[2.10982,49.17256],[2.10976,49.17242],[2.11026,49.17233],[2.11036,49.17241],[2.11086,49.17232],[2.11136,49.17229],[2.11153,49.17226],[2.11237,49.17225],[2.11258,49.1722],[2.11288,49.17221],[2.11339,49.17213],[2.11382,49.1721],[2.11413,49.17204]]}},
{"type":"Feature","properties":{"NOM":"Sans nom","ETAT":1,"CODE_MODIF":0,"DATE_MODIF":null,"MODIFICATI":null,"RAPPORT_UR":null,"ID_NOM":"N9999","ID_TRONCON":"T0549","ID_COURSDE":"N9999T0549","ORIGINE1":"SCAN25","BCAE":"oui","ZNT":"oui"},"geometry":{"type":"LineString","coordinates":[[1.93652,49.14583],[1.93719,49.14518],[1.93707,49.14483]]}},
{"type":"Feature","properties":{"NOM":"Sans nom","ETAT":2,"CODE_MODIF":0,"DATE_MODIF":null,"MODIFICATI":null,"RAPPORT_UR":null,"ID_NOM":"N9999","ID_TRONCON":"T0550","ID_COURSDE":"N9999T0550","ORIGINE1":"SCAN25","BCAE":"non","ZNT":"oui"},"geometry":{"type":"LineString","coordinates":[[2.11782,49.14071],[2.11613,49.14031],[2.116,49.14006],[2.11562,49.14003]]}},
{"type":"Feature","properties":{"NOM":"Sans nom","ETAT":2,"CODE_MODIF":0,"DATE_MODIF":null,"MODIFICATI":null,"RAPPORT_UR":null,"ID_NOM":"N9999","ID_TRONCON":"T0551","ID_COURSDE":"N9999T0551","ORIGINE1":"SCAN25","BCAE":"non","ZNT":"oui"},"geometry":{"type":"LineString","coordinates":[[2.11046,49.15355],[2.1105,49.15364],[2.11059,49.15502],[2.11033,49.15546]]}},
{"type":"Feature","properties":{"NOM":"Sans nom","ETAT":2,"CODE_MODIF":0,"DATE_MODIF":null,"MODIFICATI":null,"RAPPORT_UR":null,"ID_NOM":"N9999","ID_TRONCON":"T0552","ID_COURSDE":"N9999T0552","ORIGINE1":"SCAN25","BCAE":"non","ZNT":"oui"},"geometry":{"type":"LineString","coordinates":[[1.93914,49.14895],[1.93807,49.14938]]}},
{"type":"Feature","properties":{"NOM":"Sans nom","ETAT":0,"CODE_MODIF":5,"DATE_MODIF":"2017-12-04","MODIFICATI":"SUPPRESSION","RAPPORT_UR":null,"ID_NOM":"N9999","ID_TRONCON":"T0553","ID_COURSDE":"N9999T0553","ORIGINE1":"TERRAIN","BCAE":"non","ZNT":"non"},"geometry":{"type":"LineString","coordinates":[[2.14737,49.14402],[2.14719,49.14444],[2.14722,49.14453],[2.14728,49.14458],[2.14859,49.14501],[2.14898,49.14517],[2.14972,49.1456]]}},
{"type":"Feature","properties":{"NOM":"Sans nom","ETAT":2,"CODE_MODIF":0,"DATE_MODIF":null,"MODIFICATI":null,"RAPPORT_UR":null,"ID_NOM":"N9999","ID_TRONCON":"T0554","ID_COURSDE":"N9999T0554","ORIGINE1":"SCAN25","BCAE":"non","ZNT":"oui"},"geometry":{"type":"LineString","coordinates":[[2.11576,49.17153],[2.11468,49.17098]]}},
{"type":"Feature","properties":{"NOM":"Sans nom","ETAT":2,"CODE_MODIF":0,"DATE_MODIF":null,"MODIFICATI":null,"RAPPORT_UR":null,"ID_NOM":"N9999","ID_TRONCON":"T0555","ID_COURSDE":"N9999T0555","ORIGINE1":"SCAN25","BCAE":"non","ZNT":"oui"},"geometry":{"type":"LineString","coordinates":[[2.11251,49.14739],[2.11331,49.14754]]}},
{"type":"Feature","properties":{"NOM":"Sans nom","ETAT":2,"CODE_MODIF":0,"DATE_MODIF":null,"MODIFICATI":null,"RAPPORT_UR":null,"ID_NOM":"N9999","ID_TRONCON":"T0556","ID_COURSDE":"N9999T0556","ORIGINE1":"SCAN25","BCAE":"non","ZNT":"oui"},"geometry":{"type":"LineString","coordinates":[[1.82774,49.16279],[1.82787,49.163]]}},
{"type":"Feature","properties":{"NOM":"Sans nom","ETAT":2,"CODE_MODIF":0,"DATE_MODIF":null,"MODIFICATI":null,"RAPPORT_UR":null,"ID_NOM":"N9999","ID_TRONCON":"T0557","ID_COURSDE":"N9999T0557","ORIGINE1":"SCAN25","BCAE":"non","ZNT":"oui"},"geometry":{"type":"LineString","coordinates":[[2.07516,49.1444],[2.07553,49.14449],[2.07647,49.14483]]}},
{"type":"Feature","properties":{"NOM":"Sans nom","ETAT":2,"CODE_MODIF":0,"DATE_MODIF":null,"MODIFICATI":null,"RAPPORT_UR":null,"ID_NOM":"N9999","ID_TRONCON":"T0558","ID_COURSDE":"N9999T0558","ORIGINE1":"SCAN25","BCAE":"non","ZNT":"oui"},"geometry":{"type":"LineString","coordinates":[[2.11339,49.14471],[2.1138,49.14495],[2.11496,49.14527],[2.11521,49.1452]]}},
{"type":"Feature","properties":{"NOM":"Sans nom","ETAT":2,"CODE_MODIF":0,"DATE_MODIF":null,"MODIFICATI":null,"RAPPORT_UR":null,"ID_NOM":"N9999","ID_TRONCON":"T0559","ID_COURSDE":"N9999T0559","ORIGINE1":"SCAN25","BCAE":"non","ZNT":"oui"},"geometry":{"type":"LineString","coordinates":[[2.15485,49.064],[2.1544,49.06412],[2.15405,49.06412],[2.15272,49.064],[2.15248,49.06402],[2.15158,49.06429],[2.15115,49.06435],[2.15061,49.0645],[2.14896,49.06479]]}},
{"type":"Feature","properties":{"NOM":"Sans nom","ETAT":2,"CODE_MODIF":0,"DATE_MODIF":null,"MODIFICATI":null,"RAPPORT_UR":null,"ID_NOM":"N9999","ID_TRONCON":"T0560","ID_COURSDE":"N9999T0560","ORIGINE1":"SCAN25","BCAE":"non","ZNT":"oui"},"geometry":{"type":"LineString","coordinates":[[1.93365,49.12944],[1.93253,49.12929]]}},
{"type":"Feature","properties":{"NOM":"Sans nom","ETAT":2,"CODE_MODIF":0,"DATE_MODIF":null,"MODIFICATI":null,"RAPPORT_UR":null,"ID_NOM":"N9999","ID_TRONCON":"T0561","ID_COURSDE":"N9999T0561","ORIGINE1":"SCAN25","BCAE":"non","ZNT":"oui"},"geometry":{"type":"LineString","coordinates":[[1.93308,49.13005],[1.93351,49.13071]]}},
{"type":"Feature","properties":{"NOM":"Sans nom","ETAT":2,"CODE_MODIF":0,"DATE_MODIF":null,"MODIFICATI":null,"RAPPORT_UR":null,"ID_NOM":"N9999","ID_TRONCON":"T0562","ID_COURSDE":"N9999T0562","ORIGINE1":"SCAN25","BCAE":"non","ZNT":"oui"},"geometry":{"type":"LineString","coordinates":[[1.93409,49.12919],[1.93282,49.12906]]}},
{"type":"Feature","properties":{"NOM":"Sans nom","ETAT":2,"CODE_MODIF":0,"DATE_MODIF":null,"MODIFICATI":null,"RAPPORT_UR":null,"ID_NOM":"N9999","ID_TRONCON":"T0563","ID_COURSDE":"N9999T0563","ORIGINE1":"SCAN25","BCAE":"non","ZNT":"oui"},"geometry":{"type":"LineString","coordinates":[[1.93207,49.13027],[1.93163,49.13013]]}},
{"type":"Feature","properties":{"NOM":"Sans nom","ETAT":2,"CODE_MODIF":0,"DATE_MODIF":null,"MODIFICATI":null,"RAPPORT_UR":null,"ID_NOM":"N9999","ID_TRONCON":"T0564","ID_COURSDE":"N9999T0564","ORIGINE1":"SCAN25","BCAE":"non","ZNT":"oui"},"geometry":{"type":"LineString","coordinates":[[1.93163,49.13013],[1.93076,49.12994]]}},
{"type":"Feature","properties":{"NOM":"Sans nom","ETAT":2,"CODE_MODIF":0,"DATE_MODIF":null,"MODIFICATI":null,"RAPPORT_UR":null,"ID_NOM":"N9999","ID_TRONCON":"T0565","ID_COURSDE":"N9999T0565","ORIGINE1":"SCAN25","BCAE":"non","ZNT":"oui"},"geometry":{"type":"LineString","coordinates":[[1.93308,49.13005],[1.93292,49.12982]]}},
{"type":"Feature","properties":{"NOM":"Sans nom","ETAT":2,"CODE_MODIF":0,"DATE_MODIF":null,"MODIFICATI":null,"RAPPORT_UR":null,"ID_NOM":"N9999","ID_TRONCON":"T0566","ID_COURSDE":"N9999T0566","ORIGINE1":"SCAN25","BCAE":"non","ZNT":"oui"},"geometry":{"type":"LineString","coordinates":[[1.99758,49.08192],[1.99673,49.08152],[1.9956,49.08134],[1.99533,49.08118]]}},
{"type":"Feature","properties":{"NOM":"Sans nom","ETAT":2,"CODE_MODIF":0,"DATE_MODIF":null,"MODIFICATI":null,"RAPPORT_UR":null,"ID_NOM":"N9999","ID_TRONCON":"T0567","ID_COURSDE":"N9999T0567","ORIGINE1":"SCAN25","BCAE":"non","ZNT":"oui"},"geometry":{"type":"LineString","coordinates":[[1.93098,49.13082],[1.9316,49.1305]]}},
{"type":"Feature","properties":{"NOM":"Sans nom","ETAT":2,"CODE_MODIF":0,"DATE_MODIF":null,"MODIFICATI":null,"RAPPORT_UR":null,"ID_NOM":"N9999","ID_TRONCON":"T0568","ID_COURSDE":"N9999T0568","ORIGINE1":"SCAN25","BCAE":"non","ZNT":"oui"},"geometry":{"type":"LineString","coordinates":[[1.9316,49.1305],[1.93187,49.13036]]}},
{"type":"Feature","properties":{"NOM":"Sans nom","ETAT":2,"CODE_MODIF":0,"DATE_MODIF":null,"MODIFICATI":null,"RAPPORT_UR":null,"ID_NOM":"N9999","ID_TRONCON":"T0569","ID_COURSDE":"N9999T0569","ORIGINE1":"SCAN25","BCAE":"non","ZNT":"oui"},"geometry":{"type":"LineString","coordinates":[[1.93187,49.13036],[1.93207,49.13027]]}},
{"type":"Feature","properties":{"NOM":"Sans nom","ETAT":2,"CODE_MODIF":0,"DATE_MODIF":null,"MODIFICATI":null,"RAPPORT_UR":null,"ID_NOM":"N9999","ID_TRONCON":"T0570","ID_COURSDE":"N9999T0570","ORIGINE1":"SCAN25","BCAE":"non","ZNT":"oui"},"geometry":{"type":"LineString","coordinates":[[1.93207,49.13027],[1.93237,49.13011]]}},
{"type":"Feature","properties":{"NOM":"Sans nom","ETAT":2,"CODE_MODIF":0,"DATE_MODIF":null,"MODIFICATI":null,"RAPPORT_UR":null,"ID_NOM":"N9999","ID_TRONCON":"T0571","ID_COURSDE":"N9999T0571","ORIGINE1":"SCAN25","BCAE":"non","ZNT":"oui"},"geometry":{"type":"LineString","coordinates":[[1.93237,49.13011],[1.93253,49.13002]]}},
{"type":"Feature","properties":{"NOM":"Sans nom","ETAT":2,"CODE_MODIF":0,"DATE_MODIF":null,"MODIFICATI":null,"RAPPORT_UR":null,"ID_NOM":"N9999","ID_TRONCON":"T0572","ID_COURSDE":"N9999T0572","ORIGINE1":"SCAN25","BCAE":"non","ZNT":"oui"},"geometry":{"type":"LineString","coordinates":[[1.93253,49.13002],[1.93263,49.12997]]}},
{"type":"Feature","properties":{"NOM":"Sans nom","ETAT":2,"CODE_MODIF":0,"DATE_MODIF":null,"MODIFICATI":null,"RAPPORT_UR":null,"ID_NOM":"N9999","ID_TRONCON":"T0573","ID_COURSDE":"N9999T0573","ORIGINE1":"SCAN25","BCAE":"non","ZNT":"oui"},"geometry":{"type":"LineString","coordinates":[[1.93263,49.12997],[1.93292,49.12982]]}},
{"type":"Feature","properties":{"NOM":"Sans nom","ETAT":2,"CODE_MODIF":0,"DATE_MODIF":null,"MODIFICATI":null,"RAPPORT_UR":null,"ID_NOM":"N9999","ID_TRONCON":"T0574","ID_COURSDE":"N9999T0574","ORIGINE1":"SCAN25","BCAE":"non","ZNT":"oui"},"geometry":{"type":"LineString","coordinates":[[1.93292,49.12982],[1.93341,49.12957]]}},
{"type":"Feature","properties":{"NOM":"Sans nom","ETAT":2,"CODE_MODIF":0,"DATE_MODIF":null,"MODIFICATI":null,"RAPPORT_UR":null,"ID_NOM":"N9999","ID_TRONCON":"T0575","ID_COURSDE":"N9999T0575","ORIGINE1":"SCAN25","BCAE":"non","ZNT":"oui"},"geometry":{"type":"LineString","coordinates":[[1.93341,49.12957],[1.93365,49.12944]]}},
{"type":"Feature","properties":{"NOM":"Sans nom","ETAT":2,"CODE_MODIF":0,"DATE_MODIF":null,"MODIFICATI":null,"RAPPORT_UR":null,"ID_NOM":"N9999","ID_TRONCON":"T0576","ID_COURSDE":"N9999T0576","ORIGINE1":"SCAN25","BCAE":"non","ZNT":"oui"},"geometry":{"type":"LineString","coordinates":[[1.93365,49.12944],[1.93381,49.12936]]}},
{"type":"Feature","properties":{"NOM":"Sans nom","ETAT":2,"CODE_MODIF":0,"DATE_MODIF":null,"MODIFICATI":null,"RAPPORT_UR":null,"ID_NOM":"N9999","ID_TRONCON":"T0577","ID_COURSDE":"N9999T0577","ORIGINE1":"SCAN25","BCAE":"non","ZNT":"oui"},"geometry":{"type":"LineString","coordinates":[[1.93381,49.12936],[1.93409,49.12919]]}},
{"type":"Feature","properties":{"NOM":"Sans nom","ETAT":2,"CODE_MODIF":0,"DATE_MODIF":null,"MODIFICATI":null,"RAPPORT_UR":null,"ID_NOM":"N9999","ID_TRONCON":"T0578","ID_COURSDE":"N9999T0578","ORIGINE1":"SCAN25","BCAE":"non","ZNT":"oui"},"geometry":{"type":"LineString","coordinates":[[1.93409,49.12919],[1.93443,49.12944]]}},
{"type":"Feature","properties":{"NOM":"Sans nom","ETAT":2,"CODE_MODIF":0,"DATE_MODIF":null,"MODIFICATI":null,"RAPPORT_UR":null,"ID_NOM":"N9999","ID_TRONCON":"T0579","ID_COURSDE":"N9999T0579","ORIGINE1":"SCAN25","BCAE":"non","ZNT":"oui"},"geometry":{"type":"LineString","coordinates":[[1.934,49.12974],[1.93429,49.13018]]}},
{"type":"Feature","properties":{"NOM":"Sans nom","ETAT":2,"CODE_MODIF":0,"DATE_MODIF":null,"MODIFICATI":null,"RAPPORT_UR":null,"ID_NOM":"N9999","ID_TRONCON":"T0580","ID_COURSDE":"N9999T0580","ORIGINE1":"SCAN25","BCAE":"non","ZNT":"oui"},"geometry":{"type":"LineString","coordinates":[[2.01353,49.07858],[2.01335,49.07847],[2.01146,49.07895]]}},
{"type":"Feature","properties":{"NOM":"Sans nom","ETAT":2,"CODE_MODIF":0,"DATE_MODIF":null,"MODIFICATI":null,"RAPPORT_UR":null,"ID_NOM":"N9999","ID_TRONCON":"T0581","ID_COURSDE":"N9999T0581","ORIGINE1":"SCAN25","BCAE":"non","ZNT":"oui"},"geometry":{"type":"LineString","coordinates":[[1.93225,49.13091],[1.93187,49.13036]]}},
{"type":"Feature","properties":{"NOM":"Sans nom","ETAT":2,"CODE_MODIF":0,"DATE_MODIF":null,"MODIFICATI":null,"RAPPORT_UR":null,"ID_NOM":"N9999","ID_TRONCON":"T0582","ID_COURSDE":"N9999T0582","ORIGINE1":"SCAN25","BCAE":"non","ZNT":"oui"},"geometry":{"type":"LineString","coordinates":[[1.93263,49.12997],[1.93157,49.12974]]}},
{"type":"Feature","properties":{"NOM":"Sans nom","ETAT":2,"CODE_MODIF":0,"DATE_MODIF":null,"MODIFICATI":null,"RAPPORT_UR":null,"ID_NOM":"N9999","ID_TRONCON":"T0583","ID_COURSDE":"N9999T0583","ORIGINE1":"SCAN25","BCAE":"non","ZNT":"oui"},"geometry":{"type":"LineString","coordinates":[[1.93365,49.12992],[1.93399,49.13044]]}},
{"type":"Feature","properties":{"NOM":"Sans nom","ETAT":1,"CODE_MODIF":0,"DATE_MODIF":null,"MODIFICATI":null,"RAPPORT_UR":null,"ID_NOM":"N9999","ID_TRONCON":"T0584","ID_COURSDE":"N9999T0584","ORIGINE1":"SCAN25","BCAE":"oui","ZNT":"oui"},"geometry":{"type":"LineString","coordinates":[[1.86076,49.01822],[1.8611,49.01833],[1.86132,49.01831]]}},
{"type":"Feature","properties":{"NOM":"Sans nom","ETAT":2,"CODE_MODIF":0,"DATE_MODIF":null,"MODIFICATI":null,"RAPPORT_UR":null,"ID_NOM":"N9999","ID_TRONCON":"T0585","ID_COURSDE":"N9999T0585","ORIGINE1":"SCAN25","BCAE":"non","ZNT":"oui"},"geometry":{"type":"LineString","coordinates":[[1.87353,49.0244],[1.87411,49.0246],[1.87485,49.02538],[1.87489,49.0255]]}},
{"type":"Feature","properties":{"NOM":"Sans nom","ETAT":2,"CODE_MODIF":0,"DATE_MODIF":null,"MODIFICATI":null,"RAPPORT_UR":null,"ID_NOM":"N9999","ID_TRONCON":"T0586","ID_COURSDE":"N9999T0586","ORIGINE1":"SCAN25","BCAE":"non","ZNT":"oui"},"geometry":{"type":"LineString","coordinates":[[1.93341,49.12957],[1.93365,49.12992]]}},
{"type":"Feature","properties":{"NOM":"Sans nom","ETAT":2,"CODE_MODIF":0,"DATE_MODIF":null,"MODIFICATI":null,"RAPPORT_UR":null,"ID_NOM":"N9999","ID_TRONCON":"T0587","ID_COURSDE":"N9999T0587","ORIGINE1":"SCAN25","BCAE":"non","ZNT":"oui"},"geometry":{"type":"LineString","coordinates":[[1.93253,49.13002],[1.93258,49.1301]]}},
{"type":"Feature","properties":{"NOM":"Sans nom","ETAT":2,"CODE_MODIF":0,"DATE_MODIF":null,"MODIFICATI":null,"RAPPORT_UR":null,"ID_NOM":"N9999","ID_TRONCON":"T0588","ID_COURSDE":"N9999T0588","ORIGINE1":"SCAN25","BCAE":"non","ZNT":"oui"},"geometry":{"type":"LineString","coordinates":[[1.93258,49.1301],[1.93305,49.13085]]}},
{"type":"Feature","properties":{"NOM":"Sans nom","ETAT":2,"CODE_MODIF":0,"DATE_MODIF":null,"MODIFICATI":null,"RAPPORT_UR":null,"ID_NOM":"N9999","ID_TRONCON":"T0589","ID_COURSDE":"N9999T0589","ORIGINE1":"SCAN25","BCAE":"non","ZNT":"oui"},"geometry":{"type":"LineString","coordinates":[[1.9316,49.1305],[1.93046,49.13033]]}},
{"type":"Feature","properties":{"NOM":"Sans nom","ETAT":0,"CODE_MODIF":6,"DATE_MODIF":"2015-05-11","MODIFICATI":"FOSSÉ","RAPPORT_UR":null,"ID_NOM":"N9999","ID_TRONCON":"T0590","ID_COURSDE":"N9999T0590","ORIGINE1":"TERRAIN","BCAE":"non","ZNT":"non"},"geometry":{"type":"LineString","coordinates":[[2.07278,49.08426],[2.07296,49.08443],[2.07394,49.08514],[2.07299,49.08524]]}},
{"type":"Feature","properties":{"NOM":"Sans nom","ETAT":0,"CODE_MODIF":6,"DATE_MODIF":"2015-05-11","MODIFICATI":"FOSSÉ","RAPPORT_UR":null,"ID_NOM":"N9999","ID_TRONCON":"T0591","ID_COURSDE":"N9999T0591","ORIGINE1":"TERRAIN","BCAE":"non","ZNT":"non"},"geometry":{"type":"LineString","coordinates":[[2.07063,49.08544],[2.07299,49.08524]]}},
{"type":"Feature","properties":{"NOM":"Sans nom","ETAT":2,"CODE_MODIF":0,"DATE_MODIF":null,"MODIFICATI":null,"RAPPORT_UR":null,"ID_NOM":"N9999","ID_TRONCON":"T0592","ID_COURSDE":"N9999T0592","ORIGINE1":"SCAN25","BCAE":"non","ZNT":"oui"},"geometry":{"type":"LineString","coordinates":[[2.01353,49.07858],[2.01402,49.07844],[2.01488,49.07825],[2.01608,49.07795],[2.01714,49.07774],[2.01728,49.07769],[2.01734,49.07757],[2.01743,49.07753],[2.02083,49.0768],[2.02079,49.07661],[2.02067,49.07641],[2.0204,49.07606],[2.02018,49.07588],[2.02039,49.07558]]}},
{"type":"Feature","properties":{"NOM":"Sans nom","ETAT":2,"CODE_MODIF":0,"DATE_MODIF":null,"MODIFICATI":null,"RAPPORT_UR":null,"ID_NOM":"N9999","ID_TRONCON":"T0593","ID_COURSDE":"N9999T0593","ORIGINE1":"SCAN25","BCAE":"non","ZNT":"oui"},"geometry":{"type":"LineString","coordinates":[[2.01368,49.07867],[2.01353,49.07858]]}},
{"type":"Feature","properties":{"NOM":"Sans nom","ETAT":2,"CODE_MODIF":0,"DATE_MODIF":null,"MODIFICATI":null,"RAPPORT_UR":null,"ID_NOM":"N9999","ID_TRONCON":"T0594","ID_COURSDE":"N9999T0594","ORIGINE1":"SCAN25","BCAE":"non","ZNT":"oui"},"geometry":{"type":"LineString","coordinates":[[1.94458,49.05129],[1.94489,49.0515],[1.945,49.05169],[1.94522,49.05184]]}},
{"type":"Feature","properties":{"NOM":"Sans nom","ETAT":2,"CODE_MODIF":0,"DATE_MODIF":null,"MODIFICATI":null,"RAPPORT_UR":null,"ID_NOM":"N9999","ID_TRONCON":"T0595","ID_COURSDE":"N9999T0595","ORIGINE1":"SCAN25","BCAE":"non","ZNT":"oui"},"geometry":{"type":"LineString","coordinates":[[1.93409,49.12919],[1.93327,49.12873]]}},
{"type":"Feature","properties":{"NOM":"Sans nom","ETAT":1,"CODE_MODIF":0,"DATE_MODIF":null,"MODIFICATI":null,"RAPPORT_UR":null,"ID_NOM":"N9999","ID_TRONCON":"T0596","ID_COURSDE":"N9999T0596","ORIGINE1":"SCAN25","BCAE":"oui","ZNT":"oui"},"geometry":{"type":"LineString","coordinates":[[1.99647,49.08572],[1.99653,49.08598]]}},
{"type":"Feature","properties":{"NOM":"Sans nom","ETAT":2,"CODE_MODIF":0,"DATE_MODIF":null,"MODIFICATI":null,"RAPPORT_UR":null,"ID_NOM":"N9999","ID_TRONCON":"T0597","ID_COURSDE":"N9999T0597","ORIGINE1":"SCAN25","BCAE":"non","ZNT":"oui"},"geometry":{"type":"LineString","coordinates":[[1.87274,49.02812],[1.87308,49.02827],[1.87389,49.02828],[1.8743,49.02836]]}},
{"type":"Feature","properties":{"NOM":"Sans nom","ETAT":2,"CODE_MODIF":0,"DATE_MODIF":null,"MODIFICATI":null,"RAPPORT_UR":null,"ID_NOM":"N9999","ID_TRONCON":"T0598","ID_COURSDE":"N9999T0598","ORIGINE1":"SCAN25","BCAE":"non","ZNT":"oui"},"geometry":{"type":"LineString","coordinates":[[1.94354,49.03718],[1.94139,49.03504],[1.94072,49.03444],[1.94068,49.03433]]}},
{"type":"Feature","properties":{"NOM":"Sans nom","ETAT":2,"CODE_MODIF":0,"DATE_MODIF":null,"MODIFICATI":null,"RAPPORT_UR":null,"ID_NOM":"N9999","ID_TRONCON":"T0599","ID_COURSDE":"N9999T0599","ORIGINE1":"SCAN25","BCAE":"non","ZNT":"oui"},"geometry":{"type":"LineString","coordinates":[[1.94412,49.04024],[1.94511,49.04062],[1.94549,49.04079],[1.94575,49.04096],[1.94596,49.04101]]}},
{"type":"Feature","properties":{"NOM":"Sans nom","ETAT":2,"CODE_MODIF":0,"DATE_MODIF":null,"MODIFICATI":null,"RAPPORT_UR":null,"ID_NOM":"N9999","ID_TRONCON":"T0600","ID_COURSDE":"N9999T0600","ORIGINE1":"SCAN25","BCAE":"non","ZNT":"oui"},"geometry":{"type":"LineString","coordinates":[[1.93381,49.12936],[1.934,49.12974]]}},
{"type":"Feature","properties":{"NOM":"Sans nom","ETAT":2,"CODE_MODIF":0,"DATE_MODIF":null,"MODIFICATI":null,"RAPPORT_UR":null,"ID_NOM":"N9999","ID_TRONCON":"T0601","ID_COURSDE":"N9999T0601","ORIGINE1":"SCAN25","BCAE":"non","ZNT":"oui"},"geometry":{"type":"LineString","coordinates":[[1.97596,49.09079],[1.97617,49.09184]]}},
{"type":"Feature","properties":{"NOM":"Sans nom","ETAT":2,"CODE_MODIF":0,"DATE_MODIF":null,"MODIFICATI":null,"RAPPORT_UR":null,"ID_NOM":"N9999","ID_TRONCON":"T0602","ID_COURSDE":"N9999T0602","ORIGINE1":"SCAN25","BCAE":"non","ZNT":"oui"},"geometry":{"type":"LineString","coordinates":[[1.97966,49.09238],[1.97985,49.09242],[1.9802,49.09232],[1.98024,49.09225],[1.98011,49.09212],[1.9801,49.09206]]}},
{"type":"Feature","properties":{"NOM":"Sans nom","ETAT":2,"CODE_MODIF":0,"DATE_MODIF":null,"MODIFICATI":null,"RAPPORT_UR":null,"ID_NOM":"N9999","ID_TRONCON":"T0603","ID_COURSDE":"N9999T0603","ORIGINE1":"SCAN25","BCAE":"non","ZNT":"oui"},"geometry":{"type":"LineString","coordinates":[[1.8692,49.08557],[1.86955,49.08508],[1.87013,49.08508]]}},
{"type":"Feature","properties":{"NOM":"Sans nom","ETAT":2,"CODE_MODIF":0,"DATE_MODIF":null,"MODIFICATI":null,"RAPPORT_UR":null,"ID_NOM":"N9999","ID_TRONCON":"T0604","ID_COURSDE":"N9999T0604","ORIGINE1":"SCAN25","BCAE":"non","ZNT":"oui"},"geometry":{"type":"LineString","coordinates":[[1.87224,49.04264],[1.87149,49.04302],[1.87058,49.04332],[1.8705,49.04334],[1.87028,49.04321],[1.87019,49.04323],[1.86975,49.04363],[1.86968,49.04377],[1.86943,49.04378],[1.86908,49.04391],[1.86865,49.04425]]}},
{"type":"Feature","properties":{"NOM":"Sans nom","ETAT":2,"CODE_MODIF":0,"DATE_MODIF":null,"MODIFICATI":null,"RAPPORT_UR":null,"ID_NOM":"N9999","ID_TRONCON":"T0605","ID_COURSDE":"N9999T0605","ORIGINE1":"SCAN25","BCAE":"non","ZNT":"oui"},"geometry":{"type":"LineString","coordinates":[[1.87063,49.02988],[1.87018,49.03025],[1.8695,49.03059],[1.86855,49.03122],[1.86831,49.03142],[1.86795,49.03196]]}},
{"type":"Feature","properties":{"NOM":"Sans nom","ETAT":2,"CODE_MODIF":0,"DATE_MODIF":null,"MODIFICATI":null,"RAPPORT_UR":null,"ID_NOM":"N9999","ID_TRONCON":"T0606","ID_COURSDE":"N9999T0606","ORIGINE1":"SCAN25","BCAE":"non","ZNT":"oui"},"geometry":{"type":"LineString","coordinates":[[2.00548,49.1189],[2.00567,49.11882],[2.00623,49.11881],[2.00634,49.11878],[2.00702,49.11856],[2.00732,49.11839],[2.00789,49.11827],[2.00832,49.11809],[2.0088,49.11762],[2.00885,49.11756],[2.00881,49.11745],[2.00972,49.11659]]}},
{"type":"Feature","properties":{"NOM":"Sans nom","ETAT":2,"CODE_MODIF":0,"DATE_MODIF":null,"MODIFICATI":null,"RAPPORT_UR":null,"ID_NOM":"N9999","ID_TRONCON":"T0607","ID_COURSDE":"N9999T0607","ORIGINE1":"SCAN25","BCAE":"non","ZNT":"oui"},"geometry":{"type":"LineString","coordinates":[[1.94344,49.03724],[1.94354,49.03718]]}},
{"type":"Feature","properties":{"NOM":"Sans nom","ETAT":2,"CODE_MODIF":0,"DATE_MODIF":null,"MODIFICATI":null,"RAPPORT_UR":null,"ID_NOM":"N9999","ID_TRONCON":"T0608","ID_COURSDE":"N9999T0608","ORIGINE1":"SCAN25","BCAE":"non","ZNT":"oui"},"geometry":{"type":"LineString","coordinates":[[1.94354,49.03718],[1.9437,49.037],[1.94372,49.0369],[1.94369,49.03672],[1.94356,49.03648],[1.94206,49.03501],[1.9418,49.03488],[1.94113,49.03423]]}},
{"type":"Feature","properties":{"NOM":"Sans nom","ETAT":0,"CODE_MODIF":5,"DATE_MODIF":"2012-09-01","MODIFICATI":"SUPPRESSION","RAPPORT_UR":null,"ID_NOM":"N9999","ID_TRONCON":"T0609","ID_COURSDE":"N9999T0609","ORIGINE1":"TERRAIN","BCAE":"non","ZNT":"non"},"geometry":{"type":"LineString","coordinates":[[2.05685,49.10119],[2.0573,49.10024],[2.05801,49.09951],[2.05826,49.09942],[2.05946,49.09915],[2.06234,49.09959],[2.0626,49.09959],[2.06287,49.09956]]}},
{"type":"Feature","properties":{"NOM":"Sans nom","ETAT":2,"CODE_MODIF":0,"DATE_MODIF":null,"MODIFICATI":null,"RAPPORT_UR":null,"ID_NOM":"N9999","ID_TRONCON":"T0610","ID_COURSDE":"N9999T0610","ORIGINE1":"SCAN25","BCAE":"non","ZNT":"oui"},"geometry":{"type":"LineString","coordinates":[[1.87725,49.08724],[1.87844,49.08713],[1.87914,49.08718],[1.88006,49.08749],[1.88073,49.08794],[1.88236,49.08832],[1.88267,49.08832],[1.88389,49.0885],[1.88513,49.08859],[1.88588,49.08857],[1.88781,49.0884],[1.88794,49.08847]]}},
{"type":"Feature","properties":{"NOM":"Sans nom","ETAT":2,"CODE_MODIF":0,"DATE_MODIF":null,"MODIFICATI":null,"RAPPORT_UR":null,"ID_NOM":"N9999","ID_TRONCON":"T0611","ID_COURSDE":"N9999T0611","ORIGINE1":"SCAN25","BCAE":"non","ZNT":"oui"},"geometry":{"type":"LineString","coordinates":[[2.05437,49.06649],[2.05471,49.06654],[2.05502,49.0667],[2.05517,49.06672],[2.05541,49.06664],[2.05579,49.06635]]}},
{"type":"Feature","properties":{"NOM":"Sans nom","ETAT":0,"CODE_MODIF":5,"DATE_MODIF":null,"MODIFICATI":"SUPPRESSION","RAPPORT_UR":null,"ID_NOM":"N9999","ID_TRONCON":"T0612","ID_COURSDE":"N9999T0612","ORIGINE1":"TERRAIN","BCAE":"non","ZNT":"non"},"geometry":{"type":"LineString","coordinates":[[2.12609,49.09988],[2.1242,49.0985]]}},
{"type":"Feature","properties":{"NOM":"Sans nom","ETAT":2,"CODE_MODIF":0,"DATE_MODIF":null,"MODIFICATI":null,"RAPPORT_UR":null,"ID_NOM":"N9999","ID_TRONCON":"T0613","ID_COURSDE":"N9999T0613","ORIGINE1":"SCAN25","BCAE":"non","ZNT":"oui"},"geometry":{"type":"LineString","coordinates":[[2.04958,49.06588],[2.04932,49.06589],[2.04938,49.06642]]}},
{"type":"Feature","properties":{"NOM":"Sans nom","ETAT":2,"CODE_MODIF":0,"DATE_MODIF":null,"MODIFICATI":null,"RAPPORT_UR":null,"ID_NOM":"N9999","ID_TRONCON":"T0614","ID_COURSDE":"N9999T0614","ORIGINE1":"SCAN25","BCAE":"non","ZNT":"oui"},"geometry":{"type":"LineString","coordinates":[[2.04958,49.06588],[2.04973,49.06716]]}},
{"type":"Feature","properties":{"NOM":"Sans nom","ETAT":2,"CODE_MODIF":0,"DATE_MODIF":null,"MODIFICATI":null,"RAPPORT_UR":null,"ID_NOM":"N9999","ID_TRONCON":"T0615","ID_COURSDE":"N9999T0615","ORIGINE1":"SCAN25","BCAE":"non","ZNT":"oui"},"geometry":{"type":"LineString","coordinates":[[2.05173,49.00404],[2.05244,49.00425],[2.05291,49.00434],[2.05319,49.00446],[2.0539,49.00488],[2.05461,49.00514],[2.055,49.00521],[2.05539,49.00523]]}},
{"type":"Feature","properties":{"NOM":"Sans nom","ETAT":2,"CODE_MODIF":0,"DATE_MODIF":null,"MODIFICATI":null,"RAPPORT_UR":null,"ID_NOM":"N9999","ID_TRONCON":"T0616","ID_COURSDE":"N9999T0616","ORIGINE1":"SCAN25","BCAE":"non","ZNT":"oui"},"geometry":{"type":"LineString","coordinates":[[2.02983,49.07249],[2.02989,49.07208],[2.02995,49.07192],[2.02992,49.0717]]}},
{"type":"Feature","properties":{"NOM":"Sans nom","ETAT":2,"CODE_MODIF":0,"DATE_MODIF":null,"MODIFICATI":null,"RAPPORT_UR":null,"ID_NOM":"N9999","ID_TRONCON":"T0617","ID_COURSDE":"N9999T0617","ORIGINE1":"SCAN25","BCAE":"non","ZNT":"oui"},"geometry":{"type":"LineString","coordinates":[[2.12479,49.13143],[2.12458,49.13172],[2.12451,49.13191],[2.12459,49.13253],[2.12474,49.13282],[2.12474,49.13289],[2.12459,49.13303],[2.12461,49.13323]]}},
{"type":"Feature","properties":{"NOM":"Sans nom","ETAT":2,"CODE_MODIF":0,"DATE_MODIF":null,"MODIFICATI":null,"RAPPORT_UR":null,"ID_NOM":"N9999","ID_TRONCON":"T0618","ID_COURSDE":"N9999T0618","ORIGINE1":"SCAN25","BCAE":"non","ZNT":"oui"},"geometry":{"type":"LineString","coordinates":[[2.14182,49.13399],[2.14203,49.13372],[2.14292,49.13288],[2.14314,49.13221],[2.14319,49.13214],[2.14342,49.13205],[2.14349,49.13199],[2.14365,49.13169],[2.14373,49.13164]]}},
{"type":"Feature","properties":{"NOM":"Sans nom","ETAT":2,"CODE_MODIF":0,"DATE_MODIF":null,"MODIFICATI":null,"RAPPORT_UR":null,"ID_NOM":"N9999","ID_TRONCON":"T0619","ID_COURSDE":"N9999T0619","ORIGINE1":"SCAN25","BCAE":"non","ZNT":"oui"},"geometry":{"type":"LineString","coordinates":[[2.03325,49.06883],[2.03493,49.06866],[2.03621,49.06856],[2.03646,49.0686]]}},
{"type":"Feature","properties":{"NOM":"Sans nom","ETAT":2,"CODE_MODIF":0,"DATE_MODIF":null,"MODIFICATI":null,"RAPPORT_UR":null,"ID_NOM":"N9999","ID_TRONCON":"T0620","ID_COURSDE":"N9999T0620","ORIGINE1":"SCAN25","BCAE":"non","ZNT":"oui"},"geometry":{"type":"LineString","coordinates":[[2.00297,49.01445],[2.00322,49.01453],[2.00371,49.01463],[2.00441,49.01497],[2.00655,49.01534],[2.00686,49.01547],[2.00737,49.01557],[2.00838,49.01583],[2.00916,49.01609],[2.01062,49.01616]]}},
{"type":"Feature","properties":{"NOM":"Sans nom","ETAT":2,"CODE_MODIF":0,"DATE_MODIF":null,"MODIFICATI":null,"RAPPORT_UR":null,"ID_NOM":"N9999","ID_TRONCON":"T0621","ID_COURSDE":"N9999T0621","ORIGINE1":"SCAN25","BCAE":"non","ZNT":"oui"},"geometry":{"type":"LineString","coordinates":[[2.02304,49.00845],[2.02291,49.00829],[2.0221,49.00768],[2.02015,49.00635],[2.0197,49.00606],[2.01847,49.00546]]}},
{"type":"Feature","properties":{"NOM":"Sans nom","ETAT":2,"CODE_MODIF":0,"DATE_MODIF":null,"MODIFICATI":null,"RAPPORT_UR":null,"ID_NOM":"N9999","ID_TRONCON":"T0622","ID_COURSDE":"N9999T0622","ORIGINE1":"SCAN25","BCAE":"non","ZNT":"oui"},"geometry":{"type":"LineString","coordinates":[[2.0326,49.07498],[2.03309,49.07472],[2.03318,49.07466],[2.03325,49.07456],[2.03361,49.07442],[2.03388,49.07428]]}},
{"type":"Feature","properties":{"NOM":"Sans nom","ETAT":2,"CODE_MODIF":0,"DATE_MODIF":null,"MODIFICATI":null,"RAPPORT_UR":null,"ID_NOM":"N9999","ID_TRONCON":"T0623","ID_COURSDE":"N9999T0623","ORIGINE1":"SCAN25","BCAE":"non","ZNT":"oui"},"geometry":{"type":"LineString","coordinates":[[2.03388,49.07428],[2.03411,49.07413],[2.03424,49.07415],[2.03438,49.0741],[2.03535,49.07364]]}},
{"type":"Feature","properties":{"NOM":"Sans nom","ETAT":0,"CODE_MODIF":6,"DATE_MODIF":"2015-05-11","MODIFICATI":"FOSSÉ","RAPPORT_UR":null,"ID_NOM":"N9999","ID_TRONCON":"T0624","ID_COURSDE":"N9999T0624","ORIGINE1":"TERRAIN","BCAE":"non","ZNT":"non"},"geometry":{"type":"LineString","coordinates":[[2.32272,49.15223],[2.32231,49.149]]}},
{"type":"Feature","properties":{"NOM":"Sans nom","ETAT":2,"CODE_MODIF":0,"DATE_MODIF":null,"MODIFICATI":null,"RAPPORT_UR":null,"ID_NOM":"N9999","ID_TRONCON":"T0625","ID_COURSDE":"N9999T0625","ORIGINE1":"SCAN25","BCAE":"non","ZNT":"oui"},"geometry":{"type":"LineString","coordinates":[[2.40349,49.15098],[2.4035,49.15145]]}},
{"type":"Feature","properties":{"NOM":"Sans nom","ETAT":2,"CODE_MODIF":0,"DATE_MODIF":null,"MODIFICATI":null,"RAPPORT_UR":null,"ID_NOM":"N9999","ID_TRONCON":"T0626","ID_COURSDE":"N9999T0626","ORIGINE1":"SCAN25","BCAE":"non","ZNT":"oui"},"geometry":{"type":"LineString","coordinates":[[2.40291,49.15157],[2.40304,49.15147],[2.4035,49.15145]]}},
{"type":"Feature","properties":{"NOM":"Sans nom","ETAT":2,"CODE_MODIF":0,"DATE_MODIF":null,"MODIFICATI":null,"RAPPORT_UR":null,"ID_NOM":"N9999","ID_TRONCON":"T0627","ID_COURSDE":"N9999T0627","ORIGINE1":"SCAN25","BCAE":"non","ZNT":"oui"},"geometry":{"type":"LineString","coordinates":[[2.45111,49.09775],[2.45171,49.09737],[2.45174,49.09725],[2.45171,49.09715]]}},
{"type":"Feature","properties":{"NOM":"Sans nom","ETAT":2,"CODE_MODIF":0,"DATE_MODIF":null,"MODIFICATI":null,"RAPPORT_UR":null,"ID_NOM":"N9999","ID_TRONCON":"T0628","ID_COURSDE":"N9999T0628","ORIGINE1":"SCAN25","BCAE":"non","ZNT":"oui"},"geometry":{"type":"LineString","coordinates":[[2.46091,49.09916],[2.4589,49.09931],[2.45888,49.09927],[2.45841,49.0992]]}},
{"type":"Feature","properties":{"NOM":"Sans nom","ETAT":0,"CODE_MODIF":5,"DATE_MODIF":"2013-10-27","MODIFICATI":"SUPPRESSION","RAPPORT_UR":null,"ID_NOM":"N9999","ID_TRONCON":"T0629","ID_COURSDE":"N9999T0629","ORIGINE1":"TERRAIN","BCAE":"non","ZNT":"non"},"geometry":{"type":"LineString","coordinates":[[2.34708,49.08974],[2.34757,49.09009],[2.34811,49.09031],[2.34883,49.09053],[2.34963,49.09102],[2.35046,49.09188],[2.35081,49.09207],[2.35118,49.0924],[2.35148,49.09275],[2.35204,49.09315],[2.3522,49.09334],[2.35273,49.09369]]}},
{"type":"Feature","properties":{"NOM":"Sans nom","ETAT":2,"CODE_MODIF":0,"DATE_MODIF":null,"MODIFICATI":null,"RAPPORT_UR":null,"ID_NOM":"N9999","ID_TRONCON":"T0630","ID_COURSDE":"N9999T0630","ORIGINE1":"SCAN25","BCAE":"non","ZNT":"oui"},"geometry":{"type":"LineString","coordinates":[[2.42962,49.10088],[2.42949,49.10156]]}},
{"type":"Feature","properties":{"NOM":"Sans nom","ETAT":2,"CODE_MODIF":0,"DATE_MODIF":null,"MODIFICATI":null,"RAPPORT_UR":null,"ID_NOM":"N9999","ID_TRONCON":"T0631","ID_COURSDE":"N9999T0631","ORIGINE1":"SCAN25","BCAE":"non","ZNT":"oui"},"geometry":{"type":"LineString","coordinates":[[2.42902,49.10096],[2.4292,49.10054],[2.42932,49.10006]]}},
{"type":"Feature","properties":{"NOM":"Sans nom","ETAT":2,"CODE_MODIF":0,"DATE_MODIF":null,"MODIFICATI":null,"RAPPORT_UR":null,"ID_NOM":"N9999","ID_TRONCON":"T0632","ID_COURSDE":"N9999T0632","ORIGINE1":"SCAN25","BCAE":"non","ZNT":"oui"},"geometry":{"type":"LineString","coordinates":[[2.42634,49.10025],[2.42625,49.10026],[2.42606,49.10038],[2.42505,49.10027]]}},
{"type":"Feature","properties":{"NOM":"Sans nom","ETAT":2,"CODE_MODIF":0,"DATE_MODIF":null,"MODIFICATI":null,"RAPPORT_UR":null,"ID_NOM":"N9999","ID_TRONCON":"T0633","ID_COURSDE":"N9999T0633","ORIGINE1":"SCAN25","BCAE":"non","ZNT":"oui"},"geometry":{"type":"LineString","coordinates":[[2.4823,49.09449],[2.48236,49.09457],[2.48244,49.09501]]}},
{"type":"Feature","properties":{"NOM":"Sans nom","ETAT":2,"CODE_MODIF":0,"DATE_MODIF":null,"MODIFICATI":null,"RAPPORT_UR":null,"ID_NOM":"N9999","ID_TRONCON":"T0634","ID_COURSDE":"N9999T0634","ORIGINE1":"SCAN25","BCAE":"non","ZNT":"oui"},"geometry":{"type":"LineString","coordinates":[[2.46159,49.09765],[2.46206,49.09857]]}},
{"type":"Feature","properties":{"NOM":"Sans nom","ETAT":2,"CODE_MODIF":0,"DATE_MODIF":null,"MODIFICATI":null,"RAPPORT_UR":null,"ID_NOM":"N9999","ID_TRONCON":"T0635","ID_COURSDE":"N9999T0635","ORIGINE1":"SCAN25","BCAE":"non","ZNT":"oui"},"geometry":{"type":"LineString","coordinates":[[2.4304,49.10195],[2.43054,49.10118]]}},
{"type":"Feature","properties":{"NOM":"Sans nom","ETAT":2,"CODE_MODIF":0,"DATE_MODIF":null,"MODIFICATI":null,"RAPPORT_UR":null,"ID_NOM":"N9999","ID_TRONCON":"T0636","ID_COURSDE":"N9999T0636","ORIGINE1":"SCAN25","BCAE":"non","ZNT":"oui"},"geometry":{"type":"LineString","coordinates":[[2.44395,49.11881],[2.44444,49.11877],[2.44454,49.11856],[2.44457,49.11833],[2.44466,49.11817],[2.44484,49.11799],[2.44511,49.11756]]}},
{"type":"Feature","properties":{"NOM":"Sans nom","ETAT":2,"CODE_MODIF":0,"DATE_MODIF":null,"MODIFICATI":null,"RAPPORT_UR":null,"ID_NOM":"N9999","ID_TRONCON":"T0637","ID_COURSDE":"N9999T0637","ORIGINE1":"SCAN25","BCAE":"non","ZNT":"oui"},"geometry":{"type":"LineString","coordinates":[[2.46234,49.12016],[2.46251,49.12095],[2.46293,49.12092]]}},
{"type":"Feature","properties":{"NOM":"Sans nom","ETAT":2,"CODE_MODIF":0,"DATE_MODIF":null,"MODIFICATI":null,"RAPPORT_UR":null,"ID_NOM":"N9999","ID_TRONCON":"T0638","ID_COURSDE":"N9999T0638","ORIGINE1":"SCAN25","BCAE":"non","ZNT":"oui"},"geometry":{"type":"LineString","coordinates":[[2.46193,49.11852],[2.46218,49.11923],[2.46219,49.11947],[2.46234,49.12016]]}},
{"type":"Feature","properties":{"NOM":"Sans nom","ETAT":2,"CODE_MODIF":0,"DATE_MODIF":null,"MODIFICATI":null,"RAPPORT_UR":null,"ID_NOM":"N9999","ID_TRONCON":"T0639","ID_COURSDE":"N9999T0639","ORIGINE1":"SCAN25","BCAE":"non","ZNT":"oui"},"geometry":{"type":"LineString","coordinates":[[2.46637,49.11768],[2.46624,49.11756],[2.46609,49.11753],[2.46584,49.11761],[2.4656,49.11756],[2.46528,49.11774]]}},
{"type":"Feature","properties":{"NOM":"Sans nom","ETAT":2,"CODE_MODIF":0,"DATE_MODIF":null,"MODIFICATI":null,"RAPPORT_UR":null,"ID_NOM":"N9999","ID_TRONCON":"T0640","ID_COURSDE":"N9999T0640","ORIGINE1":"SCAN25","BCAE":"non","ZNT":"oui"},"geometry":{"type":"LineString","coordinates":[[2.46528,49.11774],[2.46505,49.1178],[2.4647,49.11795],[2.46436,49.118]]}},
{"type":"Feature","properties":{"NOM":"Sans nom","ETAT":2,"CODE_MODIF":0,"DATE_MODIF":null,"MODIFICATI":null,"RAPPORT_UR":null,"ID_NOM":"N9999","ID_TRONCON":"T0641","ID_COURSDE":"N9999T0641","ORIGINE1":"SCAN25","BCAE":"non","ZNT":"oui"},"geometry":{"type":"LineString","coordinates":[[2.46528,49.11774],[2.46546,49.11803],[2.46636,49.11816]]}},
{"type":"Feature","properties":{"NOM":"Sans nom","ETAT":2,"CODE_MODIF":0,"DATE_MODIF":null,"MODIFICATI":null,"RAPPORT_UR":null,"ID_NOM":"N9999","ID_TRONCON":"T0642","ID_COURSDE":"N9999T0642","ORIGINE1":"SCAN25","BCAE":"non","ZNT":"oui"},"geometry":{"type":"LineString","coordinates":[[2.3899,49.12179],[2.38925,49.12188],[2.38824,49.12198]]}},
{"type":"Feature","properties":{"NOM":"Sans nom","ETAT":2,"CODE_MODIF":0,"DATE_MODIF":null,"MODIFICATI":null,"RAPPORT_UR":null,"ID_NOM":"N9999","ID_TRONCON":"T0643","ID_COURSDE":"N9999T0643","ORIGINE1":"SCAN25","BCAE":"non","ZNT":"oui"},"geometry":{"type":"LineString","coordinates":[[2.46352,49.12029],[2.46349,49.12009],[2.46319,49.11994],[2.46234,49.12016]]}},
{"type":"Feature","properties":{"NOM":"Sans nom","ETAT":2,"CODE_MODIF":0,"DATE_MODIF":null,"MODIFICATI":null,"RAPPORT_UR":null,"ID_NOM":"N9999","ID_TRONCON":"T0644","ID_COURSDE":"N9999T0644","ORIGINE1":"SCAN25","BCAE":"non","ZNT":"oui"},"geometry":{"type":"LineString","coordinates":[[2.46358,49.12684],[2.46572,49.12695],[2.4673,49.12715],[2.46804,49.12728],[2.46918,49.12729],[2.47036,49.12735]]}},
{"type":"Feature","properties":{"NOM":"Sans nom","ETAT":0,"CODE_MODIF":5,"DATE_MODIF":"2012-12-13","MODIFICATI":"SUPPRESSION","RAPPORT_UR":null,"ID_NOM":"N9999","ID_TRONCON":"T0645","ID_COURSDE":"N9999T0645","ORIGINE1":"TERRAIN","BCAE":"non","ZNT":"non"},"geometry":{"type":"LineString","coordinates":[[2.42925,49.08247],[2.42892,49.08234],[2.42809,49.08211],[2.42683,49.08208],[2.42632,49.08216],[2.42596,49.08216],[2.42438,49.08198],[2.42346,49.08079],[2.42299,49.08065]]}},
{"type":"Feature","properties":{"NOM":"Sans nom","ETAT":2,"CODE_MODIF":0,"DATE_MODIF":null,"MODIFICATI":null,"RAPPORT_UR":null,"ID_NOM":"N9999","ID_TRONCON":"T0646","ID_COURSDE":"N9999T0646","ORIGINE1":"SCAN25","BCAE":"non","ZNT":"oui"},"geometry":{"type":"LineString","coordinates":[[2.42339,49.09695],[2.42355,49.09728],[2.42385,49.09817],[2.42424,49.09857],[2.4245,49.09911],[2.42465,49.09926],[2.42634,49.10025]]}},
{"type":"Feature","properties":{"NOM":"Sans nom","ETAT":2,"CODE_MODIF":0,"DATE_MODIF":null,"MODIFICATI":null,"RAPPORT_UR":null,"ID_NOM":"N9999","ID_TRONCON":"T0647","ID_COURSDE":"N9999T0647","ORIGINE1":"SCAN25","BCAE":"non","ZNT":"oui"},"geometry":{"type":"LineString","coordinates":[[2.42634,49.10025],[2.42671,49.10032],[2.42735,49.10057],[2.42771,49.10059],[2.42798,49.10068],[2.42884,49.10077],[2.42898,49.10086],[2.42902,49.10096]]}},
{"type":"Feature","properties":{"NOM":"Sans nom","ETAT":2,"CODE_MODIF":0,"DATE_MODIF":null,"MODIFICATI":null,"RAPPORT_UR":null,"ID_NOM":"N9999","ID_TRONCON":"T0648","ID_COURSDE":"N9999T0648","ORIGINE1":"SCAN25","BCAE":"non","ZNT":"oui"},"geometry":{"type":"LineString","coordinates":[[2.4305,49.10594],[2.43126,49.10606],[2.43166,49.10606],[2.43209,49.10601],[2.43334,49.10602]]}},
{"type":"Feature","properties":{"NOM":"Sans nom","ETAT":1,"CODE_MODIF":0,"DATE_MODIF":null,"MODIFICATI":null,"RAPPORT_UR":null,"ID_NOM":"N9999","ID_TRONCON":"T0649","ID_COURSDE":"N9999T0649","ORIGINE1":"SCAN25","BCAE":"oui","ZNT":"oui"},"geometry":{"type":"LineString","coordinates":[[2.45019,49.12542],[2.45194,49.12493],[2.45213,49.12482],[2.45263,49.12461],[2.45278,49.12448],[2.45302,49.12439],[2.45402,49.12411],[2.45446,49.12409],[2.45462,49.12404]]}},
{"type":"Feature","properties":{"NOM":"Sans nom","ETAT":2,"CODE_MODIF":0,"DATE_MODIF":null,"MODIFICATI":null,"RAPPORT_UR":null,"ID_NOM":"N9999","ID_TRONCON":"T0650","ID_COURSDE":"N9999T0650","ORIGINE1":"SCAN25","BCAE":"non","ZNT":"oui"},"geometry":{"type":"LineString","coordinates":[[2.46103,49.0988],[2.46113,49.09891],[2.46091,49.09916]]}},
{"type":"Feature","properties":{"NOM":"Sans nom","ETAT":2,"CODE_MODIF":0,"DATE_MODIF":null,"MODIFICATI":null,"RAPPORT_UR":null,"ID_NOM":"N9999","ID_TRONCON":"T0651","ID_COURSDE":"N9999T0651","ORIGINE1":"SCAN25","BCAE":"non","ZNT":"oui"},"geometry":{"type":"LineString","coordinates":[[2.46091,49.09916],[2.46075,49.09944]]}},
{"type":"Feature","properties":{"NOM":"Sans nom","ETAT":2,"CODE_MODIF":0,"DATE_MODIF":null,"MODIFICATI":null,"RAPPORT_UR":null,"ID_NOM":"N9999","ID_TRONCON":"T0652","ID_COURSDE":"N9999T0652","ORIGINE1":"SCAN25","BCAE":"non","ZNT":"oui"},"geometry":{"type":"LineString","coordinates":[[2.2497,49.0387],[2.24925,49.03901],[2.2491,49.0393],[2.24891,49.03987],[2.24896,49.04044],[2.24877,49.04149],[2.24888,49.04202],[2.24882,49.04234]]}},
{"type":"Feature","properties":{"NOM":"Sans nom","ETAT":2,"CODE_MODIF":0,"DATE_MODIF":null,"MODIFICATI":null,"RAPPORT_UR":null,"ID_NOM":"N9999","ID_TRONCON":"T0653","ID_COURSDE":"N9999T0653","ORIGINE1":"SCAN25","BCAE":"non","ZNT":"oui"},"geometry":{"type":"LineString","coordinates":[[2.24386,49.05755],[2.24457,49.05748],[2.2451,49.0577]]}},
{"type":"Feature","properties":{"NOM":"Sans nom","ETAT":2,"CODE_MODIF":0,"DATE_MODIF":null,"MODIFICATI":null,"RAPPORT_UR":null,"ID_NOM":"N9999","ID_TRONCON":"T0654","ID_COURSDE":"N9999T0654","ORIGINE1":"SCAN25","BCAE":"non","ZNT":"oui"},"geometry":{"type":"LineString","coordinates":[[2.2451,49.0577],[2.24618,49.0582],[2.24717,49.05827]]}},
{"type":"Feature","properties":{"NOM":"Sans nom","ETAT":2,"CODE_MODIF":0,"DATE_MODIF":null,"MODIFICATI":null,"RAPPORT_UR":null,"ID_NOM":"N9999","ID_TRONCON":"T0655","ID_COURSDE":"N9999T0655","ORIGINE1":"SCAN25","BCAE":"non","ZNT":"oui"},"geometry":{"type":"LineString","coordinates":[[2.3233,49.09305],[2.32157,49.09329],[2.32123,49.09339]]}},
{"type":"Feature","properties":{"NOM":"Sans nom","ETAT":2,"CODE_MODIF":0,"DATE_MODIF":null,"MODIFICATI":null,"RAPPORT_UR":null,"ID_NOM":"N9999","ID_TRONCON":"T0656","ID_COURSDE":"N9999T0656","ORIGINE1":"SCAN25","BCAE":"non","ZNT":"oui"},"geometry":{"type":"LineString","coordinates":[[2.32123,49.09339],[2.32025,49.09368],[2.32005,49.0937]]}},
{"type":"Feature","properties":{"NOM":"Ruisseau Ste Radegonde","ETAT":2,"CODE_MODIF":0,"DATE_MODIF":null,"MODIFICATI":null,"RAPPORT_UR":null,"ID_NOM":"N0087","ID_TRONCON":"T0657","ID_COURSDE":"N0087T0657","ORIGINE1":"SCAN25","BCAE":"non","ZNT":"oui"},"geometry":{"type":"LineString","coordinates":[[2.27864,49.03401],[2.27925,49.03376],[2.27954,49.03357],[2.28011,49.03335],[2.28073,49.03291],[2.28114,49.03291],[2.28157,49.0328],[2.28195,49.03274],[2.28279,49.03271],[2.28341,49.03249],[2.28385,49.03243],[2.28458,49.03242],[2.28482,49.03236],[2.2853,49.03213],[2.28558,49.03196],[2.28568,49.03174],[2.28591,49.03167],[2.28629,49.03119],[2.2865,49.03104],[2.28663,49.03089],[2.28676,49.03082]]}},
{"type":"Feature","properties":{"NOM":"Sans nom","ETAT":2,"CODE_MODIF":0,"DATE_MODIF":null,"MODIFICATI":null,"RAPPORT_UR":null,"ID_NOM":"N9999","ID_TRONCON":"T0658","ID_COURSDE":"N9999T0658","ORIGINE1":"SCAN25","BCAE":"non","ZNT":"oui"},"geometry":{"type":"LineString","coordinates":[[2.23593,49.04269],[2.23595,49.04274],[2.23633,49.04284],[2.23676,49.04283],[2.23718,49.04295],[2.23782,49.04309],[2.23792,49.04318],[2.23807,49.04353],[2.23841,49.04364],[2.23852,49.04372],[2.23905,49.04397],[2.23984,49.04429],[2.24042,49.04477]]}},
{"type":"Feature","properties":{"NOM":"Sans nom","ETAT":2,"CODE_MODIF":0,"DATE_MODIF":null,"MODIFICATI":null,"RAPPORT_UR":null,"ID_NOM":"N9999","ID_TRONCON":"T0659","ID_COURSDE":"N9999T0659","ORIGINE1":"SCAN25","BCAE":"non","ZNT":"oui"},"geometry":{"type":"LineString","coordinates":[[2.31796,49.09473],[2.31762,49.09502],[2.31725,49.09518],[2.31725,49.09527],[2.31717,49.0954],[2.3172,49.09545]]}},
{"type":"Feature","properties":{"NOM":"Sans nom","ETAT":2,"CODE_MODIF":0,"DATE_MODIF":null,"MODIFICATI":null,"RAPPORT_UR":null,"ID_NOM":"N9999","ID_TRONCON":"T0660","ID_COURSDE":"N9999T0660","ORIGINE1":"SCAN25","BCAE":"non","ZNT":"oui"},"geometry":{"type":"LineString","coordinates":[[2.31813,49.09482],[2.3172,49.09545]]}},
{"type":"Feature","properties":{"NOM":"Sans nom","ETAT":2,"CODE_MODIF":0,"DATE_MODIF":null,"MODIFICATI":null,"RAPPORT_UR":null,"ID_NOM":"N9999","ID_TRONCON":"T0661","ID_COURSDE":"N9999T0661","ORIGINE1":"SCAN25","BCAE":"non","ZNT":"oui"},"geometry":{"type":"LineString","coordinates":[[2.3172,49.09545],[2.31649,49.09591],[2.3162,49.09605],[2.31602,49.09619]]}},
{"type":"Feature","properties":{"NOM":"Sans nom","ETAT":0,"CODE_MODIF":5,"DATE_MODIF":"2012-08-03","MODIFICATI":"SUPPRESSION","RAPPORT_UR":null,"ID_NOM":"N9999","ID_TRONCON":"T0662","ID_COURSDE":"N9999T0662","ORIGINE1":"TERRAIN","BCAE":"non","ZNT":"non"},"geometry":{"type":"LineString","coordinates":[[2.33659,49.02099],[2.33662,49.0212],[2.33658,49.0226]]}},
{"type":"Feature","properties":{"NOM":"Sans nom","ETAT":2,"CODE_MODIF":0,"DATE_MODIF":null,"MODIFICATI":null,"RAPPORT_UR":null,"ID_NOM":"N9999","ID_TRONCON":"T0663","ID_COURSDE":"N9999T0663","ORIGINE1":"SCAN25","BCAE":"non","ZNT":"oui"},"geometry":{"type":"LineString","coordinates":[[2.32909,49.05112],[2.32903,49.05128],[2.32908,49.05134],[2.3293,49.05147],[2.32938,49.05161],[2.32969,49.05315],[2.33005,49.05397],[2.32977,49.05428],[2.32948,49.05451],[2.32827,49.05536],[2.3269,49.05636],[2.32655,49.0567],[2.32627,49.0571],[2.32588,49.05799],[2.32578,49.0584],[2.32562,49.05877],[2.32568,49.05907],[2.32558,49.0596],[2.32558,49.06045],[2.32548,49.06092],[2.32578,49.06139],[2.32444,49.06159],[2.32392,49.06195]]}},
{"type":"Feature","properties":{"NOM":"Sans nom","ETAT":2,"CODE_MODIF":0,"DATE_MODIF":null,"MODIFICATI":null,"RAPPORT_UR":null,"ID_NOM":"N9999","ID_TRONCON":"T0664","ID_COURSDE":"N9999T0664","ORIGINE1":"SCAN25","BCAE":"non","ZNT":"oui"},"geometry":{"type":"LineString","coordinates":[[2.3269,49.00793],[2.32732,49.00818],[2.32766,49.00847],[2.32823,49.00881],[2.32862,49.00896],[2.32869,49.00902]]}},
{"type":"Feature","properties":{"NOM":"Sans nom","ETAT":0,"CODE_MODIF":5,"DATE_MODIF":"2010-12-02","MODIFICATI":"SUPPRESSION","RAPPORT_UR":"\\\\Sbl95-03\\gb_cons\\EAU\\N_MASSE_EAU\\L_COURS_DEAU_L_095\\Multi_0007.doc","ID_NOM":"N9999","ID_TRONCON":"T0665","ID_COURSDE":"N9999T0665","ORIGINE1":"TERRAIN","BCAE":"non","ZNT":"non"},"geometry":{"type":"LineString","coordinates":[[2.34117,49.04629],[2.34205,49.04588],[2.34209,49.04549],[2.34176,49.04512]]}},
{"type":"Feature","properties":{"NOM":"Sans nom","ETAT":0,"CODE_MODIF":5,"DATE_MODIF":"2010-11-26","MODIFICATI":"SUPPRESSION","RAPPORT_UR":"\\\\Sbl95-03\\gb_cons\\EAU\\N_MASSE_EAU\\L_COURS_DEAU_L_095\\Multi_0007.doc","ID_NOM":"N9999","ID_TRONCON":"T0666","ID_COURSDE":"N9999T0666","ORIGINE1":"TERRAIN","BCAE":"non","ZNT":"non"},"geometry":{"type":"LineString","coordinates":[[2.40204,49.04517],[2.40333,49.04658],[2.40438,49.04791],[2.40398,49.04863],[2.40329,49.04948]]}},
{"type":"Feature","properties":{"NOM":"Sans nom","ETAT":0,"CODE_MODIF":5,"DATE_MODIF":"2010-11-26","MODIFICATI":"SUPPRESSION","RAPPORT_UR":"\\\\Sbl95-03\\gb_cons\\EAU\\N_MASSE_EAU\\L_COURS_DEAU_L_095\\Multi_0007.doc","ID_NOM":"N9999","ID_TRONCON":"T0667","ID_COURSDE":"N9999T0667","ORIGINE1":"TERRAIN","BCAE":"non","ZNT":"non"},"geometry":{"type":"LineString","coordinates":[[2.39913,49.05736],[2.39908,49.0572],[2.39919,49.05713],[2.39918,49.05619],[2.39934,49.05616],[2.40005,49.05618],[2.40019,49.05612],[2.40039,49.05459],[2.40057,49.05415],[2.40091,49.05306],[2.40101,49.05282],[2.40124,49.05245]]}},
{"type":"Feature","properties":{"NOM":"Sans nom","ETAT":2,"CODE_MODIF":0,"DATE_MODIF":null,"MODIFICATI":null,"RAPPORT_UR":null,"ID_NOM":"N9999","ID_TRONCON":"T0668","ID_COURSDE":"N9999T0668","ORIGINE1":"SCAN25","BCAE":"non","ZNT":"oui"},"geometry":{"type":"LineString","coordinates":[[2.41676,48.96787],[2.41855,48.96725]]}},
{"type":"Feature","properties":{"NOM":"Sans nom","ETAT":2,"CODE_MODIF":0,"DATE_MODIF":null,"MODIFICATI":null,"RAPPORT_UR":null,"ID_NOM":"N9999","ID_TRONCON":"T0669","ID_COURSDE":"N9999T0669","ORIGINE1":"SCAN25","BCAE":"non","ZNT":"oui"},"geometry":{"type":"LineString","coordinates":[[2.41903,48.96786],[2.41679,48.96876]]}},
{"type":"Feature","properties":{"NOM":"Sans nom","ETAT":0,"CODE_MODIF":5,"DATE_MODIF":"2010-11-26","MODIFICATI":"SUPPRESSION","RAPPORT_UR":"\\\\Sbl95-03\\gb_cons\\EAU\\N_MASSE_EAU\\L_COURS_DEAU_L_095\\Multi_0007.doc","ID_NOM":"N9999","ID_TRONCON":"T0670","ID_COURSDE":"N9999T0670","ORIGINE1":"TERRAIN","BCAE":"non","ZNT":"non"},"geometry":{"type":"LineString","coordinates":[[2.40379,49.0398],[2.40574,49.04148]]}},
{"type":"Feature","properties":{"NOM":"Sans nom","ETAT":2,"CODE_MODIF":0,"DATE_MODIF":null,"MODIFICATI":null,"RAPPORT_UR":null,"ID_NOM":"N9999","ID_TRONCON":"T0671","ID_COURSDE":"N9999T0671","ORIGINE1":"SCAN25","BCAE":"non","ZNT":"oui"},"geometry":{"type":"LineString","coordinates":[[2.41543,48.96662],[2.41786,48.96609]]}},
{"type":"Feature","properties":{"NOM":"Sans nom","ETAT":2,"CODE_MODIF":0,"DATE_MODIF":null,"MODIFICATI":null,"RAPPORT_UR":null,"ID_NOM":"N9999","ID_TRONCON":"T0672","ID_COURSDE":"N9999T0672","ORIGINE1":"SCAN25","BCAE":"non","ZNT":"oui"},"geometry":{"type":"LineString","coordinates":[[2.41448,48.96398],[2.41529,48.96402],[2.41723,48.96376],[2.41792,48.96404]]}},
{"type":"Feature","properties":{"NOM":"Sans nom","ETAT":2,"CODE_MODIF":0,"DATE_MODIF":null,"MODIFICATI":null,"RAPPORT_UR":null,"ID_NOM":"N9999","ID_TRONCON":"T0673","ID_COURSDE":"N9999T0673","ORIGINE1":"SCAN25","BCAE":"non","ZNT":"oui"},"geometry":{"type":"LineString","coordinates":[[2.41924,48.96212],[2.41892,48.96212],[2.41741,48.96191],[2.41703,48.96181]]}},
{"type":"Feature","properties":{"NOM":"Sans nom","ETAT":2,"CODE_MODIF":0,"DATE_MODIF":null,"MODIFICATI":null,"RAPPORT_UR":null,"ID_NOM":"N9999","ID_TRONCON":"T0674","ID_COURSDE":"N9999T0674","ORIGINE1":"SCAN25","BCAE":"non","ZNT":"oui"},"geometry":{"type":"LineString","coordinates":[[2.42531,48.97593],[2.42526,48.97491],[2.42522,48.9747]]}},
{"type":"Feature","properties":{"NOM":"Sans nom","ETAT":2,"CODE_MODIF":0,"DATE_MODIF":null,"MODIFICATI":null,"RAPPORT_UR":null,"ID_NOM":"N9999","ID_TRONCON":"T0675","ID_COURSDE":"N9999T0675","ORIGINE1":"SCAN25","BCAE":"non","ZNT":"oui"},"geometry":{"type":"LineString","coordinates":[[2.41829,48.97135],[2.41865,48.97126],[2.41897,48.97123],[2.41918,48.97119],[2.41934,48.97111],[2.41941,48.97101],[2.41962,48.97094],[2.41964,48.9708]]}},
{"type":"Feature","properties":{"NOM":"Sans nom","ETAT":2,"CODE_MODIF":0,"DATE_MODIF":null,"MODIFICATI":null,"RAPPORT_UR":null,"ID_NOM":"N9999","ID_TRONCON":"T0676","ID_COURSDE":"N9999T0676","ORIGINE1":"SCAN25","BCAE":"non","ZNT":"oui"},"geometry":{"type":"LineString","coordinates":[[2.40077,48.98288],[2.4009,48.98309],[2.40097,48.98309],[2.40441,48.98254],[2.40684,48.98211],[2.40882,48.98142],[2.40889,48.98136],[2.40913,48.98095],[2.40924,48.98065]]}},
{"type":"Feature","properties":{"NOM":"Sans nom","ETAT":2,"CODE_MODIF":0,"DATE_MODIF":null,"MODIFICATI":null,"RAPPORT_UR":null,"ID_NOM":"N9999","ID_TRONCON":"T0677","ID_COURSDE":"N9999T0677","ORIGINE1":"SCAN25","BCAE":"non","ZNT":"oui"},"geometry":{"type":"LineString","coordinates":[[2.22778,49.07911],[2.22862,49.07899],[2.22902,49.079],[2.22929,49.07907],[2.22925,49.07916],[2.22938,49.07925],[2.22979,49.07934],[2.23006,49.07935],[2.23069,49.07929]]}},
{"type":"Feature","properties":{"NOM":"Sans nom","ETAT":2,"CODE_MODIF":0,"DATE_MODIF":null,"MODIFICATI":null,"RAPPORT_UR":null,"ID_NOM":"N9999","ID_TRONCON":"T0678","ID_COURSDE":"N9999T0678","ORIGINE1":"SCAN25","BCAE":"non","ZNT":"oui"},"geometry":{"type":"LineString","coordinates":[[2.17997,49.06444],[2.17946,49.06568],[2.17952,49.06593],[2.17945,49.06606],[2.17936,49.06614],[2.17929,49.06638],[2.17931,49.06648],[2.17953,49.06658],[2.17951,49.06668]]}},
{"type":"Feature","properties":{"NOM":"Sans nom","ETAT":2,"CODE_MODIF":0,"DATE_MODIF":null,"MODIFICATI":null,"RAPPORT_UR":null,"ID_NOM":"N9999","ID_TRONCON":"T0679","ID_COURSDE":"N9999T0679","ORIGINE1":"SCAN25","BCAE":"non","ZNT":"oui"},"geometry":{"type":"LineString","coordinates":[[2.22774,49.08586],[2.22726,49.08571],[2.22697,49.08566]]}},
{"type":"Feature","properties":{"NOM":"Sans nom","ETAT":2,"CODE_MODIF":0,"DATE_MODIF":null,"MODIFICATI":null,"RAPPORT_UR":null,"ID_NOM":"N9999","ID_TRONCON":"T0680","ID_COURSDE":"N9999T0680","ORIGINE1":"SCAN25","BCAE":"non","ZNT":"oui"},"geometry":{"type":"LineString","coordinates":[[2.21932,49.08658],[2.21897,49.08673],[2.21823,49.0868],[2.21787,49.08692]]}},
{"type":"Feature","properties":{"NOM":"Sans nom","ETAT":2,"CODE_MODIF":0,"DATE_MODIF":null,"MODIFICATI":null,"RAPPORT_UR":null,"ID_NOM":"N9999","ID_TRONCON":"T0681","ID_COURSDE":"N9999T0681","ORIGINE1":"SCAN25","BCAE":"non","ZNT":"oui"},"geometry":{"type":"LineString","coordinates":[[2.20768,49.08746],[2.20774,49.08761],[2.20795,49.08788],[2.20808,49.08824],[2.2083,49.08854],[2.20831,49.08864],[2.2082,49.08884]]}},
{"type":"Feature","properties":{"NOM":"Sans nom","ETAT":2,"CODE_MODIF":0,"DATE_MODIF":null,"MODIFICATI":null,"RAPPORT_UR":null,"ID_NOM":"N9999","ID_TRONCON":"T0682","ID_COURSDE":"N9999T0682","ORIGINE1":"SCAN25","BCAE":"non","ZNT":"oui"},"geometry":{"type":"LineString","coordinates":[[2.22697,49.08566],[2.22713,49.08548],[2.22694,49.08541],[2.22674,49.08539],[2.22664,49.08535],[2.22641,49.08531],[2.22623,49.08517],[2.22602,49.08517],[2.22591,49.08514],[2.22484,49.08499],[2.22456,49.0849],[2.2244,49.08477],[2.22411,49.08418],[2.22402,49.08411],[2.22361,49.08389],[2.22297,49.08378]]}},
{"type":"Feature","properties":{"NOM":"Sans nom","ETAT":2,"CODE_MODIF":0,"DATE_MODIF":null,"MODIFICATI":null,"RAPPORT_UR":null,"ID_NOM":"N9999","ID_TRONCON":"T0683","ID_COURSDE":"N9999T0683","ORIGINE1":"SCAN25","BCAE":"non","ZNT":"oui"},"geometry":{"type":"LineString","coordinates":[[2.21144,49.09436],[2.21225,49.09625],[2.2126,49.09781],[2.21254,49.09864]]}},
{"type":"Feature","properties":{"NOM":"Sans nom","ETAT":2,"CODE_MODIF":0,"DATE_MODIF":null,"MODIFICATI":null,"RAPPORT_UR":null,"ID_NOM":"N9999","ID_TRONCON":"T0684","ID_COURSDE":"N9999T0684","ORIGINE1":"SCAN25","BCAE":"non","ZNT":"oui"},"geometry":{"type":"LineString","coordinates":[[2.17718,49.11287],[2.17764,49.11086],[2.17795,49.1102],[2.17803,49.11018]]}},
{"type":"Feature","properties":{"NOM":"Sans nom","ETAT":2,"CODE_MODIF":0,"DATE_MODIF":null,"MODIFICATI":null,"RAPPORT_UR":null,"ID_NOM":"N9999","ID_TRONCON":"T0685","ID_COURSDE":"N9999T0685","ORIGINE1":"SCAN25","BCAE":"non","ZNT":"oui"},"geometry":{"type":"LineString","coordinates":[[2.17619,49.13837],[2.17571,49.13832]]}},
{"type":"Feature","properties":{"NOM":"Sans nom","ETAT":2,"CODE_MODIF":0,"DATE_MODIF":null,"MODIFICATI":null,"RAPPORT_UR":null,"ID_NOM":"N9999","ID_TRONCON":"T0686","ID_COURSDE":"N9999T0686","ORIGINE1":"SCAN25","BCAE":"non","ZNT":"oui"},"geometry":{"type":"LineString","coordinates":[[2.17571,49.13832],[2.17485,49.13865]]}},
{"type":"Feature","properties":{"NOM":"Sans nom","ETAT":2,"CODE_MODIF":0,"DATE_MODIF":null,"MODIFICATI":null,"RAPPORT_UR":null,"ID_NOM":"N9999","ID_TRONCON":"T0687","ID_COURSDE":"N9999T0687","ORIGINE1":"SCAN25","BCAE":"non","ZNT":"oui"},"geometry":{"type":"LineString","coordinates":[[2.28247,49.11282],[2.28266,49.11284],[2.28315,49.113],[2.28345,49.1132],[2.2837,49.11327]]}},
{"type":"Feature","properties":{"NOM":"Sans nom","ETAT":2,"CODE_MODIF":0,"DATE_MODIF":null,"MODIFICATI":null,"RAPPORT_UR":null,"ID_NOM":"N9999","ID_TRONCON":"T0688","ID_COURSDE":"N9999T0688","ORIGINE1":"SCAN25","BCAE":"non","ZNT":"oui"},"geometry":{"type":"LineString","coordinates":[[2.28756,49.12151],[2.28746,49.12151],[2.28725,49.12145],[2.28685,49.12119],[2.28587,49.12088],[2.28576,49.12088],[2.28297,49.12155],[2.28263,49.12178],[2.28254,49.12218]]}},
{"type":"Feature","properties":{"NOM":"Sans nom","ETAT":2,"CODE_MODIF":0,"DATE_MODIF":null,"MODIFICATI":null,"RAPPORT_UR":null,"ID_NOM":"N9999","ID_TRONCON":"T0689","ID_COURSDE":"N9999T0689","ORIGINE1":"SCAN25","BCAE":"non","ZNT":"oui"},"geometry":{"type":"LineString","coordinates":[[2.17458,49.13799],[2.17571,49.13832]]}},
{"type":"Feature","properties":{"NOM":"Sans nom","ETAT":2,"CODE_MODIF":0,"DATE_MODIF":null,"MODIFICATI":null,"RAPPORT_UR":null,"ID_NOM":"N9999","ID_TRONCON":"T0690","ID_COURSDE":"N9999T0690","ORIGINE1":"SCAN25","BCAE":"non","ZNT":"oui"},"geometry":{"type":"LineString","coordinates":[[2.16895,49.13656],[2.16912,49.13658],[2.16956,49.13681]]}},
{"type":"Feature","properties":{"NOM":"Sans nom","ETAT":2,"CODE_MODIF":0,"DATE_MODIF":null,"MODIFICATI":null,"RAPPORT_UR":null,"ID_NOM":"N9999","ID_TRONCON":"T0691","ID_COURSDE":"N9999T0691","ORIGINE1":"SCAN25","BCAE":"non","ZNT":"oui"},"geometry":{"type":"LineString","coordinates":[[2.16172,49.08958],[2.16162,49.08956],[2.16164,49.08942],[2.16171,49.08924],[2.16183,49.08909],[2.16251,49.08865],[2.16261,49.08855],[2.16295,49.08805],[2.16343,49.08751]]}},
{"type":"Feature","properties":{"NOM":"Sans nom","ETAT":2,"CODE_MODIF":0,"DATE_MODIF":null,"MODIFICATI":null,"RAPPORT_UR":null,"ID_NOM":"N9999","ID_TRONCON":"T0692","ID_COURSDE":"N9999T0692","ORIGINE1":"SCAN25","BCAE":"non","ZNT":"oui"},"geometry":{"type":"LineString","coordinates":[[2.16343,49.08751],[2.16356,49.08735],[2.16373,49.08723],[2.16453,49.08665],[2.16474,49.08655],[2.16529,49.0864],[2.16602,49.08615],[2.16729,49.08597],[2.16754,49.0859],[2.16804,49.08569],[2.16838,49.08546],[2.16838,49.08386],[2.16833,49.0837],[2.16788,49.08308],[2.16783,49.08274],[2.16789,49.0826],[2.16807,49.08229],[2.16837,49.082],[2.16882,49.08183],[2.16955,49.08144],[2.16974,49.08131],[2.17029,49.08067],[2.17152,49.07949],[2.17172,49.07924],[2.17195,49.07908]]}},
{"type":"Feature","properties":{"NOM":"Sans nom","ETAT":2,"CODE_MODIF":0,"DATE_MODIF":null,"MODIFICATI":null,"RAPPORT_UR":null,"ID_NOM":"N9999","ID_TRONCON":"T0693","ID_COURSDE":"N9999T0693","ORIGINE1":"SCAN25","BCAE":"non","ZNT":"oui"},"geometry":{"type":"LineString","coordinates":[[2.21932,49.08658],[2.21956,49.08649],[2.21975,49.0865],[2.22023,49.08639],[2.22056,49.08646],[2.22082,49.08659],[2.22102,49.08656]]}},
{"type":"Feature","properties":{"NOM":"Sans nom","ETAT":2,"CODE_MODIF":0,"DATE_MODIF":null,"MODIFICATI":null,"RAPPORT_UR":null,"ID_NOM":"N9999","ID_TRONCON":"T0694","ID_COURSDE":"N9999T0694","ORIGINE1":"SCAN25","BCAE":"non","ZNT":"oui"},"geometry":{"type":"LineString","coordinates":[[2.19328,49.09505],[2.19347,49.095],[2.19387,49.09478],[2.19403,49.09485],[2.19418,49.09483],[2.1945,49.09474],[2.19464,49.09457],[2.19491,49.09437]]}},
{"type":"Feature","properties":{"NOM":"Sans nom","ETAT":0,"CODE_MODIF":6,"DATE_MODIF":"2010-10-25","MODIFICATI":"FOSSÉ","RAPPORT_UR":null,"ID_NOM":"N9999","ID_TRONCON":"T0695","ID_COURSDE":"N9999T0695","ORIGINE1":"TERRAIN","BCAE":"non","ZNT":"non"},"geometry":{"type":"LineString","coordinates":[[2.33959,49.10181],[2.33906,49.10113],[2.33813,49.10013],[2.33737,49.09941],[2.33601,49.09827],[2.33511,49.0976],[2.33474,49.09738],[2.3336,49.09689],[2.33308,49.09669]]}},
{"type":"Feature","properties":{"NOM":"Sans nom","ETAT":2,"CODE_MODIF":0,"DATE_MODIF":null,"MODIFICATI":null,"RAPPORT_UR":null,"ID_NOM":"N9999","ID_TRONCON":"T0696","ID_COURSDE":"N9999T0696","ORIGINE1":"SCAN25","BCAE":"non","ZNT":"oui"},"geometry":{"type":"LineString","coordinates":[[2.17619,49.12326],[2.17701,49.12279],[2.17881,49.1222],[2.17934,49.12195],[2.17967,49.12183],[2.18038,49.12135],[2.18042,49.12124],[2.18044,49.12083],[2.18036,49.1207],[2.18044,49.12063],[2.18044,49.12052],[2.18053,49.12032],[2.18041,49.12018],[2.18043,49.12004],[2.18052,49.11992],[2.18052,49.11965],[2.18064,49.11945],[2.18066,49.11936],[2.18059,49.11914],[2.18002,49.11855],[2.1797,49.11838],[2.17929,49.11808],[2.17931,49.11791],[2.17897,49.11758],[2.17881,49.11752],[2.17808,49.11753],[2.1779,49.1175],[2.17773,49.1174],[2.17757,49.11716],[2.17761,49.11685],[2.1779,49.11672],[2.17794,49.11663],[2.17789,49.11654],[2.17759,49.11642],[2.1775,49.11632],[2.17756,49.1162],[2.17769,49.11605],[2.17808,49.1158],[2.17824,49.11573],[2.17861,49.11567]]}},
{"type":"Feature","properties":{"NOM":"Sans nom","ETAT":2,"CODE_MODIF":0,"DATE_MODIF":null,"MODIFICATI":null,"RAPPORT_UR":null,"ID_NOM":"N9999","ID_TRONCON":"T0697","ID_COURSDE":"N9999T0697","ORIGINE1":"SCAN25","BCAE":"non","ZNT":"oui"},"geometry":{"type":"LineString","coordinates":[[2.23732,49.11606],[2.23732,49.11627],[2.23737,49.11635],[2.23774,49.1166],[2.23788,49.11683]]}},
{"type":"Feature","properties":{"NOM":"Sans nom","ETAT":2,"CODE_MODIF":0,"DATE_MODIF":null,"MODIFICATI":null,"RAPPORT_UR":null,"ID_NOM":"N9999","ID_TRONCON":"T0698","ID_COURSDE":"N9999T0698","ORIGINE1":"SCAN25","BCAE":"non","ZNT":"oui"},"geometry":{"type":"LineString","coordinates":[[2.28096,49.1125],[2.28116,49.11251],[2.28136,49.11256],[2.28204,49.11259],[2.28209,49.11266],[2.28208,49.11279],[2.28227,49.11289]]}},
{"type":"Feature","properties":{"NOM":"Sans nom","ETAT":2,"CODE_MODIF":0,"DATE_MODIF":null,"MODIFICATI":null,"RAPPORT_UR":null,"ID_NOM":"N9999","ID_TRONCON":"T0699","ID_COURSDE":"N9999T0699","ORIGINE1":"SCAN25","BCAE":"non","ZNT":"oui"},"geometry":{"type":"LineString","coordinates":[[2.17513,49.12483],[2.17524,49.12482],[2.17553,49.1249],[2.17566,49.12489],[2.1759,49.12477],[2.17615,49.12475],[2.17682,49.12439],[2.17723,49.12412],[2.17802,49.12384],[2.1785,49.12363],[2.17932,49.12296],[2.17935,49.1229],[2.17931,49.12279]]}},
{"type":"Feature","properties":{"NOM":"Sans nom","ETAT":2,"CODE_MODIF":0,"DATE_MODIF":null,"MODIFICATI":null,"RAPPORT_UR":null,"ID_NOM":"N9999","ID_TRONCON":"T0700","ID_COURSDE":"N9999T0700","ORIGINE1":"SCAN25","BCAE":"non","ZNT":"oui"},"geometry":{"type":"LineString","coordinates":[[2.15841,49.13884],[2.15862,49.13859],[2.15897,49.13836],[2.16001,49.13795],[2.16018,49.1379],[2.1603,49.13796],[2.16044,49.13794],[2.16112,49.13757],[2.16207,49.13722],[2.16219,49.13706],[2.16232,49.13696],[2.16261,49.13681],[2.16288,49.13662],[2.16314,49.13633],[2.16342,49.13622],[2.16369,49.13599],[2.1639,49.13572],[2.16394,49.13525],[2.16418,49.13465],[2.16426,49.13456],[2.16456,49.13442],[2.16476,49.13423],[2.165,49.13413],[2.16508,49.13404],[2.16509,49.13366],[2.16534,49.13312],[2.16536,49.13264],[2.16544,49.1324],[2.16539,49.13228]]}},
{"type":"Feature","properties":{"NOM":"Sans nom","ETAT":2,"CODE_MODIF":0,"DATE_MODIF":null,"MODIFICATI":null,"RAPPORT_UR":null,"ID_NOM":"N9999","ID_TRONCON":"T0701","ID_COURSDE":"N9999T0701","ORIGINE1":"SCAN25","BCAE":"non","ZNT":"oui"},"geometry":{"type":"LineString","coordinates":[[2.17858,49.12403],[2.17801,49.12431],[2.17731,49.12472]]}},
{"type":"Feature","properties":{"NOM":"Sans nom","ETAT":2,"CODE_MODIF":0,"DATE_MODIF":null,"MODIFICATI":null,"RAPPORT_UR":null,"ID_NOM":"N9999","ID_TRONCON":"T0702","ID_COURSDE":"N9999T0702","ORIGINE1":"SCAN25","BCAE":"non","ZNT":"oui"},"geometry":{"type":"LineString","coordinates":[[2.19617,49.0934],[2.19684,49.09322],[2.19749,49.09316],[2.19796,49.09318],[2.19826,49.09323],[2.19873,49.09324],[2.19906,49.09313],[2.19937,49.09311],[2.1996,49.09318],[2.19971,49.09327],[2.19997,49.09339],[2.20071,49.09384],[2.20105,49.09409]]}},
{"type":"Feature","properties":{"NOM":"Sans nom","ETAT":2,"CODE_MODIF":0,"DATE_MODIF":null,"MODIFICATI":null,"RAPPORT_UR":null,"ID_NOM":"N9999","ID_TRONCON":"T0703","ID_COURSDE":"N9999T0703","ORIGINE1":"SCAN25","BCAE":"non","ZNT":"oui"},"geometry":{"type":"LineString","coordinates":[[1.86376,49.03432],[1.863,49.0344],[1.8621,49.03442],[1.86064,49.03465]]}},
{"type":"Feature","properties":{"NOM":"Sans nom","ETAT":2,"CODE_MODIF":0,"DATE_MODIF":null,"MODIFICATI":null,"RAPPORT_UR":null,"ID_NOM":"N9999","ID_TRONCON":"T0704","ID_COURSDE":"N9999T0704","ORIGINE1":"SCAN25","BCAE":"non","ZNT":"oui"},"geometry":{"type":"LineString","coordinates":[[1.69923,49.20624],[1.69971,49.20673],[1.69979,49.20717],[1.69994,49.20747],[1.70109,49.20879]]}},
{"type":"Feature","properties":{"NOM":"Sans nom","ETAT":1,"CODE_MODIF":1,"DATE_MODIF":"2010-12-06","MODIFICATI":"ETAT 2 EN 1","RAPPORT_UR":"\\\\Sbl95-03\\gb_cons\\EAU\\N_MASSE_EAU\\L_COURS_DEAU_L_095\\Multi_0007.doc","ID_NOM":"N9999","ID_TRONCON":"T0705","ID_COURSDE":"N9999T0705","ORIGINE1":"TERRAIN","BCAE":"oui","ZNT":"oui"},"geometry":{"type":"LineString","coordinates":[[2.10579,49.15791],[2.10549,49.15805],[2.10514,49.15809],[2.10442,49.15811],[2.10271,49.15833],[2.10216,49.1583],[2.1019,49.15825],[2.10121,49.15826],[2.1002,49.1583],[2.09964,49.15839]]}},
{"type":"Feature","properties":{"NOM":"Sans nom","ETAT":2,"CODE_MODIF":0,"DATE_MODIF":null,"MODIFICATI":null,"RAPPORT_UR":null,"ID_NOM":"N9999","ID_TRONCON":"T0706","ID_COURSDE":"N9999T0706","ORIGINE1":"SCAN25","BCAE":"non","ZNT":"oui"},"geometry":{"type":"LineString","coordinates":[[2.08019,49.14817],[2.0797,49.14862],[2.0788,49.14831],[2.07876,49.14806],[2.07862,49.1478],[2.0786,49.14747],[2.07874,49.14716],[2.0787,49.14699],[2.07867,49.14633],[2.07869,49.14583],[2.07865,49.14581],[2.07864,49.14564],[2.07905,49.14532]]}},
{"type":"Feature","properties":{"NOM":"Sans nom","ETAT":2,"CODE_MODIF":0,"DATE_MODIF":null,"MODIFICATI":null,"RAPPORT_UR":null,"ID_NOM":"N9999","ID_TRONCON":"T0707","ID_COURSDE":"N9999T0707","ORIGINE1":"SCAN25","BCAE":"non","ZNT":"oui"},"geometry":{"type":"LineString","coordinates":[[1.82683,49.1623],[1.82854,49.16252],[1.82897,49.16254],[1.82956,49.16251],[1.83008,49.16259],[1.8302,49.16255],[1.83115,49.1626],[1.83142,49.16254],[1.8326,49.16249],[1.83351,49.16266],[1.83384,49.16274],[1.834,49.16283],[1.83522,49.1631],[1.83568,49.16325],[1.83623,49.16336],[1.83746,49.16384],[1.83885,49.16431],[1.83902,49.16439]]}},
{"type":"Feature","properties":{"NOM":"Sans nom","ETAT":2,"CODE_MODIF":0,"DATE_MODIF":null,"MODIFICATI":null,"RAPPORT_UR":null,"ID_NOM":"N9999","ID_TRONCON":"T0708","ID_COURSDE":"N9999T0708","ORIGINE1":"SCAN25","BCAE":"non","ZNT":"oui"},"geometry":{"type":"LineString","coordinates":[[1.80719,49.16066],[1.80676,49.16007],[1.8072,49.15984],[1.80588,49.15953],[1.80233,49.1586],[1.80234,49.15845]]}},
{"type":"Feature","properties":{"NOM":"Sans nom","ETAT":0,"CODE_MODIF":0,"DATE_MODIF":"2013-07-16","MODIFICATI":"SUPPRESSION","RAPPORT_UR":null,"ID_NOM":"N9999","ID_TRONCON":"T0709","ID_COURSDE":"N9999T0709","ORIGINE1":"SCAN25","BCAE":"non","ZNT":"non"},"geometry":{"type":"MultiLineString","coordinates":[[[1.80734,49.1597],[1.80709,49.15944],[1.80673,49.15923],[1.80633,49.15907]],[[1.80614,49.15884],[1.80539,49.15856]]]}},
{"type":"Feature","properties":{"NOM":"Sans nom","ETAT":2,"CODE_MODIF":0,"DATE_MODIF":null,"MODIFICATI":null,"RAPPORT_UR":null,"ID_NOM":"N9999","ID_TRONCON":"T0710","ID_COURSDE":"N9999T0710","ORIGINE1":"SCAN25","BCAE":"non","ZNT":"oui"},"geometry":{"type":"MultiLineString","coordinates":[[[1.93936,49.05333],[1.93909,49.05342],[1.93905,49.05346],[1.93934,49.05379],[1.93939,49.05385],[1.93936,49.0539],[1.93793,49.05471],[1.93807,49.05487]],[[1.93793,49.05471],[1.93746,49.05497],[1.93734,49.05498],[1.93728,49.05521]]]}},
{"type":"Feature","properties":{"NOM":"Sans nom","ETAT":1,"CODE_MODIF":0,"DATE_MODIF":null,"MODIFICATI":null,"RAPPORT_UR":null,"ID_NOM":"N9999","ID_TRONCON":"T0711","ID_COURSDE":"N9999T0711","ORIGINE1":"SCAN25","BCAE":"oui","ZNT":"oui"},"geometry":{"type":"LineString","coordinates":[[2.06239,49.06384],[2.06233,49.06401],[2.06221,49.06408],[2.06161,49.06416],[2.06121,49.06416],[2.06097,49.0642],[2.0608,49.06425],[2.06066,49.06436],[2.06035,49.06449],[2.0592,49.06463],[2.05919,49.06504],[2.05897,49.06536],[2.05878,49.06547],[2.05846,49.06557],[2.05782,49.06559],[2.05739,49.06566],[2.05684,49.06568],[2.05605,49.06565],[2.05353,49.06541],[2.05253,49.06537],[2.05239,49.0654],[2.05206,49.06563],[2.05171,49.06572],[2.05084,49.06583],[2.05029,49.06584],[2.05053,49.06717],[2.04843,49.06716],[2.04583,49.06703],[2.04524,49.06705],[2.04466,49.06714],[2.04295,49.06744],[2.04102,49.06826],[2.04024,49.06864],[2.03949,49.06891],[2.03913,49.06896],[2.0389,49.06896],[2.0388,49.06899],[2.03808,49.06928],[2.03753,49.06943],[2.03703,49.06971],[2.0369,49.06975],[2.0361,49.06981],[2.036,49.06989],[2.03585,49.06988],[2.03566,49.06993],[2.0354,49.07006],[2.03492,49.06996],[2.03449,49.07001],[2.03404,49.06999],[2.03348,49.06981],[2.03293,49.06978],[2.03134,49.07004],[2.03124,49.07009],[2.03102,49.07031],[2.03099,49.07045],[2.03115,49.07092],[2.03132,49.07116],[2.03141,49.07156],[2.03178,49.07222],[2.03181,49.07226],[2.03197,49.07231],[2.03213,49.07232],[2.03222,49.07219],[2.03229,49.07218],[2.03271,49.07231],[2.0325,49.07278],[2.03216,49.07307],[2.03246,49.07314],[2.03262,49.07324],[2.03288,49.07333],[2.0332,49.07353],[2.03366,49.07408],[2.03482,49.07517]]}},
{"type":"Feature","properties":{"NOM":"Sans nom","ETAT":1,"CODE_MODIF":0,"DATE_MODIF":null,"MODIFICATI":null,"RAPPORT_UR":null,"ID_NOM":"N9999","ID_TRONCON":"T0712","ID_COURSDE":"N9999T0712","ORIGINE1":"SCAN25","BCAE":"oui","ZNT":"oui"},"geometry":{"type":"LineString","coordinates":[[2.00255,49.08089],[2.00231,49.08055]]}},
{"type":"Feature","properties":{"NOM":"Sans nom","ETAT":1,"CODE_MODIF":0,"DATE_MODIF":null,"MODIFICATI":null,"RAPPORT_UR":null,"ID_NOM":"N9999","ID_TRONCON":"T0713","ID_COURSDE":"N9999T0713","ORIGINE1":"SCAN25","BCAE":"oui","ZNT":"oui"},"geometry":{"type":"LineString","coordinates":[[1.97306,49.10065],[1.97339,49.1008],[1.97412,49.10121],[1.97361,49.10153],[1.97341,49.10162],[1.97323,49.10181],[1.97322,49.10197],[1.97332,49.10225],[1.97428,49.103],[1.97465,49.10307]]}},
{"type":"Feature","properties":{"NOM":"Sans nom","ETAT":0,"CODE_MODIF":5,"DATE_MODIF":"2010-12-10","MODIFICATI":"SUPPRESSION","RAPPORT_UR":"\\\\Sbl95-03\\gb_cons\\EAU\\N_MASSE_EAU\\L_COURS_DEAU_L_095\\Multi_0007.doc","ID_NOM":"N9999","ID_TRONCON":"T0714","ID_COURSDE":"N9999T0714","ORIGINE1":"TERRAIN","BCAE":"non","ZNT":"non"},"geometry":{"type":"LineString","coordinates":[[1.94404,49.13547],[1.94378,49.13546],[1.94313,49.13509]]}},
{"type":"Feature","properties":{"NOM":"Sans nom","ETAT":1,"CODE_MODIF":3,"DATE_MODIF":"2010-12-10","MODIFICATI":"TRACÉ","RAPPORT_UR":"\\\\Sbl95-03\\gb_cons\\EAU\\N_MASSE_EAU\\L_COURS_DEAU_L_095\\Multi_0007.doc","ID_NOM":"N9999","ID_TRONCON":"T0715","ID_COURSDE":"N9999T0715","ORIGINE1":"TERRAIN","BCAE":"oui","ZNT":"oui"},"geometry":{"type":"MultiLineString","coordinates":[[[1.94937,49.13003],[1.94911,49.12994],[1.94895,49.12973],[1.94895,49.12947],[1.94884,49.12913],[1.9489,49.12844],[1.94885,49.12841],[1.9486,49.12841],[1.9485,49.12821],[1.94845,49.1282],[1.94829,49.1282],[1.94787,49.12828],[1.94784,49.12822],[1.94784,49.12789],[1.94788,49.12786],[1.9479,49.12777],[1.94782,49.12746],[1.94788,49.12739],[1.94779,49.12723],[1.94791,49.12699],[1.94804,49.12671],[1.94818,49.12641]],[[1.94362,49.13323],[1.94393,49.13269],[1.9445,49.13224],[1.94449,49.13217],[1.94576,49.13087],[1.9463,49.13021]],[[1.94577,49.13027],[1.94588,49.13015],[1.94597,49.13011],[1.9463,49.13021],[1.94646,49.12998],[1.94685,49.12978],[1.94714,49.12967],[1.94722,49.12959],[1.94724,49.12949],[1.94734,49.12948],[1.94764,49.12924],[1.94775,49.12907],[1.94777,49.12896],[1.94764,49.12865],[1.9478,49.12854],[1.94787,49.12828]],[[1.94931,49.12673],[1.94804,49.12671]],[[1.94928,49.12635],[1.9485,49.12636],[1.94818,49.12641]],[[1.94892,49.12549],[1.94873,49.1256],[1.94818,49.12641]]]}},
{"type":"Feature","properties":{"NOM":"Sans nom","ETAT":0,"CODE_MODIF":5,"DATE_MODIF":"2010-07-30","MODIFICATI":"SUPPRESSION","RAPPORT_UR":"\\\\Sbl95-03\\gb_cons\\EAU\\N_MASSE_EAU\\L_COURS_DEAU_L_095\\Multi_0002.doc","ID_NOM":"N9999","ID_TRONCON":"T0716","ID_COURSDE":"N9999T0716","ORIGINE1":"TERRAIN","BCAE":"non","ZNT":"non"},"geometry":{"type":"LineString","coordinates":[[1.95109,49.12142],[1.9535,49.12212]]}},
{"type":"Feature","properties":{"NOM":"Sans nom","ETAT":1,"CODE_MODIF":0,"DATE_MODIF":null,"MODIFICATI":null,"RAPPORT_UR":"\\\\Sbl95-03\\gb_cons\\EAU\\N_MASSE_EAU\\L_COURS_DEAU_L_095\\Multi_0007.doc","ID_NOM":"N9999","ID_TRONCON":"T0717","ID_COURSDE":"N9999T0717","ORIGINE1":"SCAN25","BCAE":"oui","ZNT":"oui"},"geometry":{"type":"LineString","coordinates":[[1.95281,49.12108],[1.95236,49.12097],[1.95228,49.1209],[1.95133,49.12051]]}},
{"type":"Feature","properties":{"NOM":"Sans nom","ETAT":1,"CODE_MODIF":0,"DATE_MODIF":null,"MODIFICATI":null,"RAPPORT_UR":null,"ID_NOM":"N9999","ID_TRONCON":"T0718","ID_COURSDE":"N9999T0718","ORIGINE1":"SCAN25","BCAE":"oui","ZNT":"oui"},"geometry":{"type":"LineString","coordinates":[[1.97007,49.10999],[1.97036,49.11033],[1.9706,49.11049],[1.97048,49.11053],[1.97035,49.1105],[1.9703,49.11052],[1.97027,49.1108],[1.97017,49.11096],[1.97013,49.11116],[1.96995,49.11124],[1.9696,49.11155],[1.96943,49.1116],[1.96924,49.11179],[1.96863,49.11191],[1.96802,49.11228]]}},
{"type":"Feature","properties":{"NOM":"Sans nom","ETAT":1,"CODE_MODIF":0,"DATE_MODIF":null,"MODIFICATI":null,"RAPPORT_UR":null,"ID_NOM":"N9999","ID_TRONCON":"T0719","ID_COURSDE":"N9999T0719","ORIGINE1":"SCAN25","BCAE":"oui","ZNT":"oui"},"geometry":{"type":"LineString","coordinates":[[1.98555,49.08831],[1.98565,49.08883],[1.9856,49.08888],[1.98531,49.08892],[1.98506,49.08907],[1.98482,49.08944],[1.98369,49.08993],[1.98273,49.09029],[1.98172,49.09059],[1.98099,49.09076]]}},
{"type":"Feature","properties":{"NOM":"Sans nom","ETAT":1,"CODE_MODIF":0,"DATE_MODIF":null,"MODIFICATI":null,"RAPPORT_UR":null,"ID_NOM":"N9999","ID_TRONCON":"T0720","ID_COURSDE":"N9999T0720","ORIGINE1":"SCAN25","BCAE":"oui","ZNT":"oui"},"geometry":{"type":"LineString","coordinates":[[2.00361,49.07995],[2.00314,49.07985],[2.00265,49.07934],[2.00285,49.0791]]}},
{"type":"Feature","properties":{"NOM":"Sans nom","ETAT":2,"CODE_MODIF":0,"DATE_MODIF":null,"MODIFICATI":null,"RAPPORT_UR":null,"ID_NOM":"N9999","ID_TRONCON":"T0721","ID_COURSDE":"N9999T0721","ORIGINE1":"SCAN25","BCAE":"non","ZNT":"oui"},"geometry":{"type":"LineString","coordinates":[[2.02966,49.07169],[2.03052,49.07172],[2.03073,49.0717],[2.03114,49.07157]]}},
{"type":"Feature","properties":{"NOM":"Sans nom","ETAT":2,"CODE_MODIF":0,"DATE_MODIF":null,"MODIFICATI":null,"RAPPORT_UR":null,"ID_NOM":"N9999","ID_TRONCON":"T0722","ID_COURSDE":"N9999T0722","ORIGINE1":"SCAN25","BCAE":"non","ZNT":"oui"},"geometry":{"type":"LineString","coordinates":[[2.02783,49.07027],[2.02902,49.07034],[2.02899,49.07058],[2.03095,49.07065]]}},
{"type":"Feature","properties":{"NOM":"Sans nom","ETAT":1,"CODE_MODIF":0,"DATE_MODIF":null,"MODIFICATI":null,"RAPPORT_UR":null,"ID_NOM":"N9999","ID_TRONCON":"T0723","ID_COURSDE":"N9999T0723","ORIGINE1":"SCAN25","BCAE":"oui","ZNT":"oui"},"geometry":{"type":"LineString","coordinates":[[2.03846,49.06833],[2.03954,49.06799]]}},
{"type":"Feature","properties":{"NOM":"Sans nom","ETAT":1,"CODE_MODIF":0,"DATE_MODIF":null,"MODIFICATI":null,"RAPPORT_UR":null,"ID_NOM":"N9999","ID_TRONCON":"T0724","ID_COURSDE":"N9999T0724","ORIGINE1":"SCAN25","BCAE":"oui","ZNT":"oui"},"geometry":{"type":"LineString","coordinates":[[2.05149,49.06501],[2.05087,49.0651],[2.04996,49.06517],[2.04878,49.06532]]}},
{"type":"Feature","properties":{"NOM":"Sans nom","ETAT":1,"CODE_MODIF":0,"DATE_MODIF":null,"MODIFICATI":null,"RAPPORT_UR":null,"ID_NOM":"N9999","ID_TRONCON":"T0725","ID_COURSDE":"N9999T0725","ORIGINE1":"SCAN25","BCAE":"oui","ZNT":"oui"},"geometry":{"type":"LineString","coordinates":[[2.05101,49.06522],[2.05759,49.06452],[2.05798,49.06452],[2.05808,49.06447],[2.05817,49.06434]]}},
{"type":"Feature","properties":{"NOM":"Sans nom","ETAT":1,"CODE_MODIF":0,"DATE_MODIF":null,"MODIFICATI":null,"RAPPORT_UR":null,"ID_NOM":"N9999","ID_TRONCON":"T0726","ID_COURSDE":"N9999T0726","ORIGINE1":"SCAN25","BCAE":"oui","ZNT":"oui"},"geometry":{"type":"LineString","coordinates":[[1.94145,49.17004],[1.9414,49.16997],[1.94078,49.16979],[1.94065,49.16964],[1.94059,49.16941],[1.94022,49.1693],[1.93998,49.16909]]}},
{"type":"Feature","properties":{"NOM":"Sans nom","ETAT":1,"CODE_MODIF":0,"DATE_MODIF":null,"MODIFICATI":null,"RAPPORT_UR":null,"ID_NOM":"N9999","ID_TRONCON":"T0727","ID_COURSDE":"N9999T0727","ORIGINE1":"SCAN25","BCAE":"oui","ZNT":"oui"},"geometry":{"type":"MultiLineString","coordinates":[[[1.94245,49.17028],[1.94228,49.17018],[1.9422,49.17017],[1.9421,49.17005],[1.94213,49.1699],[1.94204,49.16978],[1.94214,49.16967],[1.94208,49.16931],[1.94192,49.16892],[1.94176,49.16868],[1.94154,49.1687],[1.94134,49.16876],[1.94119,49.16859],[1.94099,49.16856],[1.9405,49.16833],[1.94029,49.16843],[1.94019,49.16851],[1.9396,49.16875]],[[1.94138,49.17075],[1.94117,49.17043],[1.94132,49.17026],[1.94149,49.17022],[1.94145,49.17004]],[[1.93969,49.16881],[1.93985,49.16887],[1.93987,49.16897],[1.93998,49.16909]]]}},
{"type":"Feature","properties":{"NOM":"Sans nom","ETAT":1,"CODE_MODIF":0,"DATE_MODIF":null,"MODIFICATI":null,"RAPPORT_UR":null,"ID_NOM":"N9999","ID_TRONCON":"T0728","ID_COURSDE":"N9999T0728","ORIGINE1":"SCAN25","BCAE":"oui","ZNT":"oui"},"geometry":{"type":"LineString","coordinates":[[2.05955,49.06634],[2.0592,49.06658],[2.05822,49.06706]]}},
{"type":"Feature","properties":{"NOM":"Sans nom","ETAT":2,"CODE_MODIF":0,"DATE_MODIF":null,"MODIFICATI":null,"RAPPORT_UR":null,"ID_NOM":"N9999","ID_TRONCON":"T0729","ID_COURSDE":"N9999T0729","ORIGINE1":"SCAN25","BCAE":"non","ZNT":"oui"},"geometry":{"type":"LineString","coordinates":[[1.87274,49.02812],[1.87223,49.02795]]}},
{"type":"Feature","properties":{"NOM":"Sans nom","ETAT":1,"CODE_MODIF":0,"DATE_MODIF":null,"MODIFICATI":null,"RAPPORT_UR":null,"ID_NOM":"N9999","ID_TRONCON":"T0730","ID_COURSDE":"N9999T0730","ORIGINE1":"SCAN25","BCAE":"oui","ZNT":"oui"},"geometry":{"type":"LineString","coordinates":[[1.89114,49.01963],[1.89076,49.01974],[1.89068,49.01986]]}},
{"type":"Feature","properties":{"NOM":"Sans nom","ETAT":1,"CODE_MODIF":0,"DATE_MODIF":null,"MODIFICATI":null,"RAPPORT_UR":null,"ID_NOM":"N9999","ID_TRONCON":"T0731","ID_COURSDE":"N9999T0731","ORIGINE1":"SCAN25","BCAE":"oui","ZNT":"oui"},"geometry":{"type":"LineString","coordinates":[[1.79619,49.04618],[1.79582,49.04607],[1.79642,49.04464],[1.79639,49.04394],[1.79647,49.04376],[1.79649,49.04334],[1.79657,49.04324],[1.79664,49.04273],[1.79676,49.04242],[1.7975,49.04168],[1.79815,49.0412],[1.79841,49.04107],[1.79871,49.0412],[1.79881,49.04121],[1.80035,49.04052],[1.80051,49.04048],[1.80045,49.03995],[1.80198,49.03983],[1.80262,49.03986],[1.80281,49.04006],[1.80456,49.04004],[1.80478,49.03981]]}},
{"type":"Feature","properties":{"NOM":"Sans nom","ETAT":2,"CODE_MODIF":0,"DATE_MODIF":null,"MODIFICATI":null,"RAPPORT_UR":null,"ID_NOM":"N9999","ID_TRONCON":"T0732","ID_COURSDE":"N9999T0732","ORIGINE1":"SCAN25","BCAE":"non","ZNT":"oui"},"geometry":{"type":"LineString","coordinates":[[1.87976,49.02301],[1.87879,49.02275],[1.87666,49.02169],[1.8763,49.02133],[1.87579,49.02093],[1.87519,49.02057],[1.87511,49.02049],[1.8751,49.02012]]}},
{"type":"Feature","properties":{"NOM":"Sans nom","ETAT":2,"CODE_MODIF":0,"DATE_MODIF":null,"MODIFICATI":null,"RAPPORT_UR":null,"ID_NOM":"N9999","ID_TRONCON":"T0733","ID_COURSDE":"N9999T0733","ORIGINE1":"SCAN25","BCAE":"non","ZNT":"oui"},"geometry":{"type":"LineString","coordinates":[[1.88565,49.02572],[1.88547,49.02555],[1.8851,49.02534],[1.88491,49.02509],[1.8845,49.02485],[1.88422,49.02473],[1.88348,49.02456],[1.88273,49.02405],[1.88232,49.02389],[1.88192,49.02376],[1.88179,49.02377],[1.88157,49.02383]]}},
{"type":"Feature","properties":{"NOM":"Sans nom","ETAT":1,"CODE_MODIF":0,"DATE_MODIF":null,"MODIFICATI":null,"RAPPORT_UR":null,"ID_NOM":"N9999","ID_TRONCON":"T0734","ID_COURSDE":"N9999T0734","ORIGINE1":"SCAN25","BCAE":"oui","ZNT":"oui"},"geometry":{"type":"LineString","coordinates":[[1.88884,49.02235],[1.88945,49.02235],[1.8901,49.02224],[1.89102,49.02191],[1.89118,49.0218],[1.89123,49.02172],[1.8912,49.02161]]}},
{"type":"Feature","properties":{"NOM":"Sans nom","ETAT":1,"CODE_MODIF":0,"DATE_MODIF":null,"MODIFICATI":null,"RAPPORT_UR":null,"ID_NOM":"N9999","ID_TRONCON":"T0735","ID_COURSDE":"N9999T0735","ORIGINE1":"SCAN25","BCAE":"oui","ZNT":"oui"},"geometry":{"type":"MultiLineString","coordinates":[[[1.8342,49.03846],[1.83432,49.03831],[1.83488,49.03809],[1.83676,49.03776],[1.83692,49.03829],[1.83796,49.03847]],[[1.83692,49.03829],[1.83706,49.03865]]]}},
{"type":"Feature","properties":{"NOM":"Sans nom","ETAT":1,"CODE_MODIF":0,"DATE_MODIF":null,"MODIFICATI":null,"RAPPORT_UR":null,"ID_NOM":"N9999","ID_TRONCON":"T0736","ID_COURSDE":"N9999T0736","ORIGINE1":"SCAN25","BCAE":"oui","ZNT":"oui"},"geometry":{"type":"LineString","coordinates":[[1.87154,49.04947],[1.87168,49.04908],[1.87164,49.04887],[1.87166,49.04879],[1.87101,49.04866]]}},
{"type":"Feature","properties":{"NOM":"Sans nom","ETAT":1,"CODE_MODIF":0,"DATE_MODIF":null,"MODIFICATI":null,"RAPPORT_UR":null,"ID_NOM":"N9999","ID_TRONCON":"T0737","ID_COURSDE":"N9999T0737","ORIGINE1":"SCAN25","BCAE":"oui","ZNT":"oui"},"geometry":{"type":"LineString","coordinates":[[1.93936,49.05333],[1.94011,49.05348],[1.94023,49.05345]]}},
{"type":"Feature","properties":{"NOM":"Sans nom","ETAT":2,"CODE_MODIF":0,"DATE_MODIF":null,"MODIFICATI":null,"RAPPORT_UR":null,"ID_NOM":"N9999","ID_TRONCON":"T0738","ID_COURSDE":"N9999T0738","ORIGINE1":"SCAN25","BCAE":"non","ZNT":"oui"},"geometry":{"type":"LineString","coordinates":[[1.94409,49.05128],[1.94477,49.05179]]}},
{"type":"Feature","properties":{"NOM":"Sans nom","ETAT":1,"CODE_MODIF":0,"DATE_MODIF":null,"MODIFICATI":null,"RAPPORT_UR":null,"ID_NOM":"N9999","ID_TRONCON":"T0739","ID_COURSDE":"N9999T0739","ORIGINE1":"SCAN25","BCAE":"oui","ZNT":"oui"},"geometry":{"type":"LineString","coordinates":[[1.86655,49.0843],[1.86673,49.08429]]}},
{"type":"Feature","properties":{"NOM":"Sans nom","ETAT":1,"CODE_MODIF":0,"DATE_MODIF":null,"MODIFICATI":null,"RAPPORT_UR":null,"ID_NOM":"N9999","ID_TRONCON":"T0740","ID_COURSDE":"N9999T0740","ORIGINE1":"SCAN25","BCAE":"oui","ZNT":"oui"},"geometry":{"type":"LineString","coordinates":[[2.05579,49.06635],[2.05612,49.06636],[2.05647,49.06621],[2.0568,49.06602],[2.05728,49.06566]]}},
{"type":"Feature","properties":{"NOM":"Sans nom","ETAT":1,"CODE_MODIF":0,"DATE_MODIF":null,"MODIFICATI":null,"RAPPORT_UR":null,"ID_NOM":"N9999","ID_TRONCON":"T0741","ID_COURSDE":"N9999T0741","ORIGINE1":"SCAN25","BCAE":"oui","ZNT":"oui"},"geometry":{"type":"LineString","coordinates":[[2.11212,49.15124],[2.11199,49.15137]]}},
{"type":"Feature","properties":{"NOM":"Sans nom","ETAT":1,"CODE_MODIF":0,"DATE_MODIF":null,"MODIFICATI":null,"RAPPORT_UR":null,"ID_NOM":"N9999","ID_TRONCON":"T0742","ID_COURSDE":"N9999T0742","ORIGINE1":"SCAN25","BCAE":"oui","ZNT":"oui"},"geometry":{"type":"LineString","coordinates":[[2.11091,49.15215],[2.11048,49.15236],[2.11051,49.15346],[2.11046,49.15355]]}},
{"type":"Feature","properties":{"NOM":"Sans nom","ETAT":1,"CODE_MODIF":0,"DATE_MODIF":null,"MODIFICATI":null,"RAPPORT_UR":null,"ID_NOM":"N9999","ID_TRONCON":"T0743","ID_COURSDE":"N9999T0743","ORIGINE1":"SCAN25","BCAE":"oui","ZNT":"oui"},"geometry":{"type":"LineString","coordinates":[[2.11251,49.15711],[2.11136,49.15566]]}},
{"type":"Feature","properties":{"NOM":"Sans nom","ETAT":1,"CODE_MODIF":0,"DATE_MODIF":null,"MODIFICATI":null,"RAPPORT_UR":null,"ID_NOM":"N9999","ID_TRONCON":"T0744","ID_COURSDE":"N9999T0744","ORIGINE1":"SCAN25","BCAE":"oui","ZNT":"oui"},"geometry":{"type":"MultiLineString","coordinates":[[[2.11128,49.14252],[2.11089,49.14251],[2.1104,49.14276],[2.11008,49.14285],[2.10926,49.14294],[2.10839,49.14296],[2.1047,49.14399],[2.1037,49.14405],[2.10226,49.14397],[2.10193,49.14399],[2.10144,49.14391],[2.10127,49.14392],[2.10094,49.144],[2.10086,49.14399],[2.10077,49.14385],[2.10069,49.14291],[2.10064,49.14286],[2.10056,49.14285],[2.0998,49.14297],[2.09962,49.14305],[2.09955,49.14317],[2.09974,49.14405],[2.09971,49.14411],[2.09961,49.14416],[2.09947,49.14416],[2.09938,49.14413]],[[2.08798,49.1448],[2.08824,49.14492],[2.08913,49.14503],[2.09014,49.14509],[2.0916,49.14508],[2.09191,49.145],[2.09336,49.14499],[2.09677,49.14438],[2.09737,49.14432],[2.09859,49.14426],[2.099,49.14422],[2.0992,49.14422],[2.09938,49.14413],[2.09926,49.14331],[2.09905,49.14318],[2.09879,49.14318],[2.09857,49.14321],[2.09845,49.14331],[2.09846,49.14427]]]}},
{"type":"Feature","properties":{"NOM":"Sans nom","ETAT":1,"CODE_MODIF":0,"DATE_MODIF":null,"MODIFICATI":null,"RAPPORT_UR":null,"ID_NOM":"N9999","ID_TRONCON":"T0745","ID_COURSDE":"N9999T0745","ORIGINE1":"SCAN25","BCAE":"oui","ZNT":"oui"},"geometry":{"type":"LineString","coordinates":[[2.07841,49.14417],[2.07861,49.14411],[2.07893,49.14411],[2.07934,49.14433],[2.08021,49.14448],[2.08055,49.1444],[2.08065,49.14451],[2.08106,49.14461],[2.08114,49.14485],[2.08121,49.14488],[2.08149,49.14493],[2.08173,49.14486],[2.08184,49.14477],[2.08192,49.14477],[2.08218,49.14483],[2.08233,49.14479],[2.08246,49.1449]]}},
{"type":"Feature","properties":{"NOM":"Sans nom","ETAT":2,"CODE_MODIF":0,"DATE_MODIF":null,"MODIFICATI":null,"RAPPORT_UR":null,"ID_NOM":"N9999","ID_TRONCON":"T0746","ID_COURSDE":"N9999T0746","ORIGINE1":"SCAN25","BCAE":"non","ZNT":"oui"},"geometry":{"type":"MultiLineString","coordinates":[[[2.05824,49.15332],[2.05838,49.15325],[2.0581,49.15325]],[[2.05838,49.15325],[2.05856,49.15323]]]}},
{"type":"Feature","properties":{"NOM":"Sans nom","ETAT":0,"CODE_MODIF":6,"DATE_MODIF":"2015-01-02","MODIFICATI":"FOSSÉ","RAPPORT_UR":null,"ID_NOM":"N9999","ID_TRONCON":"T0747","ID_COURSDE":"N9999T0747","ORIGINE1":"TERRAIN","BCAE":"non","ZNT":"non"},"geometry":{"type":"LineString","coordinates":[[2.01871,49.1493],[2.01833,49.14937],[2.01806,49.14939],[2.01768,49.14935],[2.01689,49.14967],[2.01668,49.14982],[2.01633,49.14991],[2.01554,49.15034],[2.01522,49.15042]]}},
{"type":"Feature","properties":{"NOM":"Sans nom","ETAT":0,"CODE_MODIF":6,"DATE_MODIF":"2015-01-02","MODIFICATI":"FOSSÉ","RAPPORT_UR":null,"ID_NOM":"N9999","ID_TRONCON":"T0748","ID_COURSDE":"N9999T0748","ORIGINE1":"TERRAIN","BCAE":"non","ZNT":"non"},"geometry":{"type":"LineString","coordinates":[[2.01253,49.15582],[2.0126,49.15619]]}},
{"type":"Feature","properties":{"NOM":"Sans nom","ETAT":0,"CODE_MODIF":6,"DATE_MODIF":"2015-01-02","MODIFICATI":"SUPPRESSION","RAPPORT_UR":null,"ID_NOM":"N9999","ID_TRONCON":"T0749","ID_COURSDE":"N9999T0749","ORIGINE1":"TERRAIN","BCAE":"non","ZNT":"non"},"geometry":{"type":"LineString","coordinates":[[2.00652,49.17028],[2.00603,49.17051],[2.00595,49.17068],[2.00591,49.17095],[2.00614,49.17148],[2.00702,49.17269]]}},
{"type":"Feature","properties":{"NOM":"Sans nom","ETAT":2,"CODE_MODIF":0,"DATE_MODIF":null,"MODIFICATI":null,"RAPPORT_UR":null,"ID_NOM":"N9999","ID_TRONCON":"T0750","ID_COURSDE":"N9999T0750","ORIGINE1":"SCAN25","BCAE":"oui","ZNT":"oui"},"geometry":{"type":"LineString","coordinates":[[1.73761,49.06089],[1.73727,49.06097],[1.73703,49.06088],[1.73691,49.0609],[1.73674,49.06099],[1.73663,49.06111],[1.73651,49.06144],[1.7362,49.06157],[1.73557,49.06233],[1.73554,49.06241],[1.73535,49.06255],[1.73317,49.06357],[1.733,49.06362],[1.73257,49.06359],[1.73246,49.06366],[1.73234,49.06394],[1.73257,49.06413],[1.73258,49.06428],[1.7322,49.06532],[1.73146,49.06569]]}},
{"type":"Feature","properties":{"NOM":"Sans nom","ETAT":0,"CODE_MODIF":5,"DATE_MODIF":"2011-01-17","MODIFICATI":"SUPPRESSION","RAPPORT_UR":null,"ID_NOM":"N9999","ID_TRONCON":"T0751","ID_COURSDE":"N9999T0751","ORIGINE1":"TERRAIN","BCAE":"non","ZNT":"non"},"geometry":{"type":"LineString","coordinates":[[1.74535,49.07283],[1.74553,49.07333],[1.74566,49.07424],[1.74589,49.07478],[1.74597,49.07543],[1.74624,49.07572],[1.74628,49.07609],[1.74647,49.07639],[1.74647,49.07647],[1.74656,49.07652],[1.74671,49.07674],[1.74698,49.07692],[1.74722,49.077],[1.74702,49.07719],[1.74852,49.07809]]}},
{"type":"Feature","properties":{"NOM":"Sans nom","ETAT":2,"CODE_MODIF":0,"DATE_MODIF":null,"MODIFICATI":null,"RAPPORT_UR":null,"ID_NOM":"N9999","ID_TRONCON":"T0752","ID_COURSDE":"N9999T0752","ORIGINE1":"SCAN25","BCAE":"non","ZNT":"oui"},"geometry":{"type":"LineString","coordinates":[[1.67582,49.13064],[1.67642,49.13076],[1.67679,49.13091],[1.67775,49.13111],[1.67831,49.13117],[1.67881,49.13126],[1.67928,49.13125]]}},
{"type":"Feature","properties":{"NOM":"Sans nom","ETAT":1,"CODE_MODIF":0,"DATE_MODIF":null,"MODIFICATI":null,"RAPPORT_UR":null,"ID_NOM":"N9999","ID_TRONCON":"T0753","ID_COURSDE":"N9999T0753","ORIGINE1":"SCAN25","BCAE":"oui","ZNT":"oui"},"geometry":{"type":"LineString","coordinates":[[1.75384,49.12443],[1.75399,49.12433],[1.75436,49.12419],[1.75465,49.124]]}},
{"type":"Feature","properties":{"NOM":"Sans nom","ETAT":2,"CODE_MODIF":0,"DATE_MODIF":null,"MODIFICATI":null,"RAPPORT_UR":null,"ID_NOM":"N9999","ID_TRONCON":"T0754","ID_COURSDE":"N9999T0754","ORIGINE1":"SCAN25","BCAE":"non","ZNT":"oui"},"geometry":{"type":"LineString","coordinates":[[1.83415,49.16318],[1.83406,49.16312],[1.834,49.16283]]}},
{"type":"Feature","properties":{"NOM":"Sans nom","ETAT":0,"CODE_MODIF":6,"DATE_MODIF":"2015-05-13","MODIFICATI":"FOSSÉ","RAPPORT_UR":null,"ID_NOM":"N9999","ID_TRONCON":"T0755","ID_COURSDE":"N9999T0755","ORIGINE1":"TERRAIN","BCAE":"non","ZNT":"non"},"geometry":{"type":"LineString","coordinates":[[1.66382,49.15444],[1.66399,49.15454],[1.66768,49.15423],[1.6678,49.15486],[1.66799,49.1552],[1.66855,49.15586],[1.66853,49.15599],[1.66866,49.15632],[1.66886,49.15666],[1.67023,49.15824],[1.67088,49.15869],[1.6712,49.1591],[1.67135,49.1597],[1.67188,49.16033],[1.67218,49.16085],[1.67129,49.16106],[1.67133,49.16123],[1.67221,49.16192],[1.67286,49.16293],[1.67327,49.16387]]}},
{"type":"Feature","properties":{"NOM":"Sans nom","ETAT":2,"CODE_MODIF":0,"DATE_MODIF":null,"MODIFICATI":null,"RAPPORT_UR":null,"ID_NOM":"N9999","ID_TRONCON":"T0756","ID_COURSDE":"N9999T0756","ORIGINE1":"SCAN25","BCAE":"non","ZNT":"oui"},"geometry":{"type":"LineString","coordinates":[[1.6803,49.21215],[1.68015,49.21212],[1.67792,49.21232],[1.67785,49.21217]]}},
{"type":"Feature","properties":{"NOM":"Sans nom","ETAT":2,"CODE_MODIF":0,"DATE_MODIF":null,"MODIFICATI":null,"RAPPORT_UR":null,"ID_NOM":"N9999","ID_TRONCON":"T0757","ID_COURSDE":"N9999T0757","ORIGINE1":"SCAN25","BCAE":"non","ZNT":"oui"},"geometry":{"type":"LineString","coordinates":[[2.16828,49.1365],[2.16797,49.13664],[2.16679,49.1359],[2.16697,49.13553],[2.16697,49.13538],[2.1677,49.13524],[2.16792,49.1347],[2.16823,49.13436],[2.16826,49.13423],[2.16819,49.13398],[2.16836,49.13381],[2.16837,49.13348],[2.16846,49.13345],[2.16849,49.13341],[2.16855,49.13307],[2.16864,49.13303],[2.16878,49.13303]]}},
{"type":"Feature","properties":{"NOM":"Sans nom","ETAT":2,"CODE_MODIF":0,"DATE_MODIF":null,"MODIFICATI":null,"RAPPORT_UR":null,"ID_NOM":"N9999","ID_TRONCON":"T0758","ID_COURSDE":"N9999T0758","ORIGINE1":"SCAN25","BCAE":"non","ZNT":"oui"},"geometry":{"type":"LineString","coordinates":[[2.16895,49.13656],[2.16854,49.13655],[2.16828,49.1365]]}},
{"type":"Feature","properties":{"NOM":"Sans nom","ETAT":1,"CODE_MODIF":0,"DATE_MODIF":null,"MODIFICATI":null,"RAPPORT_UR":null,"ID_NOM":"N9999","ID_TRONCON":"T0759","ID_COURSDE":"N9999T0759","ORIGINE1":"SCAN25","BCAE":"oui","ZNT":"oui"},"geometry":{"type":"LineString","coordinates":[[2.11725,49.04785],[2.11446,49.04756],[2.11386,49.04757],[2.11349,49.04742],[2.11183,49.04816],[2.11075,49.04873],[2.11051,49.04894],[2.10969,49.04997],[2.10967,49.05006],[2.10987,49.0504],[2.10984,49.05045]]}},
{"type":"Feature","properties":{"NOM":"Sans nom","ETAT":1,"CODE_MODIF":0,"DATE_MODIF":null,"MODIFICATI":null,"RAPPORT_UR":null,"ID_NOM":"N9999","ID_TRONCON":"T0760","ID_COURSDE":"N9999T0760","ORIGINE1":"SCAN25","BCAE":"oui","ZNT":"oui"},"geometry":{"type":"LineString","coordinates":[[2.12498,49.04273],[2.12501,49.04293],[2.12588,49.0429],[2.12592,49.04288],[2.12593,49.0427]]}},
{"type":"Feature","properties":{"NOM":"Sans nom","ETAT":1,"CODE_MODIF":0,"DATE_MODIF":null,"MODIFICATI":null,"RAPPORT_UR":null,"ID_NOM":"N9999","ID_TRONCON":"T0761","ID_COURSDE":"N9999T0761","ORIGINE1":"SCAN25","BCAE":"oui","ZNT":"oui"},"geometry":{"type":"MultiLineString","coordinates":[[[2.14931,49.06539],[2.14896,49.06479],[2.14592,49.06306],[2.14519,49.06251],[2.14521,49.06168],[2.14513,49.06099],[2.14589,49.05928],[2.14631,49.05822],[2.14642,49.05706],[2.14657,49.05683],[2.1466,49.05669],[2.14695,49.05371],[2.14676,49.05352],[2.14681,49.05279],[2.14716,49.05203],[2.14752,49.05195],[2.14844,49.05205]],[[2.14797,49.05199],[2.148,49.05179],[2.14796,49.05129],[2.14711,49.0511],[2.14708,49.05091],[2.14725,49.05037],[2.14725,49.05021],[2.14747,49.04918]]]}},
{"type":"Feature","properties":{"NOM":"Sans nom","ETAT":1,"CODE_MODIF":0,"DATE_MODIF":null,"MODIFICATI":null,"RAPPORT_UR":null,"ID_NOM":"N9999","ID_TRONCON":"T0762","ID_COURSDE":"N9999T0762","ORIGINE1":"SCAN25","BCAE":"oui","ZNT":"oui"},"geometry":{"type":"LineString","coordinates":[[2.20381,49.08119],[2.20272,49.07964],[2.20257,49.07949],[2.20231,49.07937],[2.20212,49.0792],[2.20058,49.07753],[2.20022,49.07741],[2.19999,49.0774],[2.1998,49.07744],[2.19952,49.07754],[2.19915,49.07757],[2.19862,49.07771]]}},
{"type":"Feature","properties":{"NOM":"Sans nom","ETAT":2,"CODE_MODIF":0,"DATE_MODIF":null,"MODIFICATI":null,"RAPPORT_UR":null,"ID_NOM":"N9999","ID_TRONCON":"T0763","ID_COURSDE":"N9999T0763","ORIGINE1":"SCAN25","BCAE":"non","ZNT":"oui"},"geometry":{"type":"LineString","coordinates":[[2.31168,49.04107],[2.31167,49.04123],[2.31176,49.04133],[2.31227,49.04165],[2.3126,49.04191],[2.31336,49.04288],[2.31411,49.04366],[2.31433,49.04397],[2.3145,49.04409],[2.31437,49.0441],[2.31403,49.04422],[2.31476,49.04476],[2.315,49.0449],[2.31522,49.04512],[2.31566,49.04609],[2.31517,49.04616],[2.31523,49.04626],[2.31585,49.04711],[2.31774,49.04905],[2.31711,49.04933],[2.31711,49.04942]]}},
{"type":"Feature","properties":{"NOM":"Sans nom","ETAT":2,"CODE_MODIF":0,"DATE_MODIF":null,"MODIFICATI":null,"RAPPORT_UR":null,"ID_NOM":"N9999","ID_TRONCON":"T0764","ID_COURSDE":"N9999T0764","ORIGINE1":"SCAN25","BCAE":"non","ZNT":"oui"},"geometry":{"type":"LineString","coordinates":[[2.30701,49.04682],[2.30672,49.04595],[2.30666,49.04593],[2.30646,49.04559],[2.30635,49.0453],[2.3062,49.04506],[2.30618,49.04486],[2.30477,49.04415],[2.30242,49.04313],[2.30218,49.04283],[2.30234,49.04268],[2.3023,49.04258],[2.30215,49.04242],[2.30201,49.04233],[2.30196,49.04225],[2.30191,49.04177],[2.30195,49.04135],[2.30191,49.04119],[2.30141,49.04076],[2.30109,49.04035],[2.30093,49.04009],[2.30095,49.03987],[2.30093,49.03978],[2.3008,49.03964],[2.30075,49.03947],[2.30059,49.03936],[2.30038,49.03929],[2.30024,49.03916],[2.30021,49.03901],[2.29986,49.03853],[2.29983,49.03799],[2.29961,49.03783]]}},
{"type":"Feature","properties":{"NOM":"Sans nom","ETAT":2,"CODE_MODIF":0,"DATE_MODIF":null,"MODIFICATI":null,"RAPPORT_UR":null,"ID_NOM":"N9999","ID_TRONCON":"T0765","ID_COURSDE":"N9999T0765","ORIGINE1":"SCAN25","BCAE":"non","ZNT":"oui"},"geometry":{"type":"LineString","coordinates":[[1.94545,49.13305],[1.9454,49.13278],[1.94526,49.13256],[1.94506,49.13242],[1.94483,49.13239]]}},
{"type":"Feature","properties":{"NOM":"Sans nom","ETAT":0,"CODE_MODIF":5,"DATE_MODIF":"2010-07-30","MODIFICATI":"SUPPRESSION","RAPPORT_UR":"\\\\Sbl95-03\\gb_cons\\EAU\\N_MASSE_EAU\\L_COURS_DEAU_L_095\\N9999T0766.doc","ID_NOM":"N9999","ID_TRONCON":"T0766","ID_COURSDE":"N9999T0766","ORIGINE1":"TERRAIN","BCAE":"non","ZNT":"non"},"geometry":{"type":"MultiLineString","coordinates":[[[1.95065,49.12314],[1.95257,49.12391],[1.95292,49.12391],[1.95044,49.1229]],[[1.95381,49.12451],[1.95339,49.12431],[1.9533,49.124],[1.95306,49.12397],[1.95292,49.12391]],[[1.95384,49.12387],[1.95379,49.12375],[1.95311,49.12358],[1.9533,49.124]]]}},
{"type":"Feature","properties":{"NOM":"Sans nom","ETAT":2,"CODE_MODIF":0,"DATE_MODIF":null,"MODIFICATI":null,"RAPPORT_UR":null,"ID_NOM":"N9999","ID_TRONCON":"T0767","ID_COURSDE":"N9999T0767","ORIGINE1":"SCAN25","BCAE":"non","ZNT":"oui"},"geometry":{"type":"LineString","coordinates":[[1.94705,49.1449],[1.94678,49.14504],[1.94387,49.14525],[1.94275,49.14539],[1.94047,49.14549],[1.93998,49.14556]]}},
{"type":"Feature","properties":{"NOM":"Sans nom","ETAT":2,"CODE_MODIF":0,"DATE_MODIF":null,"MODIFICATI":null,"RAPPORT_UR":null,"ID_NOM":"N9999","ID_TRONCON":"T0768","ID_COURSDE":"N9999T0768","ORIGINE1":"SCAN25","BCAE":"non","ZNT":"oui"},"geometry":{"type":"LineString","coordinates":[[2.00583,49.18837],[2.0058,49.18814],[2.00596,49.18772],[2.00604,49.18727],[2.00604,49.18608],[2.00564,49.18578],[2.0055,49.18545],[2.00553,49.18515]]}},
{"type":"Feature","properties":{"NOM":"Sans nom","ETAT":1,"CODE_MODIF":0,"DATE_MODIF":null,"MODIFICATI":null,"RAPPORT_UR":null,"ID_NOM":"N9999","ID_TRONCON":"T0769","ID_COURSDE":"N9999T0769","ORIGINE1":"SCAN25","BCAE":"oui","ZNT":"oui"},"geometry":{"type":"LineString","coordinates":[[1.90789,49.194],[1.90776,49.19419]]}},
{"type":"Feature","properties":{"NOM":"Sans nom","ETAT":1,"CODE_MODIF":0,"DATE_MODIF":null,"MODIFICATI":null,"RAPPORT_UR":null,"ID_NOM":"N9999","ID_TRONCON":"T0770","ID_COURSDE":"N9999T0770","ORIGINE1":"SCAN25","BCAE":"oui","ZNT":"oui"},"geometry":{"type":"LineString","coordinates":[[1.93751,49.14664],[1.93843,49.14639],[1.93845,49.14597],[1.93831,49.14499],[1.93818,49.1449]]}},
{"type":"Feature","properties":{"NOM":"Sans nom","ETAT":1,"CODE_MODIF":0,"DATE_MODIF":null,"MODIFICATI":null,"RAPPORT_UR":null,"ID_NOM":"N9999","ID_TRONCON":"T0771","ID_COURSDE":"N9999T0771","ORIGINE1":"SCAN25","BCAE":"oui","ZNT":"oui"},"geometry":{"type":"LineString","coordinates":[[1.93707,49.14483],[1.93747,49.14429],[1.93741,49.14421]]}},
{"type":"Feature","properties":{"NOM":"Sans nom","ETAT":1,"CODE_MODIF":0,"DATE_MODIF":null,"MODIFICATI":null,"RAPPORT_UR":null,"ID_NOM":"N9999","ID_TRONCON":"T0772","ID_COURSDE":"N9999T0772","ORIGINE1":"SCAN25","BCAE":"oui","ZNT":"oui"},"geometry":{"type":"LineString","coordinates":[[2.03108,49.07413],[2.03081,49.07398]]}},
{"type":"Feature","properties":{"NOM":"Sans nom","ETAT":1,"CODE_MODIF":0,"DATE_MODIF":null,"MODIFICATI":null,"RAPPORT_UR":null,"ID_NOM":"N9999","ID_TRONCON":"T0773","ID_COURSDE":"N9999T0773","ORIGINE1":"SCAN25","BCAE":"oui","ZNT":"oui"},"geometry":{"type":"LineString","coordinates":[[2.05817,49.06434],[2.05837,49.06428],[2.0592,49.06463]]}},
{"type":"Feature","properties":{"NOM":"Sans nom","ETAT":1,"CODE_MODIF":0,"DATE_MODIF":null,"MODIFICATI":null,"RAPPORT_UR":null,"ID_NOM":"N9999","ID_TRONCON":"T0774","ID_COURSDE":"N9999T0774","ORIGINE1":"SCAN25","BCAE":"oui","ZNT":"oui"},"geometry":{"type":"LineString","coordinates":[[1.72526,49.14765],[1.72711,49.14792],[1.72843,49.14807]]}},
{"type":"Feature","properties":{"NOM":"Sans nom","ETAT":2,"CODE_MODIF":0,"DATE_MODIF":null,"MODIFICATI":null,"RAPPORT_UR":null,"ID_NOM":"N9999","ID_TRONCON":"T0775","ID_COURSDE":"N9999T0775","ORIGINE1":"SCAN25","BCAE":"oui","ZNT":"oui"},"geometry":{"type":"LineString","coordinates":[[1.72068,49.05303],[1.7198,49.05402],[1.71957,49.05433],[1.71946,49.05462],[1.71946,49.05481],[1.71973,49.05602],[1.71991,49.05645],[1.71989,49.05665],[1.71976,49.05686],[1.71974,49.05711],[1.7199,49.05763],[1.71999,49.05853],[1.72008,49.05882]]}},
{"type":"Feature","properties":{"NOM":"Sans nom","ETAT":1,"CODE_MODIF":1,"DATE_MODIF":"2010-07-21","MODIFICATI":"ETAT 2 EN 1","RAPPORT_UR":null,"ID_NOM":"N9999","ID_TRONCON":"T0776","ID_COURSDE":"N9999T0776","ORIGINE1":"TERRAIN","BCAE":"oui","ZNT":"oui"},"geometry":{"type":"MultiLineString","coordinates":[[[2.16716,49.13066],[2.16759,49.13098],[2.16778,49.13106],[2.16789,49.1312],[2.16813,49.13122],[2.1687,49.13175],[2.16947,49.13234],[2.16945,49.13256],[2.16936,49.13262],[2.16912,49.13266],[2.16904,49.13282],[2.16885,49.13291],[2.16878,49.13303],[2.16923,49.13316],[2.1693,49.13361],[2.16944,49.13387],[2.16987,49.13446],[2.16989,49.13455],[2.16968,49.1346],[2.16945,49.13492],[2.17059,49.13578],[2.17054,49.13584],[2.17028,49.13595],[2.16988,49.13627],[2.16971,49.13634],[2.16955,49.13652],[2.1696,49.13698],[2.16972,49.13709],[2.16978,49.13724],[2.17025,49.13734],[2.17101,49.13741],[2.17128,49.13752],[2.17244,49.1379],[2.17344,49.13801],[2.17367,49.13807],[2.17398,49.1382],[2.1747,49.1385],[2.17485,49.13865],[2.17524,49.13927],[2.17528,49.13941],[2.17514,49.13975],[2.17693,49.14058],[2.17791,49.14079],[2.17875,49.14114],[2.17963,49.14137]],[[2.17441,49.14786],[2.17428,49.14774],[2.17396,49.14755],[2.1739,49.14756],[2.17339,49.14731],[2.17319,49.14714],[2.17282,49.14663],[2.17269,49.14566],[2.17261,49.14548],[2.17231,49.14395],[2.17217,49.1436],[2.17218,49.14343],[2.17233,49.14295],[2.17295,49.14222],[2.17305,49.14199],[2.17308,49.14167],[2.17338,49.14125],[2.17353,49.14095],[2.17364,49.14089],[2.17379,49.14088],[2.17468,49.14043],[2.17494,49.14014],[2.17514,49.13975]]]}},
{"type":"Feature","properties":{"NOM":"Sans nom","ETAT":2,"CODE_MODIF":0,"DATE_MODIF":null,"MODIFICATI":null,"RAPPORT_UR":null,"ID_NOM":"N9999","ID_TRONCON":"T0777","ID_COURSDE":"N9999T0777","ORIGINE1":"SCAN25","BCAE":"non","ZNT":"oui"},"geometry":{"type":"LineString","coordinates":[[1.92367,49.19092],[1.92421,49.1912],[1.92601,49.19158],[1.92709,49.19211],[1.92762,49.19225],[1.92892,49.19232],[1.93,49.19257],[1.93047,49.19276],[1.93089,49.19299],[1.93126,49.19314],[1.9318,49.19314],[1.93231,49.19321],[1.93279,49.19321],[1.9332,49.19325],[1.93339,49.19337]]}},
{"type":"Feature","properties":{"NOM":"Sans nom","ETAT":0,"CODE_MODIF":3,"DATE_MODIF":"2010-07-28","MODIFICATI":"TRACÉ","RAPPORT_UR":null,"ID_NOM":"N9999","ID_TRONCON":"T0778","ID_COURSDE":"N9999T0778","ORIGINE1":"TERRAIN","BCAE":"non","ZNT":"non"},"geometry":{"type":"MultiLineString","coordinates":[[[1.93737,49.14397],[1.93534,49.14367],[1.93509,49.14389],[1.93493,49.14394],[1.93466,49.14412],[1.93239,49.14483],[1.93234,49.14489],[1.93243,49.14525],[1.93196,49.14538],[1.93196,49.14564],[1.93081,49.14601],[1.93006,49.14597],[1.92966,49.14591],[1.92961,49.14585],[1.9296,49.1457],[1.92953,49.14564],[1.92941,49.14553],[1.92924,49.14539]],[[1.93239,49.14483],[1.92953,49.14564],[1.92839,49.14596],[1.92766,49.1459],[1.92528,49.14635]]]}},
{"type":"Feature","properties":{"NOM":"Sans nom","ETAT":1,"CODE_MODIF":0,"DATE_MODIF":null,"MODIFICATI":null,"RAPPORT_UR":null,"ID_NOM":"N9999","ID_TRONCON":"T0779","ID_COURSDE":"N9999T0779","ORIGINE1":"SCAN25","BCAE":"oui","ZNT":"oui"},"geometry":{"type":"LineString","coordinates":[[1.71706,49.07155],[1.7169,49.07141],[1.71688,49.07129],[1.71693,49.07117],[1.71727,49.07065],[1.71737,49.07034],[1.71735,49.0698],[1.71718,49.06899],[1.71701,49.06859],[1.71699,49.06779],[1.71706,49.0672],[1.71725,49.06689],[1.71744,49.06674],[1.71739,49.06646],[1.71721,49.06632]]}},
{"type":"Feature","properties":{"NOM":"Sans nom","ETAT":1,"CODE_MODIF":0,"DATE_MODIF":null,"MODIFICATI":null,"RAPPORT_UR":null,"ID_NOM":"N9999","ID_TRONCON":"T0780","ID_COURSDE":"N9999T0780","ORIGINE1":"SCAN25","BCAE":"oui","ZNT":"oui"},"geometry":{"type":"LineString","coordinates":[[1.71371,49.14264],[1.71377,49.14323],[1.71396,49.14341],[1.71403,49.14376],[1.714,49.14426],[1.71404,49.14447],[1.71428,49.14491],[1.71431,49.14507],[1.71426,49.14523],[1.7148,49.14591],[1.71527,49.14643],[1.71547,49.1466],[1.71588,49.14788]]}},
{"type":"Feature","properties":{"NOM":"Sans nom","ETAT":1,"CODE_MODIF":0,"DATE_MODIF":null,"MODIFICATI":null,"RAPPORT_UR":null,"ID_NOM":"N9999","ID_TRONCON":"T0781","ID_COURSDE":"N9999T0781","ORIGINE1":"SCAN25","BCAE":"oui","ZNT":"oui"},"geometry":{"type":"LineString","coordinates":[[1.94596,49.04101],[1.94676,49.04126],[1.94701,49.04141],[1.94763,49.04157],[1.94769,49.04168],[1.94763,49.04213],[1.94754,49.04208],[1.94748,49.04208],[1.94737,49.0421],[1.94722,49.04217],[1.94704,49.04244],[1.94667,49.04269],[1.94659,49.0429],[1.94637,49.04308],[1.94629,49.04321]]}},
{"type":"Feature","properties":{"NOM":"Sans nom","ETAT":1,"CODE_MODIF":0,"DATE_MODIF":null,"MODIFICATI":null,"RAPPORT_UR":null,"ID_NOM":"N9999","ID_TRONCON":"T0782","ID_COURSDE":"N9999T0782","ORIGINE1":"SCAN25","BCAE":"oui","ZNT":"oui"},"geometry":{"type":"LineString","coordinates":[[1.94659,49.0429],[1.94678,49.04287],[1.94691,49.0428],[1.94729,49.04252],[1.94756,49.04226],[1.94763,49.04213]]}},
{"type":"Feature","properties":{"NOM":"Sans nom","ETAT":1,"CODE_MODIF":0,"DATE_MODIF":null,"MODIFICATI":null,"RAPPORT_UR":null,"ID_NOM":"N9999","ID_TRONCON":"T0783","ID_COURSDE":"N9999T0783","ORIGINE1":"SCAN25","BCAE":"oui","ZNT":"oui"},"geometry":{"type":"LineString","coordinates":[[1.93663,49.03031],[1.93686,49.03004],[1.93716,49.02984],[1.93743,49.02979]]}},
{"type":"Feature","properties":{"NOM":"Sans nom","ETAT":1,"CODE_MODIF":0,"DATE_MODIF":null,"MODIFICATI":null,"RAPPORT_UR":null,"ID_NOM":"N9999","ID_TRONCON":"T0784","ID_COURSDE":"N9999T0784","ORIGINE1":"SCAN25","BCAE":"oui","ZNT":"oui"},"geometry":{"type":"LineString","coordinates":[[1.94023,49.05345],[1.94034,49.05342]]}},
{"type":"Feature","properties":{"NOM":"Sans nom","ETAT":1,"CODE_MODIF":0,"DATE_MODIF":null,"MODIFICATI":null,"RAPPORT_UR":null,"ID_NOM":"N9999","ID_TRONCON":"T0785","ID_COURSDE":"N9999T0785","ORIGINE1":"SCAN25","BCAE":"oui","ZNT":"oui"},"geometry":{"type":"LineString","coordinates":[[1.92063,49.18826],[1.92083,49.18836]]}},
{"type":"Feature","properties":{"NOM":"Sans nom","ETAT":1,"CODE_MODIF":0,"DATE_MODIF":null,"MODIFICATI":null,"RAPPORT_UR":null,"ID_NOM":"N9999","ID_TRONCON":"T0787","ID_COURSDE":"N9999T0787","ORIGINE1":"SCAN25","BCAE":"oui","ZNT":"oui"},"geometry":{"type":"LineString","coordinates":[[2.11128,49.14252],[2.11093,49.14265],[2.11073,49.14279],[2.11056,49.14317],[2.11047,49.14324],[2.10895,49.1435]]}},
{"type":"Feature","properties":{"NOM":"Sans nom","ETAT":2,"CODE_MODIF":0,"DATE_MODIF":null,"MODIFICATI":null,"RAPPORT_UR":null,"ID_NOM":"N9999","ID_TRONCON":"T0788","ID_COURSDE":"N9999T0788","ORIGINE1":"SCAN25","BCAE":"non","ZNT":"oui"},"geometry":{"type":"LineString","coordinates":[[1.93881,49.12602],[1.93902,49.1256],[1.93889,49.1246]]}},
{"type":"Feature","properties":{"NOM":"Sans nom","ETAT":1,"CODE_MODIF":0,"DATE_MODIF":null,"MODIFICATI":null,"RAPPORT_UR":null,"ID_NOM":"N9999","ID_TRONCON":"T0789","ID_COURSDE":"N9999T0789","ORIGINE1":"SCAN25","BCAE":"oui","ZNT":"oui"},"geometry":{"type":"MultiLineString","coordinates":[[[1.96521,49.12062],[1.96456,49.12029],[1.96139,49.12025],[1.96019,49.12029],[1.95934,49.12027],[1.95843,49.12018],[1.95729,49.11989],[1.95621,49.11955],[1.95537,49.11922],[1.95402,49.11856],[1.9538,49.11849],[1.95352,49.11848],[1.9533,49.11836]],[[1.95527,49.11791],[1.95539,49.11804],[1.95651,49.11856],[1.95691,49.11872],[1.95726,49.11881],[1.95802,49.11891],[1.95855,49.11902],[1.95868,49.11891],[1.95876,49.11888],[1.95903,49.11899],[1.96101,49.11926],[1.96173,49.11928],[1.96281,49.11938],[1.96429,49.11974],[1.96478,49.11991],[1.96533,49.12],[1.96563,49.1201],[1.96611,49.12033]]]}},
{"type":"Feature","properties":{"NOM":"Sans nom","ETAT":2,"CODE_MODIF":0,"DATE_MODIF":null,"MODIFICATI":null,"RAPPORT_UR":null,"ID_NOM":"N9999","ID_TRONCON":"T0791","ID_COURSDE":"N9999T0791","ORIGINE1":"SCAN25","BCAE":"non","ZNT":"oui"},"geometry":{"type":"MultiLineString","coordinates":[[[2.09179,49.13678],[2.09172,49.13656],[2.0917,49.13599],[2.0916,49.13579],[2.09131,49.13546],[2.09124,49.1352],[2.09125,49.13499],[2.09141,49.13453],[2.09129,49.13387],[2.09129,49.13364],[2.09136,49.13356]],[[2.09699,49.1416],[2.09825,49.143]]]}},
{"type":"Feature","properties":{"NOM":"Sans nom","ETAT":1,"CODE_MODIF":0,"DATE_MODIF":null,"MODIFICATI":null,"RAPPORT_UR":null,"ID_NOM":"N9999","ID_TRONCON":"T0792","ID_COURSDE":"N9999T0792","ORIGINE1":"SCAN25","BCAE":"oui","ZNT":"oui"},"geometry":{"type":"LineString","coordinates":[[2.14883,49.13856],[2.1486,49.13856],[2.14861,49.13834],[2.14459,49.13804],[2.14455,49.13823]]}},
{"type":"Feature","properties":{"NOM":"Sans nom","ETAT":1,"CODE_MODIF":0,"DATE_MODIF":null,"MODIFICATI":null,"RAPPORT_UR":null,"ID_NOM":"N9999","ID_TRONCON":"T0793","ID_COURSDE":"N9999T0793","ORIGINE1":"SCAN25","BCAE":"oui","ZNT":"oui"},"geometry":{"type":"LineString","coordinates":[[2.13649,49.13501],[2.13251,49.13436],[2.13185,49.13435],[2.1315,49.13428],[2.13122,49.13417],[2.13077,49.13392],[2.12983,49.13331],[2.12965,49.13317]]}},
{"type":"Feature","properties":{"NOM":"Sans nom","ETAT":0,"CODE_MODIF":6,"DATE_MODIF":"2015-01-02","MODIFICATI":"SUPPRESSION","RAPPORT_UR":null,"ID_NOM":"N9999","ID_TRONCON":"T0794","ID_COURSDE":"N9999T0794","ORIGINE1":"TERRAIN","BCAE":"non","ZNT":"non"},"geometry":{"type":"LineString","coordinates":[[2.00557,49.16035],[2.00593,49.15934],[2.0059,49.15923]]}},
{"type":"Feature","properties":{"NOM":"Sans nom","ETAT":0,"CODE_MODIF":6,"DATE_MODIF":"2015-01-02","MODIFICATI":"FOSSÉ","RAPPORT_UR":null,"ID_NOM":"N9999","ID_TRONCON":"T0795","ID_COURSDE":"N9999T0795","ORIGINE1":"TERRAIN","BCAE":"non","ZNT":"non"},"geometry":{"type":"LineString","coordinates":[[2.01692,49.14846],[2.01859,49.14922],[2.01871,49.1493]]}},
{"type":"Feature","properties":{"NOM":"Sans nom","ETAT":0,"CODE_MODIF":6,"DATE_MODIF":"2015-01-02","MODIFICATI":"FOSSÉ","RAPPORT_UR":null,"ID_NOM":"N9999","ID_TRONCON":"T0796","ID_COURSDE":"N9999T0796","ORIGINE1":"TERRAIN","BCAE":"non","ZNT":"non"},"geometry":{"type":"LineString","coordinates":[[2.02765,49.14786],[2.02847,49.14856],[2.02904,49.14896],[2.03013,49.15027],[2.03035,49.15061]]}},
{"type":"Feature","properties":{"NOM":"Sans nom","ETAT":0,"CODE_MODIF":6,"DATE_MODIF":"2015-01-02","MODIFICATI":"SUPPRESSION","RAPPORT_UR":null,"ID_NOM":"N9999","ID_TRONCON":"T0797","ID_COURSDE":"N9999T0797","ORIGINE1":"TERRAIN","BCAE":"non","ZNT":"non"},"geometry":{"type":"LineString","coordinates":[[2.00652,49.17028],[2.00645,49.16946],[2.00665,49.16922]]}},
{"type":"Feature","properties":{"NOM":"Sans nom","ETAT":1,"CODE_MODIF":0,"DATE_MODIF":null,"MODIFICATI":null,"RAPPORT_UR":null,"ID_NOM":"N9999","ID_TRONCON":"T0798","ID_COURSDE":"N9999T0798","ORIGINE1":"SCAN25","BCAE":"oui","ZNT":"oui"},"geometry":{"type":"LineString","coordinates":[[2.14348,49.1367],[2.14341,49.13682],[2.14329,49.13719]]}},
{"type":"Feature","properties":{"NOM":"Sans nom","ETAT":2,"CODE_MODIF":0,"DATE_MODIF":null,"MODIFICATI":null,"RAPPORT_UR":null,"ID_NOM":"N9999","ID_TRONCON":"T0799","ID_COURSDE":"N9999T0799","ORIGINE1":"SCAN25","BCAE":"non","ZNT":"oui"},"geometry":{"type":"LineString","coordinates":[[1.86454,49.0215],[1.86396,49.02184]]}},
{"type":"Feature","properties":{"NOM":"Sans nom","ETAT":2,"CODE_MODIF":0,"DATE_MODIF":null,"MODIFICATI":null,"RAPPORT_UR":null,"ID_NOM":"N9999","ID_TRONCON":"T0800","ID_COURSDE":"N9999T0800","ORIGINE1":"SCAN25","BCAE":"non","ZNT":"oui"},"geometry":{"type":"LineString","coordinates":[[1.87808,49.04696],[1.87701,49.04643],[1.8766,49.04651],[1.87636,49.0465],[1.87599,49.04626],[1.87583,49.04626],[1.8755,49.0462],[1.87484,49.04618],[1.87455,49.04625]]}},
{"type":"Feature","properties":{"NOM":"Sans nom","ETAT":2,"CODE_MODIF":0,"DATE_MODIF":null,"MODIFICATI":null,"RAPPORT_UR":null,"ID_NOM":"N9999","ID_TRONCON":"T0801","ID_COURSDE":"N9999T0801","ORIGINE1":"SCAN25","BCAE":"non","ZNT":"oui"},"geometry":{"type":"LineString","coordinates":[[2.49736,49.04166],[2.49894,49.03896],[2.49889,49.03877],[2.49876,49.03863],[2.49793,49.03798]]}},
{"type":"Feature","properties":{"NOM":"Sans nom","ETAT":2,"CODE_MODIF":0,"DATE_MODIF":null,"MODIFICATI":null,"RAPPORT_UR":null,"ID_NOM":"N9999","ID_TRONCON":"T0802","ID_COURSDE":"N9999T0802","ORIGINE1":"SCAN25","BCAE":"non","ZNT":"oui"},"geometry":{"type":"LineString","coordinates":[[2.47215,49.01578],[2.47213,49.01589],[2.47193,49.01611],[2.47208,49.01646],[2.47245,49.01694],[2.47257,49.01737],[2.47254,49.01768],[2.47258,49.01795],[2.47277,49.01821],[2.47302,49.01835],[2.4734,49.01848],[2.4753,49.01891]]}},
{"type":"Feature","properties":{"NOM":"Sans nom","ETAT":0,"CODE_MODIF":5,"DATE_MODIF":"2015-05-11","MODIFICATI":"SUPPRESSION","RAPPORT_UR":null,"ID_NOM":"N9999","ID_TRONCON":"T0803","ID_COURSDE":"N9999T0803","ORIGINE1":"TERRAIN","BCAE":"non","ZNT":"non"},"geometry":{"type":"LineString","coordinates":[[2.48619,49.03504],[2.48501,49.03428]]}},
{"type":"Feature","properties":{"NOM":"Sans nom","ETAT":0,"CODE_MODIF":6,"DATE_MODIF":"2015-01-01","MODIFICATI":"FOSSÉ","RAPPORT_UR":"\\\\Sbl95-03\\gb_cons\\EAU\\N_MASSE_EAU\\L_COURS_DEAU_L_095\\UDr20150101FontaineSaintGenevieve","ID_NOM":"N9999","ID_TRONCON":"T0804","ID_COURSDE":"N9999T0804","ORIGINE1":"TERRAIN","BCAE":"non","ZNT":"non"},"geometry":{"type":"LineString","coordinates":[[2.49415,49.04509],[2.49387,49.04517],[2.49338,49.04537],[2.49302,49.04565],[2.4928,49.04638],[2.49214,49.04764],[2.49212,49.04772],[2.49216,49.04779],[2.49225,49.04784],[2.49224,49.04794]]}},
{"type":"Feature","properties":{"NOM":"Sans nom","ETAT":0,"CODE_MODIF":6,"DATE_MODIF":"2015-01-01","MODIFICATI":"FOSSÉ","RAPPORT_UR":"\\\\Sbl95-03\\gb_cons\\EAU\\N_MASSE_EAU\\L_COURS_DEAU_L_095\\UDr20150101FontaineSaintGenevieve","ID_NOM":"N9999","ID_TRONCON":"T0805","ID_COURSDE":"N9999T0805","ORIGINE1":"TERRAIN","BCAE":"non","ZNT":"non"},"geometry":{"type":"LineString","coordinates":[[2.49183,49.05138],[2.49211,49.05213],[2.49237,49.05251],[2.49316,49.05336],[2.4934,49.05378]]}},
{"type":"Feature","properties":{"NOM":"Sans nom","ETAT":0,"CODE_MODIF":6,"DATE_MODIF":"2015-01-01","MODIFICATI":"FOSSÉ","RAPPORT_UR":"\\\\Sbl95-03\\gb_cons\\EAU\\N_MASSE_EAU\\L_COURS_DEAU_L_095\\UDr20150101FontaineSaintGenevieve","ID_NOM":"N9999","ID_TRONCON":"T0806","ID_COURSDE":"N9999T0806","ORIGINE1":"TERRAIN","BCAE":"non","ZNT":"non"},"geometry":{"type":"LineString","coordinates":[[2.49292,49.05532],[2.49268,49.05582],[2.49264,49.05652],[2.49223,49.05816],[2.49216,49.05954],[2.49223,49.06124],[2.49212,49.06154],[2.4916,49.06226],[2.4914,49.06265],[2.49117,49.06347],[2.49109,49.0636],[2.49076,49.06377],[2.49046,49.06386],[2.48727,49.06451],[2.48658,49.06468],[2.48587,49.06496],[2.48563,49.06511],[2.4854,49.06532],[2.48431,49.06652],[2.48385,49.06697],[2.48357,49.0672],[2.483,49.06751]]}},
{"type":"Feature","properties":{"NOM":"Sans nom","ETAT":2,"CODE_MODIF":0,"DATE_MODIF":null,"MODIFICATI":null,"RAPPORT_UR":null,"ID_NOM":"N9999","ID_TRONCON":"T0807","ID_COURSDE":"N9999T0807","ORIGINE1":"SCAN25","BCAE":"non","ZNT":"oui"},"geometry":{"type":"LineString","coordinates":[[2.42624,48.97612],[2.42531,48.97593]]}},
{"type":"Feature","properties":{"NOM":"Sans nom","ETAT":2,"CODE_MODIF":0,"DATE_MODIF":null,"MODIFICATI":null,"RAPPORT_UR":null,"ID_NOM":"N9999","ID_TRONCON":"T0808","ID_COURSDE":"N9999T0808","ORIGINE1":"SCAN25","BCAE":"non","ZNT":"oui"},"geometry":{"type":"LineString","coordinates":[[2.42498,48.97475],[2.42528,48.97454]]}},
{"type":"Feature","properties":{"NOM":"Sans nom","ETAT":1,"CODE_MODIF":0,"DATE_MODIF":null,"MODIFICATI":null,"RAPPORT_UR":null,"ID_NOM":"N9999","ID_TRONCON":"T0809","ID_COURSDE":"N9999T0809","ORIGINE1":"SCAN25","BCAE":"oui","ZNT":"oui"},"geometry":{"type":"LineString","coordinates":[[2.40965,48.95365],[2.40999,48.95357],[2.41059,48.95279],[2.41067,48.95168],[2.40983,48.95024],[2.40971,48.9501],[2.40951,48.95007],[2.40932,48.9501],[2.40909,48.95019],[2.40895,48.95044],[2.40901,48.95072],[2.40909,48.95085],[2.40912,48.95149]]}},
{"type":"Feature","properties":{"NOM":"Sans nom","ETAT":1,"CODE_MODIF":0,"DATE_MODIF":null,"MODIFICATI":null,"RAPPORT_UR":null,"ID_NOM":"N9999","ID_TRONCON":"T0810","ID_COURSDE":"N9999T0810","ORIGINE1":"SCAN25","BCAE":"oui","ZNT":"oui"},"geometry":{"type":"LineString","coordinates":[[2.40912,48.95149],[2.40702,48.95149]]}},
{"type":"Feature","properties":{"NOM":"Sans nom","ETAT":1,"CODE_MODIF":0,"DATE_MODIF":null,"MODIFICATI":null,"RAPPORT_UR":null,"ID_NOM":"N9999","ID_TRONCON":"T0811","ID_COURSDE":"N9999T0811","ORIGINE1":"SCAN25","BCAE":"oui","ZNT":"oui"},"geometry":{"type":"LineString","coordinates":[[2.40702,48.95149],[2.40685,48.95218],[2.40662,48.95235]]}},
{"type":"Feature","properties":{"NOM":"Sans nom","ETAT":0,"CODE_MODIF":5,"DATE_MODIF":"2010-11-26","MODIFICATI":"SUPPRESSION","RAPPORT_UR":"\\\\Sbl95-03\\gb_cons\\EAU\\N_MASSE_EAU\\L_COURS_DEAU_L_095\\Multi_0007.doc","ID_NOM":"N9999","ID_TRONCON":"T0812","ID_COURSDE":"N9999T0812","ORIGINE1":"TERRAIN","BCAE":"non","ZNT":"non"},"geometry":{"type":"LineString","coordinates":[[2.40124,49.05245],[2.40168,49.05207],[2.40236,49.05061],[2.40258,49.05026],[2.40288,49.04989],[2.40329,49.04948]]}},
{"type":"Feature","properties":{"NOM":"Sans nom","ETAT":0,"CODE_MODIF":5,"DATE_MODIF":"2010-11-26","MODIFICATI":"SUPPRESSION","RAPPORT_UR":"\\\\Sbl95-03\\gb_cons\\EAU\\N_MASSE_EAU\\L_COURS_DEAU_L_095\\Multi_0007.doc","ID_NOM":"N9999","ID_TRONCON":"T0813","ID_COURSDE":"N9999T0813","ORIGINE1":"TERRAIN","BCAE":"non","ZNT":"non"},"geometry":{"type":"LineString","coordinates":[[2.40634,49.04197],[2.40868,49.04395]]}},
{"type":"Feature","properties":{"NOM":"Sans nom","ETAT":0,"CODE_MODIF":5,"DATE_MODIF":"2010-11-26","MODIFICATI":"SUPPRESSION","RAPPORT_UR":"\\\\Sbl95-03\\gb_cons\\EAU\\N_MASSE_EAU\\L_COURS_DEAU_L_095\\Multi_0007.doc","ID_NOM":"N9999","ID_TRONCON":"T0814","ID_COURSDE":"N9999T0814","ORIGINE1":"TERRAIN","BCAE":"non","ZNT":"non"},"geometry":{"type":"LineString","coordinates":[[2.40198,49.03831],[2.40099,49.03743],[2.40098,49.03706]]}},
{"type":"Feature","properties":{"NOM":"Sans nom","ETAT":2,"CODE_MODIF":0,"DATE_MODIF":null,"MODIFICATI":null,"RAPPORT_UR":null,"ID_NOM":"N9999","ID_TRONCON":"T0815","ID_COURSDE":"N9999T0815","ORIGINE1":"SCAN25","BCAE":"non","ZNT":"oui"},"geometry":{"type":"LineString","coordinates":[[2.34797,49.04216],[2.34759,49.04226],[2.34738,49.04227],[2.347,49.04223],[2.34673,49.04213]]}},
{"type":"Feature","properties":{"NOM":"Sans nom","ETAT":2,"CODE_MODIF":0,"DATE_MODIF":null,"MODIFICATI":null,"RAPPORT_UR":null,"ID_NOM":"N9999","ID_TRONCON":"T0816","ID_COURSDE":"N9999T0816","ORIGINE1":"SCAN25","BCAE":"non","ZNT":"oui"},"geometry":{"type":"LineString","coordinates":[[2.35059,49.04025],[2.35047,49.04031],[2.34998,49.04044],[2.34957,49.04042],[2.34944,49.04038]]}},
{"type":"Feature","properties":{"NOM":"Sans nom","ETAT":0,"CODE_MODIF":5,"DATE_MODIF":"2010-12-02","MODIFICATI":"SUPPRESSION","RAPPORT_UR":"\\\\Sbl95-03\\gb_cons\\EAU\\N_MASSE_EAU\\L_COURS_DEAU_L_095\\Multi_0007.doc","ID_NOM":"N9999","ID_TRONCON":"T0817","ID_COURSDE":"N9999T0817","ORIGINE1":"TERRAIN","BCAE":"non","ZNT":"non"},"geometry":{"type":"LineString","coordinates":[[2.34117,49.04629],[2.33961,49.04682],[2.33883,49.04702]]}},
{"type":"Feature","properties":{"NOM":"Sans nom","ETAT":0,"CODE_MODIF":5,"DATE_MODIF":"2010-12-02","MODIFICATI":"SUPPRESSION","RAPPORT_UR":"\\\\Sbl95-03\\gb_cons\\EAU\\N_MASSE_EAU\\L_COURS_DEAU_L_095\\Multi_0007.doc","ID_NOM":"N9999","ID_TRONCON":"T0818","ID_COURSDE":"N9999T0818","ORIGINE1":"TERRAIN","BCAE":"non","ZNT":"non"},"geometry":{"type":"LineString","coordinates":[[2.3445,49.05539],[2.34449,49.05456],[2.34562,49.05364],[2.34618,49.05301],[2.34757,49.05182],[2.3477,49.0516],[2.34975,49.04988],[2.35005,49.04922],[2.35101,49.04855],[2.35099,49.04844],[2.34784,49.04672],[2.34723,49.04593],[2.34603,49.04456],[2.34598,49.04447],[2.34619,49.04435],[2.34622,49.04425],[2.34582,49.04393]]}},
{"type":"Feature","properties":{"NOM":"Sans nom","ETAT":2,"CODE_MODIF":0,"DATE_MODIF":null,"MODIFICATI":null,"RAPPORT_UR":null,"ID_NOM":"N9999","ID_TRONCON":"T0819","ID_COURSDE":"N9999T0819","ORIGINE1":"SCAN25","BCAE":"non","ZNT":"oui"},"geometry":{"type":"LineString","coordinates":[[2.37159,49.00371],[2.37177,49.00358],[2.37196,49.00333],[2.37191,49.00313],[2.37197,49.0027],[2.37191,49.00257],[2.37079,49.0023]]}},
{"type":"Feature","properties":{"NOM":"Sans nom","ETAT":2,"CODE_MODIF":0,"DATE_MODIF":null,"MODIFICATI":null,"RAPPORT_UR":null,"ID_NOM":"N9999","ID_TRONCON":"T0820","ID_COURSDE":"N9999T0820","ORIGINE1":"SCAN25","BCAE":"non","ZNT":"oui"},"geometry":{"type":"LineString","coordinates":[[2.33976,49.01641],[2.34064,49.01621],[2.3425,49.01598],[2.34274,49.01588],[2.34311,49.01583],[2.34404,49.01556],[2.34514,49.01539],[2.34528,49.01514],[2.34542,49.01508],[2.34579,49.01508],[2.34599,49.01513],[2.3462,49.0151],[2.34685,49.01485],[2.34722,49.01481],[2.34766,49.01481],[2.34814,49.01449],[2.34889,49.01378],[2.3496,49.01323],[2.3501,49.01267],[2.35025,49.01225]]}},
{"type":"Feature","properties":{"NOM":"Sans nom","ETAT":2,"CODE_MODIF":0,"DATE_MODIF":null,"MODIFICATI":null,"RAPPORT_UR":null,"ID_NOM":"N9999","ID_TRONCON":"T0821","ID_COURSDE":"N9999T0821","ORIGINE1":"SCAN25","BCAE":"non","ZNT":"oui"},"geometry":{"type":"LineString","coordinates":[[2.32824,49.11812],[2.32769,49.11822],[2.32542,49.11752],[2.32467,49.11708],[2.32368,49.11686],[2.3236,49.11682],[2.32366,49.11674],[2.32363,49.11671],[2.32317,49.11663],[2.32291,49.11645],[2.32283,49.11635],[2.32251,49.11618],[2.32244,49.11608],[2.32231,49.11604],[2.32227,49.11599],[2.32232,49.11582],[2.32229,49.11574],[2.32222,49.1157],[2.32154,49.11548],[2.32107,49.11541],[2.32092,49.11545],[2.32045,49.11529],[2.3203,49.11516],[2.3203,49.11494],[2.32013,49.11475],[2.3197,49.1146],[2.31944,49.11447],[2.31924,49.1143],[2.31867,49.11402],[2.31863,49.11391],[2.31877,49.11377],[2.31875,49.1136],[2.31868,49.11348],[2.31871,49.11324],[2.31831,49.11275],[2.31835,49.11224],[2.31759,49.11142],[2.31701,49.11067],[2.3163,49.11008],[2.31536,49.10946],[2.31426,49.10903],[2.3132,49.10872],[2.31279,49.10854],[2.31194,49.10836],[2.31153,49.10784],[2.31139,49.10753],[2.3104,49.10632],[2.30998,49.10566],[2.30954,49.1051],[2.3092,49.10476],[2.3092,49.10445],[2.30902,49.10416],[2.30889,49.1038],[2.30885,49.10344],[2.30859,49.10309],[2.30847,49.10286],[2.30842,49.10217],[2.3076,49.10152]]}},
{"type":"Feature","properties":{"NOM":"Sans nom","ETAT":0,"CODE_MODIF":5,"DATE_MODIF":"2015-05-18","MODIFICATI":"SUPPRESSION","RAPPORT_UR":null,"ID_NOM":"N9999","ID_TRONCON":"T0822","ID_COURSDE":"N9999T0822","ORIGINE1":"TERRAIN","BCAE":"non","ZNT":"non"},"geometry":{"type":"LineString","coordinates":[[2.34185,49.09251],[2.34141,49.09239],[2.34123,49.09229],[2.34082,49.09214],[2.34078,49.0921],[2.34075,49.09195],[2.34036,49.09175],[2.34035,49.09162],[2.34039,49.09156],[2.34012,49.09143],[2.33987,49.0914],[2.3397,49.09132],[2.33968,49.0911],[2.33975,49.09092],[2.33956,49.09075],[2.3396,49.09059],[2.33953,49.09054],[2.33949,49.09018],[2.33934,49.09002],[2.33929,49.08979]]}},
{"type":"Feature","properties":{"NOM":"Sans nom","ETAT":1,"CODE_MODIF":0,"DATE_MODIF":null,"MODIFICATI":null,"RAPPORT_UR":null,"ID_NOM":"N9999","ID_TRONCON":"T0823","ID_COURSDE":"N9999T0823","ORIGINE1":"SCAN25","BCAE":"oui","ZNT":"oui"},"geometry":{"type":"LineString","coordinates":[[2.43554,49.11857],[2.4354,49.1185],[2.43483,49.11831]]}},
{"type":"Feature","properties":{"NOM":"Sans nom","ETAT":1,"CODE_MODIF":0,"DATE_MODIF":null,"MODIFICATI":null,"RAPPORT_UR":null,"ID_NOM":"N9999","ID_TRONCON":"T0824","ID_COURSDE":"N9999T0824","ORIGINE1":"SCAN25","BCAE":"oui","ZNT":"oui"},"geometry":{"type":"LineString","coordinates":[[2.46159,49.12579],[2.46115,49.12551],[2.46067,49.12504],[2.45976,49.12402],[2.45784,49.12235]]}},
{"type":"Feature","properties":{"NOM":"Sans nom","ETAT":2,"CODE_MODIF":0,"DATE_MODIF":null,"MODIFICATI":null,"RAPPORT_UR":null,"ID_NOM":"N9999","ID_TRONCON":"T0825","ID_COURSDE":"N9999T0825","ORIGINE1":"SCAN25","BCAE":"non","ZNT":"oui"},"geometry":{"type":"LineString","coordinates":[[2.46467,49.11932],[2.46422,49.11923],[2.46398,49.11913],[2.46377,49.11908],[2.46344,49.11915],[2.46287,49.11944],[2.46261,49.11954],[2.46233,49.1196],[2.46222,49.1196]]}},
{"type":"Feature","properties":{"NOM":"Sans nom","ETAT":2,"CODE_MODIF":0,"DATE_MODIF":null,"MODIFICATI":null,"RAPPORT_UR":null,"ID_NOM":"N9999","ID_TRONCON":"T0826","ID_COURSDE":"N9999T0826","ORIGINE1":"SCAN25","BCAE":"non","ZNT":"oui"},"geometry":{"type":"LineString","coordinates":[[2.41127,49.10839],[2.41145,49.1092],[2.4126,49.10922],[2.41338,49.10912],[2.4135,49.10912],[2.41387,49.10902],[2.41401,49.10902],[2.41497,49.10914],[2.41566,49.10918],[2.41575,49.1091],[2.4158,49.10869]]}},
{"type":"Feature","properties":{"NOM":"Sans nom","ETAT":1,"CODE_MODIF":0,"DATE_MODIF":null,"MODIFICATI":null,"RAPPORT_UR":null,"ID_NOM":"N9999","ID_TRONCON":"T0827","ID_COURSDE":"N9999T0827","ORIGINE1":"SCAN25","BCAE":"oui","ZNT":"oui"},"geometry":{"type":"LineString","coordinates":[[2.44329,49.10695],[2.44171,49.10708]]}},
{"type":"Feature","properties":{"NOM":"Sans nom","ETAT":2,"CODE_MODIF":0,"DATE_MODIF":null,"MODIFICATI":null,"RAPPORT_UR":null,"ID_NOM":"N9999","ID_TRONCON":"T0828","ID_COURSDE":"N9999T0828","ORIGINE1":"SCAN25","BCAE":"non","ZNT":"oui"},"geometry":{"type":"LineString","coordinates":[[2.448,49.11795],[2.44798,49.11785],[2.44803,49.11778],[2.44799,49.11769],[2.44801,49.11751],[2.44798,49.11748],[2.44707,49.11729],[2.44706,49.11723]]}},
{"type":"Feature","properties":{"NOM":"Sans nom","ETAT":1,"CODE_MODIF":0,"DATE_MODIF":null,"MODIFICATI":null,"RAPPORT_UR":null,"ID_NOM":"N9999","ID_TRONCON":"T0829","ID_COURSDE":"N9999T0829","ORIGINE1":"SCAN25","BCAE":"oui","ZNT":"oui"},"geometry":{"type":"LineString","coordinates":[[2.44094,49.11549],[2.44049,49.11547],[2.43991,49.11551],[2.43872,49.11549],[2.43859,49.11565],[2.43865,49.11583],[2.43866,49.11601],[2.43859,49.11651]]}},
{"type":"Feature","properties":{"NOM":"Sans nom","ETAT":2,"CODE_MODIF":0,"DATE_MODIF":null,"MODIFICATI":null,"RAPPORT_UR":null,"ID_NOM":"N9999","ID_TRONCON":"T0830","ID_COURSDE":"N9999T0830","ORIGINE1":"SCAN25","BCAE":"non","ZNT":"oui"},"geometry":{"type":"LineString","coordinates":[[2.47019,49.11627],[2.47016,49.11587]]}},
{"type":"Feature","properties":{"NOM":"Sans nom","ETAT":2,"CODE_MODIF":0,"DATE_MODIF":null,"MODIFICATI":null,"RAPPORT_UR":null,"ID_NOM":"N9999","ID_TRONCON":"T0831","ID_COURSDE":"N9999T0831","ORIGINE1":"SCAN25","BCAE":"non","ZNT":"oui"},"geometry":{"type":"LineString","coordinates":[[2.46943,49.11623],[2.46947,49.11599]]}},
{"type":"Feature","properties":{"NOM":"Sans nom","ETAT":2,"CODE_MODIF":0,"DATE_MODIF":null,"MODIFICATI":null,"RAPPORT_UR":null,"ID_NOM":"N9999","ID_TRONCON":"T0832","ID_COURSDE":"N9999T0832","ORIGINE1":"SCAN25","BCAE":"non","ZNT":"oui"},"geometry":{"type":"LineString","coordinates":[[2.46925,49.11622],[2.4692,49.11593]]}},
{"type":"Feature","properties":{"NOM":"Sans nom","ETAT":2,"CODE_MODIF":0,"DATE_MODIF":null,"MODIFICATI":null,"RAPPORT_UR":null,"ID_NOM":"N9999","ID_TRONCON":"T0833","ID_COURSDE":"N9999T0833","ORIGINE1":"SCAN25","BCAE":"non","ZNT":"oui"},"geometry":{"type":"LineString","coordinates":[[2.44725,49.09869],[2.44721,49.09851],[2.44724,49.09825],[2.44713,49.09789],[2.44702,49.09775],[2.44681,49.09767],[2.44648,49.09772],[2.44649,49.09793],[2.44559,49.09801],[2.44557,49.09823],[2.44459,49.09836],[2.44394,49.0984],[2.44298,49.09841],[2.44273,49.09845],[2.44217,49.09862],[2.44152,49.09898],[2.44133,49.09887],[2.44067,49.09922],[2.44051,49.09909],[2.44043,49.09912]]}},
{"type":"Feature","properties":{"NOM":"Sans nom","ETAT":1,"CODE_MODIF":0,"DATE_MODIF":null,"MODIFICATI":null,"RAPPORT_UR":null,"ID_NOM":"N9999","ID_TRONCON":"T0835","ID_COURSDE":"N9999T0835","ORIGINE1":"SCAN25","BCAE":"oui","ZNT":"oui"},"geometry":{"type":"MultiLineString","coordinates":[[[2.45111,49.09775],[2.4509,49.09738],[2.45045,49.09679],[2.4501,49.09614],[2.45062,49.09602],[2.45058,49.09519],[2.45051,49.09499],[2.4504,49.09493],[2.45029,49.0947],[2.45022,49.09439],[2.451,49.09381]],[[2.45085,49.09308],[2.45061,49.09319],[2.44985,49.09333],[2.44964,49.09348],[2.44973,49.09379],[2.44957,49.09402],[2.45021,49.09419],[2.45022,49.09439]]]}},
{"type":"Feature","properties":{"NOM":"Sans nom","ETAT":1,"CODE_MODIF":0,"DATE_MODIF":null,"MODIFICATI":null,"RAPPORT_UR":null,"ID_NOM":"N9999","ID_TRONCON":"T0836","ID_COURSDE":"N9999T0836","ORIGINE1":"SCAN25","BCAE":"oui","ZNT":"oui"},"geometry":{"type":"LineString","coordinates":[[2.46022,49.09562],[2.46059,49.09597],[2.46132,49.09684],[2.46163,49.09736],[2.46173,49.09763]]}},
{"type":"Feature","properties":{"NOM":"Sans nom","ETAT":2,"CODE_MODIF":0,"DATE_MODIF":null,"MODIFICATI":null,"RAPPORT_UR":null,"ID_NOM":"N9999","ID_TRONCON":"T0837","ID_COURSDE":"N9999T0837","ORIGINE1":"SCAN25","BCAE":"non","ZNT":"oui"},"geometry":{"type":"LineString","coordinates":[[2.46163,49.09736],[2.46283,49.09717],[2.46516,49.0963]]}},
{"type":"Feature","properties":{"NOM":"Sans nom","ETAT":0,"CODE_MODIF":5,"DATE_MODIF":"2017-12-04","MODIFICATI":"FOSSÉ","RAPPORT_UR":null,"ID_NOM":"N9999","ID_TRONCON":"T0838","ID_COURSDE":"N9999T0838","ORIGINE1":"TERRAIN","BCAE":"non","ZNT":"non"},"geometry":{"type":"LineString","coordinates":[[2.47136,49.09512],[2.47168,49.0956],[2.47401,49.09506]]}},
{"type":"Feature","properties":{"NOM":"Sans nom","ETAT":0,"CODE_MODIF":5,"DATE_MODIF":"2012-10-08","MODIFICATI":"SUPPRESSION","RAPPORT_UR":null,"ID_NOM":"N9999","ID_TRONCON":"T0839","ID_COURSDE":"N9999T0839","ORIGINE1":"TERRAIN","BCAE":"non","ZNT":"non"},"geometry":{"type":"LineString","coordinates":[[2.47083,49.08896],[2.47023,49.08939],[2.46991,49.0897],[2.46982,49.0899],[2.46971,49.09027],[2.46987,49.09052],[2.46993,49.09072],[2.46989,49.09141],[2.46999,49.0916],[2.47083,49.0927],[2.47132,49.09313],[2.47146,49.09332],[2.47159,49.09339],[2.47206,49.09344],[2.47249,49.0934],[2.47286,49.0934]]}},
{"type":"Feature","properties":{"NOM":"Sans nom","ETAT":2,"CODE_MODIF":0,"DATE_MODIF":null,"MODIFICATI":null,"RAPPORT_UR":null,"ID_NOM":"N9999","ID_TRONCON":"T0840","ID_COURSDE":"N9999T0840","ORIGINE1":"SCAN25","BCAE":"non","ZNT":"oui"},"geometry":{"type":"LineString","coordinates":[[2.42839,49.12542],[2.42953,49.12689],[2.43022,49.12696],[2.43214,49.1283],[2.43332,49.12917],[2.43522,49.1284],[2.43533,49.12859],[2.43546,49.1286],[2.43696,49.12836],[2.43787,49.12795],[2.43834,49.12767],[2.43897,49.12741]]}},
{"type":"Feature","properties":{"NOM":"Sans nom","ETAT":1,"CODE_MODIF":0,"DATE_MODIF":null,"MODIFICATI":null,"RAPPORT_UR":null,"ID_NOM":"N9999","ID_TRONCON":"T0841","ID_COURSDE":"N9999T0841","ORIGINE1":"SCAN25","BCAE":"oui","ZNT":"oui"},"geometry":{"type":"LineString","coordinates":[[2.37834,49.14783],[2.37846,49.14787],[2.37866,49.14787],[2.37892,49.14781],[2.37952,49.14761],[2.37966,49.14741],[2.37966,49.14732]]}},
{"type":"Feature","properties":{"NOM":"Sans nom","ETAT":1,"CODE_MODIF":0,"DATE_MODIF":null,"MODIFICATI":null,"RAPPORT_UR":null,"ID_NOM":"N9999","ID_TRONCON":"T0842","ID_COURSDE":"N9999T0842","ORIGINE1":"SCAN25","BCAE":"oui","ZNT":"oui"},"geometry":{"type":"LineString","coordinates":[[2.37966,49.14732],[2.38,49.14725],[2.38045,49.1471],[2.38053,49.14699],[2.38021,49.1466],[2.3801,49.1466],[2.37973,49.14666],[2.37957,49.14665]]}},
{"type":"Feature","properties":{"NOM":"Sans nom","ETAT":1,"CODE_MODIF":0,"DATE_MODIF":null,"MODIFICATI":null,"RAPPORT_UR":null,"ID_NOM":"N9999","ID_TRONCON":"T0843","ID_COURSDE":"N9999T0843","ORIGINE1":"SCAN25","BCAE":"oui","ZNT":"oui"},"geometry":{"type":"LineString","coordinates":[[2.38494,49.14675],[2.38144,49.14694]]}},
{"type":"Feature","properties":{"NOM":"Sans nom","ETAT":1,"CODE_MODIF":0,"DATE_MODIF":null,"MODIFICATI":null,"RAPPORT_UR":null,"ID_NOM":"N9999","ID_TRONCON":"T0844","ID_COURSDE":"N9999T0844","ORIGINE1":"SCAN25","BCAE":"oui","ZNT":"oui"},"geometry":{"type":"LineString","coordinates":[[2.37828,49.14847],[2.38027,49.14772]]}},
{"type":"Feature","properties":{"NOM":"Sans nom","ETAT":1,"CODE_MODIF":0,"DATE_MODIF":null,"MODIFICATI":null,"RAPPORT_UR":null,"ID_NOM":"N9999","ID_TRONCON":"T0845","ID_COURSDE":"N9999T0845","ORIGINE1":"SCAN25","BCAE":"oui","ZNT":"oui"},"geometry":{"type":"LineString","coordinates":[[2.37828,49.14847],[2.37785,49.14934]]}},
{"type":"Feature","properties":{"NOM":"Sans nom","ETAT":1,"CODE_MODIF":0,"DATE_MODIF":null,"MODIFICATI":null,"RAPPORT_UR":null,"ID_NOM":"N9999","ID_TRONCON":"T0846","ID_COURSDE":"N9999T0846","ORIGINE1":"SCAN25","BCAE":"oui","ZNT":"oui"},"geometry":{"type":"LineString","coordinates":[[2.3765,49.15953],[2.37733,49.16026],[2.37744,49.16042],[2.3776,49.16049],[2.37905,49.16087],[2.37921,49.16075],[2.38038,49.16092],[2.38396,49.15959],[2.38556,49.15895],[2.38579,49.15889],[2.38614,49.15933],[2.38748,49.15904],[2.39048,49.15773],[2.39099,49.15775],[2.39175,49.15796],[2.3921,49.15797],[2.39252,49.1579],[2.40065,49.15569],[2.40311,49.15571],[2.40429,49.1559],[2.40584,49.15619],[2.40635,49.15622],[2.40775,49.15614],[2.40837,49.15616],[2.41344,49.15581],[2.41573,49.15569]]}},
{"type":"Feature","properties":{"NOM":"Sans nom","ETAT":1,"CODE_MODIF":0,"DATE_MODIF":null,"MODIFICATI":null,"RAPPORT_UR":null,"ID_NOM":"N9999","ID_TRONCON":"T0847","ID_COURSDE":"N9999T0847","ORIGINE1":"SCAN25","BCAE":"oui","ZNT":"oui"},"geometry":{"type":"LineString","coordinates":[[2.40739,49.14951],[2.41517,49.14943]]}},
{"type":"Feature","properties":{"NOM":"Sans nom","ETAT":2,"CODE_MODIF":0,"DATE_MODIF":null,"MODIFICATI":null,"RAPPORT_UR":null,"ID_NOM":"N9999","ID_TRONCON":"T0848","ID_COURSDE":"N9999T0848","ORIGINE1":"SCAN25","BCAE":"non","ZNT":"oui"},"geometry":{"type":"LineString","coordinates":[[2.41546,49.15117],[2.41484,49.151],[2.41256,49.15106]]}},
{"type":"Feature","properties":{"NOM":"Sans nom","ETAT":2,"CODE_MODIF":0,"DATE_MODIF":null,"MODIFICATI":null,"RAPPORT_UR":null,"ID_NOM":"N9999","ID_TRONCON":"T0849","ID_COURSDE":"N9999T0849","ORIGINE1":"SCAN25","BCAE":"non","ZNT":"oui"},"geometry":{"type":"LineString","coordinates":[[2.41256,49.15106],[2.41265,49.15246]]}},
{"type":"Feature","properties":{"NOM":"Sans nom","ETAT":0,"CODE_MODIF":5,"DATE_MODIF":"2012-10-08","MODIFICATI":"SUPPRESSION","RAPPORT_UR":"\\\\Sbl95-03\\gb_cons\\EAU\\N_MASSE_EAU\\L_COURS_DEAU_L_095\\Multi_0008.PDF","ID_NOM":"N9999","ID_TRONCON":"T0850","ID_COURSDE":"N9999T0850","ORIGINE1":"TERRAIN","BCAE":"non","ZNT":"non"},"geometry":{"type":"LineString","coordinates":[[2.39695,49.11165],[2.39647,49.11166],[2.39581,49.11171],[2.39406,49.11157],[2.39235,49.11244],[2.39207,49.11243],[2.39174,49.11236],[2.3913,49.11234],[2.39098,49.11235],[2.39049,49.11233],[2.38952,49.11218],[2.38872,49.11212],[2.38794,49.11211],[2.3872,49.11195],[2.38639,49.11185],[2.38579,49.11161],[2.38486,49.11141],[2.38435,49.11122],[2.38412,49.11104],[2.3838,49.11065]]}},
{"type":"Feature","properties":{"NOM":"Sans nom","ETAT":2,"CODE_MODIF":0,"DATE_MODIF":null,"MODIFICATI":null,"RAPPORT_UR":null,"ID_NOM":"N9999","ID_TRONCON":"T0851","ID_COURSDE":"N9999T0851","ORIGINE1":"SCAN25","BCAE":"non","ZNT":"oui"},"geometry":{"type":"LineString","coordinates":[[2.24989,49.11017],[2.25005,49.11041],[2.25023,49.11098],[2.25011,49.11145],[2.25015,49.11169],[2.25031,49.11177],[2.25054,49.11177],[2.25069,49.11182],[2.25074,49.11191],[2.25071,49.11201],[2.25111,49.11226],[2.25127,49.11255],[2.25161,49.1129],[2.25517,49.11356]]}},
{"type":"Feature","properties":{"NOM":"Sans nom","ETAT":2,"CODE_MODIF":0,"DATE_MODIF":null,"MODIFICATI":null,"RAPPORT_UR":null,"ID_NOM":"N9999","ID_TRONCON":"T0852","ID_COURSDE":"N9999T0852","ORIGINE1":"SCAN25","BCAE":"non","ZNT":"oui"},"geometry":{"type":"LineString","coordinates":[[2.22224,49.1241],[2.22213,49.1241],[2.22193,49.1242],[2.22153,49.1243],[2.21754,49.12214],[2.21738,49.12213],[2.21677,49.12242],[2.21612,49.12267]]}},
{"type":"Feature","properties":{"NOM":"Sans nom","ETAT":2,"CODE_MODIF":0,"DATE_MODIF":null,"MODIFICATI":null,"RAPPORT_UR":null,"ID_NOM":"N9999","ID_TRONCON":"T0853","ID_COURSDE":"N9999T0853","ORIGINE1":"SCAN25","BCAE":"non","ZNT":"oui"},"geometry":{"type":"LineString","coordinates":[[2.24086,49.11716],[2.24043,49.11707],[2.24003,49.11706],[2.23987,49.11708],[2.23942,49.11698],[2.23898,49.11703],[2.23875,49.11714],[2.23858,49.11718],[2.23843,49.11718],[2.23788,49.11683]]}},
{"type":"Feature","properties":{"NOM":"Sans nom","ETAT":2,"CODE_MODIF":0,"DATE_MODIF":null,"MODIFICATI":null,"RAPPORT_UR":null,"ID_NOM":"N9999","ID_TRONCON":"T0854","ID_COURSDE":"N9999T0854","ORIGINE1":"SCAN25","BCAE":"non","ZNT":"oui"},"geometry":{"type":"LineString","coordinates":[[2.23601,49.11598],[2.23717,49.11603],[2.23732,49.11606],[2.23765,49.11602],[2.23864,49.1161],[2.23952,49.11632],[2.24031,49.11641],[2.24062,49.11652],[2.24166,49.11669]]}},
{"type":"Feature","properties":{"NOM":"Sans nom","ETAT":1,"CODE_MODIF":1,"DATE_MODIF":"2010-12-02","MODIFICATI":"ETAT 2 EN 1","RAPPORT_UR":"\\\\Sbl95-03\\gb_cons\\EAU\\N_MASSE_EAU\\L_COURS_DEAU_L_095\\Multi_0007.doc","ID_NOM":"N9999","ID_TRONCON":"T0855","ID_COURSDE":"N9999T0855","ORIGINE1":"TERRAIN","BCAE":"oui","ZNT":"oui"},"geometry":{"type":"LineString","coordinates":[[2.20901,49.13633],[2.20926,49.13631],[2.21093,49.13537],[2.2113,49.13525]]}},
{"type":"Feature","properties":{"NOM":"Sans nom","ETAT":2,"CODE_MODIF":0,"DATE_MODIF":null,"MODIFICATI":null,"RAPPORT_UR":null,"ID_NOM":"N9999","ID_TRONCON":"T0856","ID_COURSDE":"N9999T0856","ORIGINE1":"SCAN25","BCAE":"non","ZNT":"oui"},"geometry":{"type":"LineString","coordinates":[[1.81611,49.16375],[1.81615,49.16358],[1.81643,49.1632],[1.81641,49.16312]]}},
{"type":"Feature","properties":{"NOM":"Sans nom","ETAT":2,"CODE_MODIF":0,"DATE_MODIF":null,"MODIFICATI":null,"RAPPORT_UR":null,"ID_NOM":"N9999","ID_TRONCON":"T0857","ID_COURSDE":"N9999T0857","ORIGINE1":"SCAN25","BCAE":"non","ZNT":"oui"},"geometry":{"type":"LineString","coordinates":[[1.73344,49.19256],[1.73297,49.19238],[1.73248,49.19231],[1.73215,49.19231],[1.73172,49.19222]]}},
{"type":"Feature","properties":{"NOM":"Sans nom","ETAT":2,"CODE_MODIF":0,"DATE_MODIF":null,"MODIFICATI":null,"RAPPORT_UR":null,"ID_NOM":"N9999","ID_TRONCON":"T0858","ID_COURSDE":"N9999T0858","ORIGINE1":"SCAN25","BCAE":"non","ZNT":"oui"},"geometry":{"type":"LineString","coordinates":[[1.70181,49.2334],[1.70112,49.23312],[1.70072,49.23272],[1.6995,49.23118],[1.70033,49.23092],[1.70026,49.23065],[1.69893,49.2274],[1.69853,49.22659],[1.69867,49.22614]]}},
{"type":"Feature","properties":{"NOM":"Sans nom","ETAT":2,"CODE_MODIF":0,"DATE_MODIF":null,"MODIFICATI":null,"RAPPORT_UR":null,"ID_NOM":"N9999","ID_TRONCON":"T0859","ID_COURSDE":"N9999T0859","ORIGINE1":"SCAN25","BCAE":"non","ZNT":"oui"},"geometry":{"type":"LineString","coordinates":[[1.67785,49.21217],[1.67702,49.21221]]}},
{"type":"Feature","properties":{"NOM":"Sans nom","ETAT":2,"CODE_MODIF":0,"DATE_MODIF":null,"MODIFICATI":null,"RAPPORT_UR":null,"ID_NOM":"N9999","ID_TRONCON":"T0860","ID_COURSDE":"N9999T0860","ORIGINE1":"SCAN25","BCAE":"non","ZNT":"oui"},"geometry":{"type":"LineString","coordinates":[[1.67785,49.21217],[1.67687,49.20893],[1.67689,49.20876],[1.67419,49.20878]]}},
{"type":"Feature","properties":{"NOM":"Sans nom","ETAT":1,"CODE_MODIF":0,"DATE_MODIF":null,"MODIFICATI":null,"RAPPORT_UR":null,"ID_NOM":"N9999","ID_TRONCON":"T0861","ID_COURSDE":"N9999T0861","ORIGINE1":"SCAN25","BCAE":"oui","ZNT":"oui"},"geometry":{"type":"LineString","coordinates":[[1.66936,49.18541],[1.66916,49.18532]]}},
{"type":"Feature","properties":{"NOM":"Sans nom","ETAT":1,"CODE_MODIF":0,"DATE_MODIF":null,"MODIFICATI":null,"RAPPORT_UR":null,"ID_NOM":"N9999","ID_TRONCON":"T0862","ID_COURSDE":"N9999T0862","ORIGINE1":"SCAN25","BCAE":"oui","ZNT":"oui"},"geometry":{"type":"LineString","coordinates":[[1.58966,49.08115],[1.58952,49.08079],[1.58926,49.08037],[1.58885,49.08014],[1.58796,49.08],[1.58748,49.08],[1.5842,49.07926]]}},
{"type":"Feature","properties":{"NOM":"Sans nom","ETAT":1,"CODE_MODIF":0,"DATE_MODIF":null,"MODIFICATI":null,"RAPPORT_UR":null,"ID_NOM":"N9999","ID_TRONCON":"T0863","ID_COURSDE":"N9999T0863","ORIGINE1":"SCAN25","BCAE":"oui","ZNT":"oui"},"geometry":{"type":"LineString","coordinates":[[1.5842,49.07926],[1.58017,49.07847],[1.5797,49.07842]]}},
{"type":"Feature","properties":{"NOM":"Sans nom","ETAT":2,"CODE_MODIF":0,"DATE_MODIF":null,"MODIFICATI":null,"RAPPORT_UR":null,"ID_NOM":"N9999","ID_TRONCON":"T0864","ID_COURSDE":"N9999T0864","ORIGINE1":"SCAN25","BCAE":"non","ZNT":"oui"},"geometry":{"type":"LineString","coordinates":[[1.58848,49.07736],[1.5842,49.07926]]}},
{"type":"Feature","properties":{"NOM":"Sans nom","ETAT":2,"CODE_MODIF":0,"DATE_MODIF":null,"MODIFICATI":null,"RAPPORT_UR":null,"ID_NOM":"N9999","ID_TRONCON":"T0865","ID_COURSDE":"N9999T0865","ORIGINE1":"SCAN25","BCAE":"non","ZNT":"oui"},"geometry":{"type":"LineString","coordinates":[[1.57818,49.07473],[1.57445,49.07673],[1.57376,49.07717],[1.57356,49.07717],[1.57308,49.07685],[1.57288,49.07676],[1.57206,49.07671]]}},
{"type":"Feature","properties":{"NOM":"Sans nom","ETAT":1,"CODE_MODIF":0,"DATE_MODIF":null,"MODIFICATI":null,"RAPPORT_UR":null,"ID_NOM":"N9999","ID_TRONCON":"T0866","ID_COURSDE":"N9999T0866","ORIGINE1":"SCAN25","BCAE":"oui","ZNT":"oui"},"geometry":{"type":"LineString","coordinates":[[1.51905,49.07027],[1.51959,49.07068],[1.51985,49.07154],[1.51984,49.07186],[1.5197,49.07212],[1.5188,49.07284],[1.51824,49.0736],[1.5179,49.07391],[1.51705,49.07534],[1.51691,49.07583],[1.516,49.07695],[1.5162,49.07758],[1.51612,49.07835],[1.51665,49.07898],[1.51665,49.07938],[1.51614,49.08014]]}},
{"type":"Feature","properties":{"NOM":"Sans nom","ETAT":2,"CODE_MODIF":0,"DATE_MODIF":null,"MODIFICATI":null,"RAPPORT_UR":null,"ID_NOM":"N9999","ID_TRONCON":"T0867","ID_COURSDE":"N9999T0867","ORIGINE1":"SCAN25","BCAE":"non","ZNT":"oui"},"geometry":{"type":"LineString","coordinates":[[1.67749,49.21352],[1.67693,49.21387],[1.6768,49.21387],[1.67632,49.21364],[1.67611,49.2136],[1.67604,49.21369],[1.67535,49.21418],[1.67522,49.21418],[1.67426,49.21372],[1.6729,49.21259],[1.67182,49.2116],[1.67121,49.21092],[1.67067,49.21002],[1.67011,49.20842],[1.67139,49.20778],[1.67217,49.20745],[1.67161,49.20642],[1.67175,49.20624],[1.67279,49.20544],[1.67266,49.20503],[1.67225,49.20454],[1.67212,49.20418],[1.67207,49.2031],[1.67099,49.20188],[1.67058,49.2012],[1.67032,49.20053],[1.66985,49.19972],[1.67516,49.1984]]}},
{"type":"Feature","properties":{"NOM":"Sans nom","ETAT":1,"CODE_MODIF":0,"DATE_MODIF":null,"MODIFICATI":null,"RAPPORT_UR":null,"ID_NOM":"N9999","ID_TRONCON":"T0868","ID_COURSDE":"N9999T0868","ORIGINE1":"SCAN25","BCAE":"oui","ZNT":"oui"},"geometry":{"type":"LineString","coordinates":[[1.66676,49.17456],[1.66669,49.17456],[1.66684,49.17393],[1.66705,49.17353],[1.66726,49.17335],[1.66775,49.17245],[1.66796,49.17174],[1.66804,49.17097],[1.66791,49.1703],[1.66766,49.16967],[1.66719,49.16886],[1.66664,49.16813],[1.66576,49.16713],[1.66543,49.16664],[1.66515,49.16646],[1.66474,49.16632],[1.66427,49.16605],[1.66407,49.16582],[1.66367,49.16501],[1.66367,49.1646],[1.66381,49.16443],[1.66409,49.16434]]}},
{"type":"Feature","properties":{"NOM":"Sans nom","ETAT":1,"CODE_MODIF":0,"DATE_MODIF":"2015-05-13","MODIFICATI":"TRACÉ","RAPPORT_UR":null,"ID_NOM":"N9999","ID_TRONCON":"T0869","ID_COURSDE":"N9999T0869","ORIGINE1":"SCAN25","BCAE":"oui","ZNT":"oui"},"geometry":{"type":"LineString","coordinates":[[1.66479,49.15379],[1.66412,49.15224],[1.66399,49.15206],[1.66296,49.1517],[1.66222,49.1512],[1.66119,49.15092],[1.65997,49.15042],[1.65881,49.1501]]}},
{"type":"Feature","properties":{"NOM":"Sans nom","ETAT":1,"CODE_MODIF":0,"DATE_MODIF":null,"MODIFICATI":null,"RAPPORT_UR":null,"ID_NOM":"N9999","ID_TRONCON":"T0870","ID_COURSDE":"N9999T0870","ORIGINE1":"SCAN25","BCAE":"oui","ZNT":"oui"},"geometry":{"type":"LineString","coordinates":[[1.54103,49.07375],[1.53911,49.07387],[1.53733,49.07418],[1.53541,49.07443],[1.53438,49.07443],[1.53363,49.07438],[1.53288,49.07446]]}},
{"type":"Feature","properties":{"NOM":"Sans nom","ETAT":1,"CODE_MODIF":0,"DATE_MODIF":null,"MODIFICATI":null,"RAPPORT_UR":null,"ID_NOM":"N9999","ID_TRONCON":"T0871","ID_COURSDE":"N9999T0871","ORIGINE1":"SCAN25","BCAE":"oui","ZNT":"oui"},"geometry":{"type":"LineString","coordinates":[[1.60523,49.08641],[1.60732,49.08584],[1.60851,49.08568],[1.61206,49.08629],[1.61288,49.08694],[1.61409,49.08722]]}},
{"type":"Feature","properties":{"NOM":"Sans nom","ETAT":1,"CODE_MODIF":0,"DATE_MODIF":null,"MODIFICATI":null,"RAPPORT_UR":null,"ID_NOM":"N9999","ID_TRONCON":"T0872","ID_COURSDE":"N9999T0872","ORIGINE1":"SCAN25","BCAE":"oui","ZNT":"oui"},"geometry":{"type":"LineString","coordinates":[[1.60671,49.08739],[1.60733,49.08653],[1.60794,49.08625],[1.60826,49.08597],[1.60917,49.08646],[1.60988,49.08649],[1.61027,49.08677],[1.60975,49.0873],[1.61094,49.08794]]}},
{"type":"Feature","properties":{"NOM":"Sans nom","ETAT":1,"CODE_MODIF":0,"DATE_MODIF":null,"MODIFICATI":null,"RAPPORT_UR":null,"ID_NOM":"N9999","ID_TRONCON":"T0873","ID_COURSDE":"N9999T0873","ORIGINE1":"SCAN25","BCAE":"oui","ZNT":"oui"},"geometry":{"type":"LineString","coordinates":[[1.61383,49.08998],[1.61401,49.08976],[1.61427,49.08907],[1.6142,49.0889],[1.61423,49.08875],[1.61411,49.08846],[1.61441,49.08802],[1.61436,49.08792],[1.61407,49.08772],[1.614,49.08755],[1.61413,49.0873],[1.61409,49.08722]]}},
{"type":"Feature","properties":{"NOM":"Sans nom","ETAT":1,"CODE_MODIF":0,"DATE_MODIF":null,"MODIFICATI":null,"RAPPORT_UR":null,"ID_NOM":"N9999","ID_TRONCON":"T0874","ID_COURSDE":"N9999T0874","ORIGINE1":"SCAN25","BCAE":"oui","ZNT":"oui"},"geometry":{"type":"LineString","coordinates":[[1.61409,49.08722],[1.61495,49.08666],[1.61786,49.08843],[1.61872,49.08858],[1.61926,49.08858],[1.61978,49.08878],[1.6204,49.08943],[1.62139,49.08969],[1.62199,49.09012],[1.62212,49.09034],[1.62311,49.09076],[1.62337,49.09115],[1.6231,49.0913],[1.62347,49.09203],[1.62329,49.09256],[1.62272,49.09264],[1.62247,49.0928],[1.61974,49.09358],[1.61964,49.09367]]}},
{"type":"Feature","properties":{"NOM":"Sans nom","ETAT":2,"CODE_MODIF":0,"DATE_MODIF":null,"MODIFICATI":null,"RAPPORT_UR":null,"ID_NOM":"N9999","ID_TRONCON":"T0875","ID_COURSDE":"N9999T0875","ORIGINE1":"SCAN25","BCAE":"non","ZNT":"oui"},"geometry":{"type":"LineString","coordinates":[[1.6213,49.09314],[1.61449,49.08694]]}},
{"type":"Feature","properties":{"NOM":"Sans nom","ETAT":2,"CODE_MODIF":0,"DATE_MODIF":null,"MODIFICATI":null,"RAPPORT_UR":null,"ID_NOM":"N9999","ID_TRONCON":"T0876","ID_COURSDE":"N9999T0876","ORIGINE1":"SCAN25","BCAE":"non","ZNT":"oui"},"geometry":{"type":"LineString","coordinates":[[1.63014,49.10132],[1.62686,49.10251]]}},
{"type":"Feature","properties":{"NOM":"Sans nom","ETAT":2,"CODE_MODIF":0,"DATE_MODIF":null,"MODIFICATI":null,"RAPPORT_UR":null,"ID_NOM":"N9999","ID_TRONCON":"T0877","ID_COURSDE":"N9999T0877","ORIGINE1":"SCAN25","BCAE":"non","ZNT":"oui"},"geometry":{"type":"LineString","coordinates":[[1.6464,49.11701],[1.64376,49.11804]]}},
{"type":"Feature","properties":{"NOM":"Sans nom","ETAT":2,"CODE_MODIF":0,"DATE_MODIF":null,"MODIFICATI":null,"RAPPORT_UR":null,"ID_NOM":"N9999","ID_TRONCON":"T0878","ID_COURSDE":"N9999T0878","ORIGINE1":"SCAN25","BCAE":"non","ZNT":"oui"},"geometry":{"type":"LineString","coordinates":[[1.66039,49.13109],[1.65586,49.13136]]}},
{"type":"Feature","properties":{"NOM":"Sans nom","ETAT":0,"CODE_MODIF":5,"DATE_MODIF":"2012-08-30","MODIFICATI":"SUPPRESSION","RAPPORT_UR":null,"ID_NOM":"N9999","ID_TRONCON":"T0879","ID_COURSDE":"N9999T0879","ORIGINE1":"TERRAIN","BCAE":"non","ZNT":"non"},"geometry":{"type":"LineString","coordinates":[[1.67346,49.17181],[1.66923,49.17138]]}},
{"type":"Feature","properties":{"NOM":"Sans nom","ETAT":0,"CODE_MODIF":5,"DATE_MODIF":"2013-03-12","MODIFICATI":"SUPPRESSION","RAPPORT_UR":null,"ID_NOM":"N9999","ID_TRONCON":"T0880","ID_COURSDE":"N9999T0880","ORIGINE1":"TERRAIN","BCAE":"non","ZNT":"non"},"geometry":{"type":"LineString","coordinates":[[1.67049,49.17741],[1.67041,49.17744],[1.667,49.17721]]}},
{"type":"Feature","properties":{"NOM":"Sans nom","ETAT":2,"CODE_MODIF":0,"DATE_MODIF":null,"MODIFICATI":null,"RAPPORT_UR":null,"ID_NOM":"N9999","ID_TRONCON":"T0881","ID_COURSDE":"N9999T0881","ORIGINE1":"SCAN25","BCAE":"non","ZNT":"oui"},"geometry":{"type":"LineString","coordinates":[[1.67068,49.20133],[1.6761,49.19983]]}},
{"type":"Feature","properties":{"NOM":"Sans nom","ETAT":2,"CODE_MODIF":0,"DATE_MODIF":null,"MODIFICATI":null,"RAPPORT_UR":null,"ID_NOM":"N9999","ID_TRONCON":"T0882","ID_COURSDE":"N9999T0882","ORIGINE1":"SCAN25","BCAE":"non","ZNT":"oui"},"geometry":{"type":"LineString","coordinates":[[1.67157,49.20258],[1.6765,49.20144]]}},
{"type":"Feature","properties":{"NOM":"Sans nom","ETAT":2,"CODE_MODIF":0,"DATE_MODIF":null,"MODIFICATI":null,"RAPPORT_UR":null,"ID_NOM":"N9999","ID_TRONCON":"T0883","ID_COURSDE":"N9999T0883","ORIGINE1":"SCAN25","BCAE":"non","ZNT":"oui"},"geometry":{"type":"LineString","coordinates":[[1.67161,49.21135],[1.67444,49.2104]]}},
{"type":"Feature","properties":{"NOM":"Sans nom","ETAT":2,"CODE_MODIF":0,"DATE_MODIF":null,"MODIFICATI":null,"RAPPORT_UR":null,"ID_NOM":"N9999","ID_TRONCON":"T0884","ID_COURSDE":"N9999T0884","ORIGINE1":"SCAN25","BCAE":"non","ZNT":"oui"},"geometry":{"type":"LineString","coordinates":[[1.67082,49.21026],[1.67384,49.20914]]}},
{"type":"Feature","properties":{"NOM":"Sans nom","ETAT":2,"CODE_MODIF":0,"DATE_MODIF":null,"MODIFICATI":null,"RAPPORT_UR":null,"ID_NOM":"N9999","ID_TRONCON":"T0885","ID_COURSDE":"N9999T0885","ORIGINE1":"SCAN25","BCAE":"non","ZNT":"oui"},"geometry":{"type":"LineString","coordinates":[[1.67217,49.20745],[1.6729,49.20725]]}},
{"type":"Feature","properties":{"NOM":"Sans nom","ETAT":2,"CODE_MODIF":0,"DATE_MODIF":null,"MODIFICATI":null,"RAPPORT_UR":null,"ID_NOM":"N9999","ID_TRONCON":"T0886","ID_COURSDE":"N9999T0886","ORIGINE1":"SCAN25","BCAE":"non","ZNT":"oui"},"geometry":{"type":"LineString","coordinates":[[1.67721,49.20996],[1.67439,49.21027]]}},
{"type":"Feature","properties":{"NOM":"Sans nom","ETAT":2,"CODE_MODIF":0,"DATE_MODIF":null,"MODIFICATI":null,"RAPPORT_UR":null,"ID_NOM":"N9999","ID_TRONCON":"T0887","ID_COURSDE":"N9999T0887","ORIGINE1":"SCAN25","BCAE":"non","ZNT":"oui"},"geometry":{"type":"LineString","coordinates":[[1.67689,49.20876],[1.67644,49.20761],[1.67481,49.2078]]}},
{"type":"Feature","properties":{"NOM":"Sans nom","ETAT":2,"CODE_MODIF":0,"DATE_MODIF":null,"MODIFICATI":null,"RAPPORT_UR":null,"ID_NOM":"N9999","ID_TRONCON":"T0888","ID_COURSDE":"N9999T0888","ORIGINE1":"SCAN25","BCAE":"non","ZNT":"oui"},"geometry":{"type":"LineString","coordinates":[[1.6834,49.21446],[1.68181,49.2156]]}},
{"type":"Feature","properties":{"NOM":"Sans nom","ETAT":0,"CODE_MODIF":0,"DATE_MODIF":"2014-01-27","MODIFICATI":"SUPPRESSION","RAPPORT_UR":null,"ID_NOM":"N9999","ID_TRONCON":"T0889","ID_COURSDE":"N9999T0889","ORIGINE1":"SCAN25","BCAE":"non","ZNT":"non"},"geometry":{"type":"LineString","coordinates":[[1.68728,49.21741],[1.6885,49.21835]]}},
{"type":"Feature","properties":{"NOM":"Sans nom","ETAT":0,"CODE_MODIF":5,"DATE_MODIF":"2014-01-27","MODIFICATI":"SUPPRESSION","RAPPORT_UR":null,"ID_NOM":"N9999","ID_TRONCON":"T0890","ID_COURSDE":"N9999T0890","ORIGINE1":"TERRAIN","BCAE":"non","ZNT":"non"},"geometry":{"type":"LineString","coordinates":[[1.69499,49.22197],[1.69794,49.22399]]}},
{"type":"Feature","properties":{"NOM":"Sans nom","ETAT":0,"CODE_MODIF":5,"DATE_MODIF":"2014-01-27","MODIFICATI":"SUPPRESSION","RAPPORT_UR":null,"ID_NOM":"N9999","ID_TRONCON":"T0891","ID_COURSDE":"N9999T0891","ORIGINE1":"TERRAIN","BCAE":"non","ZNT":"non"},"geometry":{"type":"LineString","coordinates":[[1.68902,49.21803],[1.69001,49.21936],[1.69155,49.22045]]}},
{"type":"Feature","properties":{"NOM":"Sans nom","ETAT":0,"CODE_MODIF":5,"DATE_MODIF":"2014-01-27","MODIFICATI":"SUPPRESSION","RAPPORT_UR":null,"ID_NOM":"N9999","ID_TRONCON":"T0892","ID_COURSDE":"N9999T0892","ORIGINE1":"TERRAIN","BCAE":"non","ZNT":"non"},"geometry":{"type":"LineString","coordinates":[[1.69209,49.22009],[1.69095,49.22084]]}},
{"type":"Feature","properties":{"NOM":"Sans nom","ETAT":2,"CODE_MODIF":0,"DATE_MODIF":null,"MODIFICATI":null,"RAPPORT_UR":null,"ID_NOM":"N9999","ID_TRONCON":"T0893","ID_COURSDE":"N9999T0893","ORIGINE1":"SCAN25","BCAE":"non","ZNT":"oui"},"geometry":{"type":"LineString","coordinates":[[1.6995,49.23118],[1.69777,49.22786],[1.69893,49.2274]]}},
{"type":"Feature","properties":{"NOM":"Sans nom","ETAT":2,"CODE_MODIF":0,"DATE_MODIF":null,"MODIFICATI":null,"RAPPORT_UR":null,"ID_NOM":"N9999","ID_TRONCON":"T0894","ID_COURSDE":"N9999T0894","ORIGINE1":"SCAN25","BCAE":"non","ZNT":"oui"},"geometry":{"type":"LineString","coordinates":[[1.69853,49.22931],[1.70173,49.22766]]}},
{"type":"Feature","properties":{"NOM":"Sans nom","ETAT":2,"CODE_MODIF":0,"DATE_MODIF":null,"MODIFICATI":null,"RAPPORT_UR":null,"ID_NOM":"N9999","ID_TRONCON":"T0895","ID_COURSDE":"N9999T0895","ORIGINE1":"SCAN25","BCAE":"non","ZNT":"oui"},"geometry":{"type":"LineString","coordinates":[[1.69901,49.23017],[1.70341,49.22858]]}},
{"type":"Feature","properties":{"NOM":"Sans nom","ETAT":2,"CODE_MODIF":0,"DATE_MODIF":null,"MODIFICATI":null,"RAPPORT_UR":null,"ID_NOM":"N9999","ID_TRONCON":"T0896","ID_COURSDE":"N9999T0896","ORIGINE1":"SCAN25","BCAE":"non","ZNT":"oui"},"geometry":{"type":"LineString","coordinates":[[1.70033,49.23092],[1.70337,49.23015]]}},
{"type":"Feature","properties":{"NOM":"Sans nom","ETAT":2,"CODE_MODIF":0,"DATE_MODIF":null,"MODIFICATI":null,"RAPPORT_UR":null,"ID_NOM":"N9999","ID_TRONCON":"T0897","ID_COURSDE":"N9999T0897","ORIGINE1":"SCAN25","BCAE":"non","ZNT":"oui"},"geometry":{"type":"LineString","coordinates":[[2.36432,49.01079],[2.36471,49.0108],[2.36518,49.0107],[2.36554,49.01054],[2.36618,49.01031],[2.36645,49.01017],[2.36668,49.00999],[2.36707,49.00943],[2.36732,49.00894],[2.3684,49.0073],[2.36861,49.00683],[2.36883,49.00646],[2.36884,49.00611],[2.36889,49.00603],[2.36953,49.00543],[2.36988,49.00523],[2.37025,49.00493],[2.37056,49.00448],[2.3708,49.00422],[2.37131,49.00386],[2.37159,49.00374],[2.37157,49.00371],[2.37124,49.00367],[2.37077,49.00352],[2.37051,49.00339],[2.37045,49.00332]]}},
{"type":"Feature","properties":{"NOM":"Sans nom","ETAT":2,"CODE_MODIF":0,"DATE_MODIF":null,"MODIFICATI":null,"RAPPORT_UR":null,"ID_NOM":"N9999","ID_TRONCON":"T0898","ID_COURSDE":"N9999T0898","ORIGINE1":"SCAN25","BCAE":"non","ZNT":"oui"},"geometry":{"type":"LineString","coordinates":[[2.36494,49.01549],[2.36538,49.01495],[2.36565,49.01475],[2.36595,49.0144],[2.36653,49.01395],[2.36671,49.01368],[2.36681,49.01329],[2.36671,49.01278],[2.36632,49.01231],[2.36566,49.0119],[2.365,49.01173],[2.36473,49.01133],[2.36423,49.0109]]}},
{"type":"Feature","properties":{"NOM":"Sans nom","ETAT":1,"CODE_MODIF":0,"DATE_MODIF":null,"MODIFICATI":null,"RAPPORT_UR":null,"ID_NOM":"N9999","ID_TRONCON":"T0899","ID_COURSDE":"N9999T0899","ORIGINE1":"SCAN25","BCAE":"oui","ZNT":"oui"},"geometry":{"type":"LineString","coordinates":[[2.3781,49.12114],[2.37798,49.12138],[2.37797,49.12184],[2.37777,49.12202],[2.37747,49.12217],[2.37733,49.12235],[2.37743,49.12286],[2.37841,49.12278],[2.37853,49.12287],[2.37883,49.12357],[2.37893,49.12357],[2.37929,49.12343],[2.37935,49.12344],[2.38037,49.12408],[2.38075,49.12437],[2.38093,49.12446],[2.38067,49.12483],[2.38061,49.12502],[2.38059,49.12597],[2.38054,49.12631],[2.38045,49.12674],[2.38028,49.12704],[2.37995,49.12735],[2.37949,49.12767],[2.37864,49.12808],[2.37728,49.12864]]}},
{"type":"Feature","properties":{"NOM":"Sans nom","ETAT":2,"CODE_MODIF":0,"DATE_MODIF":null,"MODIFICATI":null,"RAPPORT_UR":null,"ID_NOM":"N9999","ID_TRONCON":"T0900","ID_COURSDE":"N9999T0900","ORIGINE1":"SCAN25","BCAE":"non","ZNT":"oui"},"geometry":{"type":"LineString","coordinates":[[2.40123,49.12076],[2.40127,49.12098],[2.40172,49.12185],[2.4018,49.12212],[2.40171,49.12224],[2.40172,49.12235],[2.40186,49.12255],[2.40279,49.12324],[2.4035,49.12384],[2.40445,49.12452],[2.40593,49.1253],[2.40626,49.12555],[2.40832,49.12656],[2.40859,49.12673],[2.40929,49.12728],[2.40972,49.12776],[2.40991,49.12802],[2.40998,49.12826],[2.41053,49.12905],[2.4105,49.12926],[2.41057,49.13017],[2.41082,49.13084],[2.4113,49.13167],[2.41164,49.13198],[2.41202,49.13276],[2.41229,49.13318],[2.41265,49.13362]]}},
{"type":"Feature","properties":{"NOM":"Sans nom","ETAT":2,"CODE_MODIF":0,"DATE_MODIF":null,"MODIFICATI":null,"RAPPORT_UR":null,"ID_NOM":"N9999","ID_TRONCON":"T0901","ID_COURSDE":"N9999T0901","ORIGINE1":"SCAN25","BCAE":"non","ZNT":"oui"},"geometry":{"type":"LineString","coordinates":[[2.51677,49.08763],[2.5167,49.08753],[2.51661,49.08748],[2.51624,49.08741]]}},
{"type":"Feature","properties":{"NOM":"Sans nom","ETAT":2,"CODE_MODIF":0,"DATE_MODIF":null,"MODIFICATI":null,"RAPPORT_UR":null,"ID_NOM":"N9999","ID_TRONCON":"T0902","ID_COURSDE":"N9999T0902","ORIGINE1":"SCAN25","BCAE":"non","ZNT":"oui"},"geometry":{"type":"LineString","coordinates":[[2.51793,49.08736],[2.51777,49.08715],[2.51767,49.0871],[2.51751,49.08708]]}},
{"type":"Feature","properties":{"NOM":"Sans nom","ETAT":2,"CODE_MODIF":0,"DATE_MODIF":null,"MODIFICATI":null,"RAPPORT_UR":null,"ID_NOM":"N9999","ID_TRONCON":"T0903","ID_COURSDE":"N9999T0903","ORIGINE1":"SCAN25","BCAE":"non","ZNT":"oui"},"geometry":{"type":"LineString","coordinates":[[2.36555,49.01883],[2.36514,49.01882]]}},
{"type":"Feature","properties":{"NOM":"Sans nom","ETAT":3,"CODE_MODIF":0,"DATE_MODIF":null,"MODIFICATI":null,"RAPPORT_UR":null,"ID_NOM":"N9999","ID_TRONCON":"T0904","ID_COURSDE":"N9999T0904","ORIGINE1":"SCAN25","BCAE":"non","ZNT":"oui"},"geometry":{"type":"LineString","coordinates":[[2.35025,49.01225],[2.3509,49.00977],[2.34991,49.00778],[2.35029,49.00697],[2.35128,49.00617],[2.35352,49.00561],[2.35493,49.00584]]}},
{"type":"Feature","properties":{"NOM":"Sans nom","ETAT":0,"CODE_MODIF":6,"DATE_MODIF":"2015-01-01","MODIFICATI":"FOSSÉ","RAPPORT_UR":"\\\\Sbl95-03\\gb_cons\\EAU\\N_MASSE_EAU\\L_COURS_DEAU_L_095\\UDr20150101FontaineSaintGenevieve","ID_NOM":"N9999","ID_TRONCON":"T0905","ID_COURSDE":"N9999T0905","ORIGINE1":"TERRAIN","BCAE":"non","ZNT":"non"},"geometry":{"type":"LineString","coordinates":[[2.49292,49.05532],[2.49314,49.05479],[2.49342,49.05436],[2.4934,49.05378]]}},
{"type":"Feature","properties":{"NOM":"Sans nom","ETAT":0,"CODE_MODIF":6,"DATE_MODIF":"2015-01-01","MODIFICATI":"FOSSÉ","RAPPORT_UR":"\\\\Sbl95-03\\gb_cons\\EAU\\N_MASSE_EAU\\L_COURS_DEAU_L_095\\UDr20150101FontaineSaintGenevieve","ID_NOM":"N9999","ID_TRONCON":"T0906","ID_COURSDE":"N9999T0906","ORIGINE1":"TERRAIN","BCAE":"non","ZNT":"non"},"geometry":{"type":"LineString","coordinates":[[2.49224,49.04794],[2.4917,49.04879],[2.49146,49.04975],[2.49183,49.05138]]}},
{"type":"Feature","properties":{"NOM":"Sans nom","ETAT":0,"CODE_MODIF":6,"DATE_MODIF":"2015-01-01","MODIFICATI":"FOSSÉ","RAPPORT_UR":"\\\\Sbl95-03\\gb_cons\\EAU\\N_MASSE_EAU\\L_COURS_DEAU_L_095\\UDr20150101FontaineSaintGenevieve","ID_NOM":"N9999","ID_TRONCON":"T0907","ID_COURSDE":"N9999T0907","ORIGINE1":"TERRAIN","BCAE":"non","ZNT":"non"},"geometry":{"type":"LineString","coordinates":[[2.49415,49.04509],[2.49456,49.04488],[2.49625,49.04444],[2.49655,49.04416],[2.49677,49.04287],[2.49736,49.04166]]}},
{"type":"Feature","properties":{"NOM":"Sans nom","ETAT":2,"CODE_MODIF":0,"DATE_MODIF":null,"MODIFICATI":null,"RAPPORT_UR":null,"ID_NOM":"N9999","ID_TRONCON":"T0908","ID_COURSDE":"N9999T0908","ORIGINE1":"SCAN25","BCAE":"non","ZNT":"oui"},"geometry":{"type":"LineString","coordinates":[[2.45446,48.95526],[2.45427,48.95484]]}},
{"type":"Feature","properties":{"NOM":"Sans nom","ETAT":2,"CODE_MODIF":0,"DATE_MODIF":null,"MODIFICATI":null,"RAPPORT_UR":null,"ID_NOM":"N9999","ID_TRONCON":"T0909","ID_COURSDE":"N9999T0909","ORIGINE1":"SCAN25","BCAE":"non","ZNT":"oui"},"geometry":{"type":"LineString","coordinates":[[1.76532,49.0239],[1.76409,49.02277],[1.76352,49.02194],[1.76242,49.02114],[1.76132,49.02043]]}},
{"type":"Feature","properties":{"NOM":"Sans nom","ETAT":2,"CODE_MODIF":0,"DATE_MODIF":null,"MODIFICATI":null,"RAPPORT_UR":null,"ID_NOM":"N9999","ID_TRONCON":"T0910","ID_COURSDE":"N9999T0910","ORIGINE1":"SCAN25","BCAE":"non","ZNT":"oui"},"geometry":{"type":"LineString","coordinates":[[1.73906,49.03594],[1.73968,49.03526],[1.74003,49.0338],[1.7402,49.03347],[1.74041,49.03331],[1.74149,49.03298],[1.74179,49.03285],[1.742,49.0327],[1.74251,49.03252]]}},
{"type":"Feature","properties":{"NOM":"Sans nom","ETAT":1,"CODE_MODIF":0,"DATE_MODIF":null,"MODIFICATI":null,"RAPPORT_UR":null,"ID_NOM":"N9999","ID_TRONCON":"T0911","ID_COURSDE":"N9999T0911","ORIGINE1":"SCAN25","BCAE":"oui","ZNT":"oui"},"geometry":{"type":"MultiLineString","coordinates":[[[2.19094,49.13523],[2.19119,49.13325],[2.19145,49.13314],[2.19267,49.13259],[2.19033,49.13039],[2.18945,49.12969],[2.18808,49.1291],[2.18775,49.12899],[2.18741,49.12895],[2.18718,49.12895],[2.18697,49.12886],[2.18689,49.1288],[2.18603,49.12789],[2.18596,49.12728],[2.18497,49.12678],[2.18415,49.12599],[2.18376,49.12533],[2.18364,49.125],[2.18381,49.12432],[2.1838,49.12421],[2.18373,49.12418],[2.18204,49.12413],[2.18164,49.12407],[2.18127,49.12392],[2.18001,49.12311],[2.17983,49.12304],[2.17974,49.12308],[2.17931,49.12279],[2.17912,49.1225]],[[2.19119,49.13325],[2.19,49.13379]],[[2.1928,49.13465],[2.19145,49.13314]],[[2.19365,49.13407],[2.19319,49.13396],[2.19295,49.13395],[2.1926,49.13377],[2.19197,49.13372]]]}},
{"type":"Feature","properties":{"NOM":"Sans nom","ETAT":2,"CODE_MODIF":0,"DATE_MODIF":null,"MODIFICATI":null,"RAPPORT_UR":null,"ID_NOM":"N9999","ID_TRONCON":"T0912","ID_COURSDE":"N9999T0912","ORIGINE1":"SCAN25","BCAE":"non","ZNT":"oui"},"geometry":{"type":"LineString","coordinates":[[2.15839,49.1414],[2.1581,49.14091],[2.15805,49.14063]]}},
{"type":"Feature","properties":{"NOM":"Sans nom","ETAT":2,"CODE_MODIF":0,"DATE_MODIF":null,"MODIFICATI":null,"RAPPORT_UR":null,"ID_NOM":"N9999","ID_TRONCON":"T0913","ID_COURSDE":"N9999T0913","ORIGINE1":"SCAN25","BCAE":"non","ZNT":"oui"},"geometry":{"type":"LineString","coordinates":[[2.15629,49.14231],[2.1581,49.14091]]}},
{"type":"Feature","properties":{"NOM":"Sans nom","ETAT":2,"CODE_MODIF":0,"DATE_MODIF":null,"MODIFICATI":null,"RAPPORT_UR":null,"ID_NOM":"N9999","ID_TRONCON":"T0914","ID_COURSDE":"N9999T0914","ORIGINE1":"SCAN25","BCAE":"non","ZNT":"oui"},"geometry":{"type":"MultiLineString","coordinates":[[[2.14817,49.15083],[2.14663,49.15018]],[[2.14733,49.15047],[2.14687,49.14944]]]}},
{"type":"Feature","properties":{"NOM":"Sans nom","ETAT":2,"CODE_MODIF":0,"DATE_MODIF":null,"MODIFICATI":null,"RAPPORT_UR":null,"ID_NOM":"N9999","ID_TRONCON":"T0915","ID_COURSDE":"N9999T0915","ORIGINE1":"SCAN25","BCAE":"non","ZNT":"oui"},"geometry":{"type":"MultiLineString","coordinates":[[[2.14835,49.13912],[2.14853,49.13928],[2.1486,49.13942],[2.14935,49.13988],[2.1495,49.13993]],[[2.14987,49.14002],[2.14949,49.13993]]]}},
{"type":"Feature","properties":{"NOM":"Sans nom","ETAT":1,"CODE_MODIF":0,"DATE_MODIF":null,"MODIFICATI":null,"RAPPORT_UR":null,"ID_NOM":"N9999","ID_TRONCON":"T0916","ID_COURSDE":"N9999T0916","ORIGINE1":"SCAN25","BCAE":"oui","ZNT":"oui"},"geometry":{"type":"LineString","coordinates":[[2.14987,49.14002],[2.15001,49.14005],[2.15046,49.14026],[2.15088,49.14035],[2.15122,49.14036],[2.1514,49.14046]]}},
{"type":"Feature","properties":{"NOM":"Sans nom","ETAT":2,"CODE_MODIF":0,"DATE_MODIF":null,"MODIFICATI":null,"RAPPORT_UR":null,"ID_NOM":"N9999","ID_TRONCON":"T0917","ID_COURSDE":"N9999T0917","ORIGINE1":"SCAN25","BCAE":"non","ZNT":"oui"},"geometry":{"type":"LineString","coordinates":[[2.11549,49.14438],[2.11495,49.14446],[2.11385,49.14425],[2.11339,49.14471],[2.11333,49.14487],[2.11352,49.14536],[2.11354,49.14576],[2.11335,49.14606],[2.11292,49.14638],[2.11267,49.14685],[2.11238,49.14779],[2.11182,49.14921],[2.11177,49.14957],[2.11225,49.14951]]}},
{"type":"Feature","properties":{"NOM":"Sans nom","ETAT":2,"CODE_MODIF":0,"DATE_MODIF":null,"MODIFICATI":null,"RAPPORT_UR":null,"ID_NOM":"N9999","ID_TRONCON":"T0918","ID_COURSDE":"N9999T0918","ORIGINE1":"SCAN25","BCAE":"non","ZNT":"oui"},"geometry":{"type":"LineString","coordinates":[[2.07862,49.1478],[2.07883,49.14779],[2.07888,49.14747]]}},
{"type":"Feature","properties":{"NOM":"Sans nom","ETAT":1,"CODE_MODIF":0,"DATE_MODIF":null,"MODIFICATI":null,"RAPPORT_UR":null,"ID_NOM":"N9999","ID_TRONCON":"T0919","ID_COURSDE":"N9999T0919","ORIGINE1":"SCAN25","BCAE":"oui","ZNT":"oui"},"geometry":{"type":"LineString","coordinates":[[2.17717,49.12476],[2.17599,49.12537],[2.1749,49.12608],[2.17423,49.12597],[2.17395,49.12582],[2.17388,49.12564],[2.17382,49.12559],[2.17355,49.12548],[2.17325,49.12544]]}},
{"type":"Feature","properties":{"NOM":"Sans nom","ETAT":2,"CODE_MODIF":0,"DATE_MODIF":null,"MODIFICATI":null,"RAPPORT_UR":null,"ID_NOM":"N9999","ID_TRONCON":"T0920","ID_COURSDE":"N9999T0920","ORIGINE1":"SCAN25","BCAE":"non","ZNT":"oui"},"geometry":{"type":"LineString","coordinates":[[2.1775,49.11632],[2.17734,49.11634],[2.17698,49.11653],[2.17641,49.11667],[2.17626,49.11645],[2.17566,49.11597],[2.17563,49.11587],[2.17413,49.11585],[2.17386,49.116],[2.17333,49.11617],[2.17279,49.1164],[2.17177,49.117]]}},
{"type":"Feature","properties":{"NOM":"Sans nom","ETAT":1,"CODE_MODIF":0,"DATE_MODIF":null,"MODIFICATI":null,"RAPPORT_UR":null,"ID_NOM":"N9999","ID_TRONCON":"T0921","ID_COURSDE":"N9999T0921","ORIGINE1":"SCAN25","BCAE":"oui","ZNT":"oui"},"geometry":{"type":"LineString","coordinates":[[2.14329,49.13719],[2.14353,49.1373],[2.14415,49.1375]]}},
{"type":"Feature","properties":{"NOM":"Sans nom","ETAT":1,"CODE_MODIF":0,"DATE_MODIF":null,"MODIFICATI":null,"RAPPORT_UR":null,"ID_NOM":"N9999","ID_TRONCON":"T0922","ID_COURSDE":"N9999T0922","ORIGINE1":"SCAN25","BCAE":"oui","ZNT":"oui"},"geometry":{"type":"LineString","coordinates":[[2.14329,49.13719],[2.14259,49.13694],[2.14202,49.13669],[2.14148,49.13651],[2.14137,49.13644],[2.1401,49.13594],[2.13905,49.13565],[2.13853,49.13554],[2.13812,49.13535],[2.1378,49.13525],[2.13649,49.13501]]}},
{"type":"Feature","properties":{"NOM":"Sans nom","ETAT":1,"CODE_MODIF":0,"DATE_MODIF":null,"MODIFICATI":null,"RAPPORT_UR":null,"ID_NOM":"N9999","ID_TRONCON":"T0923","ID_COURSDE":"N9999T0923","ORIGINE1":"SCAN25","BCAE":"oui","ZNT":"oui"},"geometry":{"type":"LineString","coordinates":[[2.13649,49.13501],[2.13638,49.13491],[2.13615,49.13446]]}},
{"type":"Feature","properties":{"NOM":"Sans nom","ETAT":1,"CODE_MODIF":0,"DATE_MODIF":null,"MODIFICATI":null,"RAPPORT_UR":null,"ID_NOM":"N9999","ID_TRONCON":"T0924","ID_COURSDE":"N9999T0924","ORIGINE1":"SCAN25","BCAE":"oui","ZNT":"oui"},"geometry":{"type":"LineString","coordinates":[[2.10579,49.15791],[2.10636,49.15744],[2.10983,49.15622],[2.11013,49.15622]]}},
{"type":"Feature","properties":{"NOM":"Sans nom","ETAT":1,"CODE_MODIF":0,"DATE_MODIF":null,"MODIFICATI":null,"RAPPORT_UR":null,"ID_NOM":"N9999","ID_TRONCON":"T0925","ID_COURSDE":"N9999T0925","ORIGINE1":"SCAN25","BCAE":"oui","ZNT":"oui"},"geometry":{"type":"LineString","coordinates":[[2.11287,49.15847],[2.11284,49.15858],[2.11207,49.15884],[2.11207,49.15889],[2.11483,49.16248],[2.11491,49.16306],[2.11546,49.16442],[2.11662,49.16499],[2.11674,49.16513],[2.11677,49.16532],[2.11654,49.16689]]}},
{"type":"Feature","properties":{"NOM":"Sans nom","ETAT":1,"CODE_MODIF":0,"DATE_MODIF":null,"MODIFICATI":null,"RAPPORT_UR":null,"ID_NOM":"N9999","ID_TRONCON":"T0926","ID_COURSDE":"N9999T0926","ORIGINE1":"SCAN25","BCAE":"oui","ZNT":"oui"},"geometry":{"type":"LineString","coordinates":[[2.11684,49.16507],[2.11735,49.16529],[2.11718,49.16677],[2.11734,49.16734],[2.11739,49.16775],[2.11738,49.16796],[2.11745,49.16822],[2.1175,49.16827],[2.11777,49.16826],[2.11781,49.16869],[2.11791,49.1687],[2.11819,49.16933],[2.11798,49.1694],[2.11781,49.16953]]}},
{"type":"Feature","properties":{"NOM":"Sans nom","ETAT":1,"CODE_MODIF":0,"DATE_MODIF":null,"MODIFICATI":null,"RAPPORT_UR":null,"ID_NOM":"N9999","ID_TRONCON":"T0927","ID_COURSDE":"N9999T0927","ORIGINE1":"SCAN25","BCAE":"oui","ZNT":"oui"},"geometry":{"type":"LineString","coordinates":[[2.10234,49.18589],[2.10287,49.18605],[2.10326,49.18604],[2.10354,49.1861],[2.10436,49.18615],[2.10535,49.18629],[2.10579,49.18643],[2.10679,49.18694],[2.1076,49.18697],[2.11022,49.18772],[2.11045,49.18785],[2.11056,49.18786],[2.11062,49.18798],[2.11203,49.18798],[2.11295,49.18809],[2.11454,49.18841],[2.11608,49.18895],[2.1178,49.18969],[2.11925,49.19025],[2.1204,49.19125],[2.12067,49.19202],[2.12092,49.19255],[2.12126,49.19296],[2.12209,49.19357],[2.12237,49.19396]]}},
{"type":"Feature","properties":{"NOM":"Sans nom","ETAT":1,"CODE_MODIF":0,"DATE_MODIF":null,"MODIFICATI":null,"RAPPORT_UR":null,"ID_NOM":"N9999","ID_TRONCON":"T0928","ID_COURSDE":"N9999T0928","ORIGINE1":"SCAN25","BCAE":"oui","ZNT":"oui"},"geometry":{"type":"LineString","coordinates":[[2.10163,49.18741],[2.10149,49.18761],[2.10162,49.18792],[2.10176,49.18862],[2.10195,49.18922],[2.10197,49.18953],[2.10184,49.18986],[2.10156,49.19019],[2.10094,49.19069],[2.10062,49.19102],[2.10052,49.19111],[2.10042,49.19111],[2.1004,49.19101],[2.1003,49.19101],[2.10023,49.19107],[2.1001,49.19125],[2.1001,49.19148]]}},
{"type":"Feature","properties":{"NOM":"Sans nom","ETAT":2,"CODE_MODIF":0,"DATE_MODIF":null,"MODIFICATI":null,"RAPPORT_UR":null,"ID_NOM":"N9999","ID_TRONCON":"T0929","ID_COURSDE":"N9999T0929","ORIGINE1":"SCAN25","BCAE":"non","ZNT":"oui"},"geometry":{"type":"MultiLineString","coordinates":[[[2.03076,49.19096],[2.03299,49.19105],[2.03379,49.19126],[2.03391,49.19136],[2.03533,49.19207],[2.03615,49.19191],[2.03644,49.19181],[2.03811,49.19196],[2.03863,49.19222],[2.03984,49.19262],[2.0408,49.19302],[2.04137,49.19336],[2.04233,49.1935],[2.043,49.19364],[2.04334,49.19374],[2.04472,49.19478],[2.04513,49.19494],[2.04562,49.19523],[2.04579,49.19537],[2.04715,49.19579],[2.04746,49.1957],[2.04869,49.19525],[2.04936,49.19495],[2.04985,49.19447],[2.05039,49.19407],[2.05133,49.19359],[2.05218,49.19277],[2.05244,49.19245],[2.05268,49.19229],[2.05309,49.1921],[2.05343,49.192],[2.05356,49.19179],[2.05424,49.1916],[2.05501,49.19131],[2.05565,49.19131],[2.05599,49.19137],[2.05639,49.19149],[2.05742,49.19167],[2.05839,49.19167],[2.05972,49.19214],[2.06016,49.19224],[2.0607,49.19244],[2.06119,49.19273],[2.06101,49.19292],[2.06098,49.19313],[2.06133,49.19331],[2.06112,49.19351],[2.06116,49.19362],[2.06107,49.19366],[2.06091,49.19382],[2.06075,49.19402]],[[2.06291,49.19347],[2.06497,49.1931],[2.06504,49.19325],[2.066,49.19303],[2.06705,49.19311],[2.06726,49.19355]]]}},
{"type":"Feature","properties":{"NOM":"Sans nom","ETAT":2,"CODE_MODIF":0,"DATE_MODIF":null,"MODIFICATI":null,"RAPPORT_UR":null,"ID_NOM":"N9999","ID_TRONCON":"T0930","ID_COURSDE":"N9999T0930","ORIGINE1":"SCAN25","BCAE":"non","ZNT":"oui"},"geometry":{"type":"LineString","coordinates":[[2.0788,49.14831],[2.07851,49.14878]]}},
{"type":"Feature","properties":{"NOM":"Sans nom","ETAT":0,"CODE_MODIF":5,"DATE_MODIF":"2016-10-20","MODIFICATI":"FOSSÉ","RAPPORT_UR":null,"ID_NOM":"N9999","ID_TRONCON":"T0931","ID_COURSDE":"N9999T0931","ORIGINE1":"TERRAIN","BCAE":"non","ZNT":"non"},"geometry":{"type":"LineString","coordinates":[[2.03716,49.18539],[2.03695,49.18513],[2.03693,49.18505],[2.03698,49.18484],[2.03694,49.18451],[2.03702,49.18426],[2.0371,49.18417]]}},
{"type":"Feature","properties":{"NOM":"Sans nom","ETAT":0,"CODE_MODIF":5,"DATE_MODIF":"2016-10-20","MODIFICATI":"FOSSÉ","RAPPORT_UR":null,"ID_NOM":"N9999","ID_TRONCON":"T0932","ID_COURSDE":"N9999T0932","ORIGINE1":"TERRAIN","BCAE":"non","ZNT":"non"},"geometry":{"type":"LineString","coordinates":[[2.0371,49.18417],[2.03726,49.1841],[2.03782,49.18367],[2.03871,49.18337],[2.0391,49.18312],[2.04044,49.18252],[2.04277,49.18061],[2.04275,49.18047]]}},
{"type":"Feature","properties":{"NOM":"Sans nom","ETAT":0,"CODE_MODIF":5,"DATE_MODIF":"2016-10-20","MODIFICATI":"FOSSÉ","RAPPORT_UR":null,"ID_NOM":"N9999","ID_TRONCON":"T0933","ID_COURSDE":"N9999T0933","ORIGINE1":"TERRAIN","BCAE":"non","ZNT":"non"},"geometry":{"type":"LineString","coordinates":[[2.0371,49.18417],[2.03668,49.1843],[2.03557,49.18452],[2.03485,49.18518],[2.03424,49.18561],[2.03392,49.18575],[2.0335,49.18587],[2.03309,49.18591],[2.03273,49.18611],[2.03233,49.18641]]}},
{"type":"Feature","properties":{"NOM":"Sans nom","ETAT":2,"CODE_MODIF":0,"DATE_MODIF":null,"MODIFICATI":null,"RAPPORT_UR":null,"ID_NOM":"N9999","ID_TRONCON":"T0934","ID_COURSDE":"N9999T0934","ORIGINE1":"SCAN25","BCAE":"non","ZNT":"oui"},"geometry":{"type":"LineString","coordinates":[[2.10552,49.18634],[2.10567,49.18708],[2.10591,49.1877],[2.106,49.18783],[2.10637,49.18807],[2.10724,49.18851],[2.10786,49.18897],[2.10881,49.18981],[2.1091,49.18997],[2.10918,49.19015],[2.10921,49.19039],[2.10927,49.19054],[2.1097,49.1909]]}},
{"type":"Feature","properties":{"NOM":"Sans nom","ETAT":0,"CODE_MODIF":6,"DATE_MODIF":"2015-01-02","MODIFICATI":"FOSSÉ","RAPPORT_UR":null,"ID_NOM":"N9999","ID_TRONCON":"T0935","ID_COURSDE":"N9999T0935","ORIGINE1":"TERRAIN","BCAE":"non","ZNT":"non"},"geometry":{"type":"LineString","coordinates":[[2.02318,49.16217],[2.02229,49.16168],[2.02084,49.16053],[2.02022,49.16016],[2.01841,49.15943],[2.01694,49.15897],[2.01537,49.15814],[2.01533,49.15792],[2.01338,49.15634],[2.01069,49.15581]]}},
{"type":"Feature","properties":{"NOM":"Sans nom","ETAT":1,"CODE_MODIF":0,"DATE_MODIF":null,"MODIFICATI":null,"RAPPORT_UR":null,"ID_NOM":"N9999","ID_TRONCON":"T0936","ID_COURSDE":"N9999T0936","ORIGINE1":"SCAN25","BCAE":"oui","ZNT":"oui"},"geometry":{"type":"LineString","coordinates":[[2.07018,49.14303],[2.07112,49.14323],[2.07205,49.1432],[2.07246,49.14314],[2.07361,49.14322]]}},
{"type":"Feature","properties":{"NOM":"Sans nom","ETAT":2,"CODE_MODIF":0,"DATE_MODIF":null,"MODIFICATI":null,"RAPPORT_UR":null,"ID_NOM":"N9999","ID_TRONCON":"T0937","ID_COURSDE":"N9999T0937","ORIGINE1":"SCAN25","BCAE":"non","ZNT":"oui"},"geometry":{"type":"LineString","coordinates":[[2.07018,49.14303],[2.06939,49.14291]]}},
{"type":"Feature","properties":{"NOM":"Sans nom","ETAT":0,"CODE_MODIF":6,"DATE_MODIF":"2015-01-02","MODIFICATI":"SUPPRESSION","RAPPORT_UR":null,"ID_NOM":"N9999","ID_TRONCON":"T0938","ID_COURSDE":"N9999T0938","ORIGINE1":"TERRAIN","BCAE":"non","ZNT":"non"},"geometry":{"type":"LineString","coordinates":[[2.01403,49.16202],[2.01408,49.16216],[2.01396,49.16236],[2.01358,49.16258],[2.01254,49.16298],[2.01182,49.16365],[2.01118,49.16446],[2.01084,49.16464],[2.0091,49.16513],[2.00751,49.16659],[2.00711,49.16722],[2.00662,49.16825],[2.00639,49.16901],[2.00665,49.16922]]}},
{"type":"Feature","properties":{"NOM":"Sans nom","ETAT":0,"CODE_MODIF":6,"DATE_MODIF":"2015-01-02","MODIFICATI":"SUPPRESSION","RAPPORT_UR":null,"ID_NOM":"N9999","ID_TRONCON":"T0939","ID_COURSDE":"N9999T0939","ORIGINE1":"TERRAIN","BCAE":"non","ZNT":"non"},"geometry":{"type":"LineString","coordinates":[[2.01095,49.16954],[2.00958,49.16916],[2.00946,49.16907],[2.00943,49.1689],[2.00783,49.16891],[2.00746,49.16898],[2.00688,49.16918],[2.00665,49.16922]]}},
{"type":"Feature","properties":{"NOM":"Sans nom","ETAT":2,"CODE_MODIF":0,"DATE_MODIF":null,"MODIFICATI":null,"RAPPORT_UR":null,"ID_NOM":"N9999","ID_TRONCON":"T0940","ID_COURSDE":"N9999T0940","ORIGINE1":"SCAN25","BCAE":"non","ZNT":"oui"},"geometry":{"type":"LineString","coordinates":[[1.99981,49.16713],[1.99899,49.16735],[1.99891,49.16749],[1.9982,49.16778],[1.99792,49.16829],[1.99729,49.1687],[1.99773,49.16929],[1.99776,49.16943],[1.99625,49.16995]]}},
{"type":"Feature","properties":{"NOM":"Sans nom","ETAT":2,"CODE_MODIF":0,"DATE_MODIF":null,"MODIFICATI":null,"RAPPORT_UR":null,"ID_NOM":"N9999","ID_TRONCON":"T0941","ID_COURSDE":"N9999T0941","ORIGINE1":"SCAN25","BCAE":"non","ZNT":"oui"},"geometry":{"type":"LineString","coordinates":[[1.99808,49.16742],[1.99807,49.16754],[1.9982,49.16778]]}},
{"type":"Feature","properties":{"NOM":"Sans nom","ETAT":2,"CODE_MODIF":0,"DATE_MODIF":null,"MODIFICATI":null,"RAPPORT_UR":null,"ID_NOM":"N9999","ID_TRONCON":"T0942","ID_COURSDE":"N9999T0942","ORIGINE1":"SCAN25","BCAE":"non","ZNT":"oui"},"geometry":{"type":"LineString","coordinates":[[1.99631,49.16597],[1.99652,49.16633],[1.99685,49.16655],[1.9969,49.16667],[1.99719,49.16697],[1.99729,49.16713],[1.99742,49.16788],[1.99754,49.16818],[1.99762,49.16827],[1.99715,49.16849],[1.99729,49.1687]]}},
{"type":"Feature","properties":{"NOM":"Sans nom","ETAT":2,"CODE_MODIF":0,"DATE_MODIF":null,"MODIFICATI":null,"RAPPORT_UR":null,"ID_NOM":"N9999","ID_TRONCON":"T0943","ID_COURSDE":"N9999T0943","ORIGINE1":"SCAN25","BCAE":"non","ZNT":"oui"},"geometry":{"type":"LineString","coordinates":[[1.99939,49.1701],[1.99793,49.16942],[1.99776,49.16943]]}},
{"type":"Feature","properties":{"NOM":"Sans nom","ETAT":2,"CODE_MODIF":0,"DATE_MODIF":null,"MODIFICATI":null,"RAPPORT_UR":null,"ID_NOM":"N9999","ID_TRONCON":"T0944","ID_COURSDE":"N9999T0944","ORIGINE1":"SCAN25","BCAE":"non","ZNT":"oui"},"geometry":{"type":"LineString","coordinates":[[2.0034,49.17618],[2.00333,49.17666],[2.00335,49.17758],[2.00267,49.17836],[2.0007,49.17979],[1.99941,49.18157],[1.99881,49.18227],[1.99841,49.18244],[1.99784,49.18259],[1.99752,49.18263],[1.99687,49.18263],[1.99637,49.18271],[1.99616,49.18287],[1.99576,49.18354]]}},
{"type":"Feature","properties":{"NOM":"Sans nom","ETAT":0,"CODE_MODIF":5,"DATE_MODIF":"2012-08-31","MODIFICATI":"SUPPRESSION","RAPPORT_UR":null,"ID_NOM":"N9999","ID_TRONCON":"T0945","ID_COURSDE":"N9999T0945","ORIGINE1":"TERRAIN","BCAE":"non","ZNT":"non"},"geometry":{"type":"LineString","coordinates":[[1.98067,49.13139],[1.98127,49.13092],[1.98116,49.13046]]}},
{"type":"Feature","properties":{"NOM":"Sans nom","ETAT":1,"CODE_MODIF":0,"DATE_MODIF":null,"MODIFICATI":null,"RAPPORT_UR":null,"ID_NOM":"N9999","ID_TRONCON":"T0946","ID_COURSDE":"N9999T0946","ORIGINE1":"SCAN25","BCAE":"oui","ZNT":"oui"},"geometry":{"type":"LineString","coordinates":[[1.75552,49.12445],[1.75527,49.12433],[1.75487,49.12425],[1.75468,49.1241],[1.75465,49.124]]}},
{"type":"Feature","properties":{"NOM":"Sans nom","ETAT":1,"CODE_MODIF":1,"DATE_MODIF":"2012-08-30","MODIFICATI":"ETAT 2 EN 1","RAPPORT_UR":null,"ID_NOM":"N9999","ID_TRONCON":"T0947","ID_COURSDE":"N9999T0947","ORIGINE1":"TERRAIN","BCAE":"oui","ZNT":"oui"},"geometry":{"type":"LineString","coordinates":[[1.67097,49.17551],[1.67118,49.17497],[1.67124,49.17467],[1.67112,49.17436],[1.67087,49.17398],[1.66939,49.17309],[1.6692,49.17291],[1.66912,49.17234],[1.66927,49.17188],[1.66923,49.17138],[1.66881,49.17107]]}},
{"type":"Feature","properties":{"NOM":"Sans nom","ETAT":2,"CODE_MODIF":0,"DATE_MODIF":null,"MODIFICATI":null,"RAPPORT_UR":null,"ID_NOM":"N9999","ID_TRONCON":"T0948","ID_COURSDE":"N9999T0948","ORIGINE1":"SCAN25","BCAE":"non","ZNT":"oui"},"geometry":{"type":"LineString","coordinates":[[1.66985,49.19972],[1.66897,49.19832],[1.66842,49.19716]]}},
{"type":"Feature","properties":{"NOM":"Sans nom","ETAT":2,"CODE_MODIF":0,"DATE_MODIF":null,"MODIFICATI":null,"RAPPORT_UR":null,"ID_NOM":"N9999","ID_TRONCON":"T0949","ID_COURSDE":"N9999T0949","ORIGINE1":"SCAN25","BCAE":"non","ZNT":"oui"},"geometry":{"type":"LineString","coordinates":[[1.66842,49.19716],[1.67049,49.19665],[1.67275,49.19602],[1.67362,49.19573]]}},
{"type":"Feature","properties":{"NOM":"Sans nom","ETAT":2,"CODE_MODIF":0,"DATE_MODIF":null,"MODIFICATI":null,"RAPPORT_UR":null,"ID_NOM":"N9999","ID_TRONCON":"T0950","ID_COURSDE":"N9999T0950","ORIGINE1":"SCAN25","BCAE":"non","ZNT":"oui"},"geometry":{"type":"LineString","coordinates":[[1.66191,49.14767],[1.66263,49.14857],[1.66328,49.14904],[1.66364,49.14939],[1.66376,49.14955]]}},
{"type":"Feature","properties":{"NOM":"Sans nom","ETAT":2,"CODE_MODIF":0,"DATE_MODIF":null,"MODIFICATI":null,"RAPPORT_UR":null,"ID_NOM":"N9999","ID_TRONCON":"T0951","ID_COURSDE":"N9999T0951","ORIGINE1":"SCAN25","BCAE":"non","ZNT":"oui"},"geometry":{"type":"LineString","coordinates":[[1.65951,49.14826],[1.65924,49.14783]]}},
{"type":"Feature","properties":{"NOM":"Sans nom","ETAT":1,"CODE_MODIF":0,"DATE_MODIF":null,"MODIFICATI":null,"RAPPORT_UR":null,"ID_NOM":"N9999","ID_TRONCON":"T0952","ID_COURSDE":"N9999T0952","ORIGINE1":"SCAN25","BCAE":"oui","ZNT":"oui"},"geometry":{"type":"LineString","coordinates":[[1.65924,49.14783],[1.65719,49.14661],[1.65646,49.146]]}},
{"type":"Feature","properties":{"NOM":"Sans nom","ETAT":2,"CODE_MODIF":0,"DATE_MODIF":null,"MODIFICATI":null,"RAPPORT_UR":null,"ID_NOM":"N9999","ID_TRONCON":"T0953","ID_COURSDE":"N9999T0953","ORIGINE1":"SCAN25","BCAE":"non","ZNT":"oui"},"geometry":{"type":"LineString","coordinates":[[1.65646,49.146],[1.65628,49.14586],[1.6549,49.14129]]}},
{"type":"Feature","properties":{"NOM":"Sans nom","ETAT":1,"CODE_MODIF":0,"DATE_MODIF":null,"MODIFICATI":null,"RAPPORT_UR":null,"ID_NOM":"N9999","ID_TRONCON":"T0954","ID_COURSDE":"N9999T0954","ORIGINE1":"SCAN25","BCAE":"oui","ZNT":"oui"},"geometry":{"type":"LineString","coordinates":[[1.65265,49.14148],[1.65325,49.14132],[1.65441,49.14126],[1.6549,49.14129],[1.65502,49.1412],[1.65492,49.14101],[1.65492,49.14089],[1.65502,49.14054],[1.6551,49.14041]]}},
{"type":"Feature","properties":{"NOM":"Sans nom","ETAT":2,"CODE_MODIF":0,"DATE_MODIF":null,"MODIFICATI":null,"RAPPORT_UR":null,"ID_NOM":"N9999","ID_TRONCON":"T0955","ID_COURSDE":"N9999T0955","ORIGINE1":"SCAN25","BCAE":"non","ZNT":"oui"},"geometry":{"type":"LineString","coordinates":[[1.64829,49.12182],[1.64698,49.12097],[1.64671,49.12086],[1.64616,49.12072],[1.64585,49.12067],[1.6455,49.12075]]}},
{"type":"Feature","properties":{"NOM":"Sans nom","ETAT":2,"CODE_MODIF":0,"DATE_MODIF":null,"MODIFICATI":null,"RAPPORT_UR":null,"ID_NOM":"N9999","ID_TRONCON":"T0956","ID_COURSDE":"N9999T0956","ORIGINE1":"SCAN25","BCAE":"non","ZNT":"oui"},"geometry":{"type":"LineString","coordinates":[[1.55827,49.07712],[1.55595,49.07712],[1.55417,49.07685],[1.55387,49.0763],[1.55372,49.07618],[1.5535,49.0761],[1.55216,49.07604],[1.55196,49.07594],[1.55117,49.07532],[1.54965,49.07548],[1.54913,49.07534],[1.54807,49.07515],[1.54677,49.07471],[1.5428,49.07388],[1.5424,49.07363]]}},
{"type":"Feature","properties":{"NOM":"Sans nom","ETAT":2,"CODE_MODIF":0,"DATE_MODIF":null,"MODIFICATI":null,"RAPPORT_UR":null,"ID_NOM":"N9999","ID_TRONCON":"T0957","ID_COURSDE":"N9999T0957","ORIGINE1":"SCAN25","BCAE":"non","ZNT":"oui"},"geometry":{"type":"LineString","coordinates":[[1.54911,49.06985],[1.54773,49.07105],[1.54745,49.07116],[1.54639,49.07119],[1.54307,49.07097],[1.54024,49.07148],[1.53825,49.07238]]}},
{"type":"Feature","properties":{"NOM":"Sans nom","ETAT":1,"CODE_MODIF":0,"DATE_MODIF":null,"MODIFICATI":null,"RAPPORT_UR":null,"ID_NOM":"N9999","ID_TRONCON":"T0958","ID_COURSDE":"N9999T0958","ORIGINE1":"SCAN25","BCAE":"oui","ZNT":"oui"},"geometry":{"type":"LineString","coordinates":[[1.53288,49.07446],[1.53148,49.07446]]}},
{"type":"Feature","properties":{"NOM":"Sans nom","ETAT":1,"CODE_MODIF":0,"DATE_MODIF":null,"MODIFICATI":null,"RAPPORT_UR":null,"ID_NOM":"N9999","ID_TRONCON":"T0959","ID_COURSDE":"N9999T0959","ORIGINE1":"SCAN25","BCAE":"oui","ZNT":"oui"},"geometry":{"type":"LineString","coordinates":[[1.53148,49.07446],[1.53173,49.07428],[1.53185,49.07362],[1.5317,49.07312],[1.53178,49.07273],[1.53202,49.07223],[1.5323,49.0719]]}},
{"type":"Feature","properties":{"NOM":"Sans nom","ETAT":1,"CODE_MODIF":0,"DATE_MODIF":null,"MODIFICATI":null,"RAPPORT_UR":null,"ID_NOM":"N9999","ID_TRONCON":"T0960","ID_COURSDE":"N9999T0960","ORIGINE1":"SCAN25","BCAE":"oui","ZNT":"oui"},"geometry":{"type":"LineString","coordinates":[[1.53148,49.07446],[1.53093,49.07436],[1.5305,49.07434],[1.52995,49.07417],[1.52939,49.07413],[1.52884,49.074],[1.52879,49.07393],[1.52849,49.0739],[1.52804,49.07378],[1.52761,49.07377],[1.52744,49.07369],[1.52698,49.07374],[1.52617,49.07418],[1.52586,49.07442],[1.52518,49.07468],[1.52477,49.07478],[1.52465,49.07488],[1.52412,49.07491],[1.52353,49.07527],[1.52353,49.0754],[1.52318,49.07542],[1.52305,49.07555],[1.52252,49.07589],[1.52221,49.07589],[1.52219,49.07604],[1.52196,49.07614],[1.52195,49.07628],[1.52154,49.07678],[1.52109,49.07692],[1.521,49.07718],[1.52089,49.07732],[1.52051,49.07742],[1.51975,49.07791],[1.5194,49.07801],[1.51909,49.07831],[1.51895,49.07837],[1.51842,49.07838],[1.51825,49.07853],[1.51767,49.07931],[1.51711,49.07983],[1.51684,49.08],[1.51614,49.08014]]}},
{"type":"Feature","properties":{"NOM":"Sans nom","ETAT":1,"CODE_MODIF":0,"DATE_MODIF":null,"MODIFICATI":null,"RAPPORT_UR":null,"ID_NOM":"N9999","ID_TRONCON":"T0961","ID_COURSDE":"N9999T0961","ORIGINE1":"SCAN25","BCAE":"oui","ZNT":"oui"},"geometry":{"type":"LineString","coordinates":[[1.8901,49.02224],[1.89026,49.02244],[1.89067,49.02283],[1.89086,49.02324],[1.89108,49.02346],[1.89158,49.02365],[1.89177,49.02377],[1.8919,49.02395],[1.89197,49.02398],[1.89206,49.02422],[1.89271,49.02478],[1.89348,49.02509],[1.89397,49.02565],[1.89388,49.02629],[1.89423,49.02666],[1.89462,49.0272]]}},
{"type":"Feature","properties":{"NOM":"Sans nom","ETAT":2,"CODE_MODIF":0,"DATE_MODIF":null,"MODIFICATI":null,"RAPPORT_UR":null,"ID_NOM":"N9999","ID_TRONCON":"T0962","ID_COURSDE":"N9999T0962","ORIGINE1":"SCAN25","BCAE":"non","ZNT":"oui"},"geometry":{"type":"LineString","coordinates":[[1.85417,49.02904],[1.85405,49.02894],[1.85372,49.02824],[1.85339,49.02786],[1.85138,49.0267],[1.85112,49.02647],[1.85072,49.02586],[1.85072,49.02556]]}},
{"type":"Feature","properties":{"NOM":"Sans nom","ETAT":2,"CODE_MODIF":0,"DATE_MODIF":null,"MODIFICATI":null,"RAPPORT_UR":null,"ID_NOM":"N9999","ID_TRONCON":"T0963","ID_COURSDE":"N9999T0963","ORIGINE1":"SCAN25","BCAE":"non","ZNT":"oui"},"geometry":{"type":"LineString","coordinates":[[1.82039,49.02691],[1.81931,49.02604],[1.819,49.02586]]}},
{"type":"Feature","properties":{"NOM":"Sans nom","ETAT":1,"CODE_MODIF":0,"DATE_MODIF":null,"MODIFICATI":null,"RAPPORT_UR":null,"ID_NOM":"N9999","ID_TRONCON":"T0964","ID_COURSDE":"N9999T0964","ORIGINE1":"SCAN25","BCAE":"oui","ZNT":"oui"},"geometry":{"type":"LineString","coordinates":[[1.82444,49.02968],[1.82444,49.0296],[1.82414,49.02951],[1.8227,49.02936],[1.82228,49.02935],[1.82191,49.02931],[1.8216,49.02915],[1.82158,49.02906],[1.82105,49.02865],[1.82101,49.02853],[1.82103,49.02813],[1.82086,49.02742],[1.82068,49.02714],[1.82039,49.02691]]}},
{"type":"Feature","properties":{"NOM":"Sans nom","ETAT":2,"CODE_MODIF":0,"DATE_MODIF":null,"MODIFICATI":null,"RAPPORT_UR":null,"ID_NOM":"N9999","ID_TRONCON":"T0965","ID_COURSDE":"N9999T0965","ORIGINE1":"SCAN25","BCAE":"non","ZNT":"oui"},"geometry":{"type":"LineString","coordinates":[[1.77552,49.07661],[1.7779,49.07714],[1.78023,49.07714]]}},
{"type":"Feature","properties":{"NOM":"Sans nom","ETAT":2,"CODE_MODIF":0,"DATE_MODIF":null,"MODIFICATI":null,"RAPPORT_UR":null,"ID_NOM":"N9999","ID_TRONCON":"T0966","ID_COURSDE":"N9999T0966","ORIGINE1":"SCAN25","BCAE":"non","ZNT":"oui"},"geometry":{"type":"LineString","coordinates":[[1.77622,49.06926],[1.77772,49.06932],[1.77812,49.06931],[1.7786,49.06926],[1.77948,49.06908],[1.78043,49.06882],[1.78058,49.0687],[1.7807,49.06845],[1.78095,49.06834],[1.78196,49.06819],[1.78254,49.06821],[1.78293,49.06829],[1.78339,49.06833],[1.78425,49.06834],[1.78492,49.0683]]}},
{"type":"Feature","properties":{"NOM":"Sans nom","ETAT":2,"CODE_MODIF":0,"DATE_MODIF":null,"MODIFICATI":null,"RAPPORT_UR":null,"ID_NOM":"N9999","ID_TRONCON":"T0967","ID_COURSDE":"N9999T0967","ORIGINE1":"SCAN25","BCAE":"non","ZNT":"oui"},"geometry":{"type":"LineString","coordinates":[[1.7862,49.07414],[1.78605,49.07452],[1.78623,49.07504],[1.78638,49.07521],[1.78775,49.07633],[1.78809,49.07647],[1.78843,49.07668],[1.7909,49.07826],[1.79137,49.07877],[1.79164,49.07925],[1.79235,49.08033],[1.79343,49.08172],[1.79488,49.08307],[1.79545,49.08354],[1.79594,49.08371],[1.79605,49.08377],[1.79609,49.08385]]}},
{"type":"Feature","properties":{"NOM":"Sans nom","ETAT":2,"CODE_MODIF":0,"DATE_MODIF":null,"MODIFICATI":null,"RAPPORT_UR":null,"ID_NOM":"N9999","ID_TRONCON":"T0968","ID_COURSDE":"N9999T0968","ORIGINE1":"SCAN25","BCAE":"non","ZNT":"oui"},"geometry":{"type":"LineString","coordinates":[[1.77727,49.08111],[1.77705,49.08123],[1.77571,49.08162],[1.77537,49.08169],[1.77495,49.08171],[1.77467,49.08177],[1.77427,49.0819],[1.77335,49.08234],[1.7729,49.08242],[1.77271,49.08251],[1.77043,49.08301],[1.76748,49.08299],[1.76602,49.08303],[1.7649,49.08332]]}},
{"type":"Feature","properties":{"NOM":"Sans nom","ETAT":0,"CODE_MODIF":0,"DATE_MODIF":"2015-05-11","MODIFICATI":"SUPPRESSION","RAPPORT_UR":null,"ID_NOM":"N9999","ID_TRONCON":"T0969","ID_COURSDE":"N9999T0969","ORIGINE1":"SCAN25","BCAE":"non","ZNT":"non"},"geometry":{"type":"LineString","coordinates":[[1.85238,49.05877],[1.85658,49.06081],[1.85677,49.06086]]}},
{"type":"Feature","properties":{"NOM":"Sans nom","ETAT":2,"CODE_MODIF":0,"DATE_MODIF":null,"MODIFICATI":null,"RAPPORT_UR":null,"ID_NOM":"N9999","ID_TRONCON":"T0970","ID_COURSDE":"N9999T0970","ORIGINE1":"SCAN25","BCAE":"non","ZNT":"oui"},"geometry":{"type":"LineString","coordinates":[[1.87126,49.06481],[1.87125,49.06476],[1.87061,49.06424]]}},
{"type":"Feature","properties":{"NOM":"Sans nom","ETAT":2,"CODE_MODIF":0,"DATE_MODIF":null,"MODIFICATI":null,"RAPPORT_UR":null,"ID_NOM":"N9999","ID_TRONCON":"T0971","ID_COURSDE":"N9999T0971","ORIGINE1":"SCAN25","BCAE":"non","ZNT":"oui"},"geometry":{"type":"LineString","coordinates":[[1.76062,48.99753],[1.76108,48.99795],[1.76195,48.99854],[1.76234,48.99928],[1.76262,48.99945],[1.76322,48.9996],[1.76384,49.0],[1.7646,49.00034],[1.76556,49.00044],[1.7659,49.00031],[1.76623,49.00009],[1.76663,48.99942],[1.76572,48.99812],[1.7658,48.99781],[1.76617,48.99758],[1.76642,48.99766]]}},
{"type":"Feature","properties":{"NOM":"Sans nom","ETAT":1,"CODE_MODIF":0,"DATE_MODIF":null,"MODIFICATI":null,"RAPPORT_UR":null,"ID_NOM":"N9999","ID_TRONCON":"T0972","ID_COURSDE":"N9999T0972","ORIGINE1":"SCAN25","BCAE":"oui","ZNT":"oui"},"geometry":{"type":"MultiLineString","coordinates":[[[1.95694,49.09226],[1.95784,49.093],[1.95839,49.09315],[1.9589,49.09355],[1.95906,49.09364],[1.96229,49.09462],[1.96591,49.09465],[1.96616,49.09468],[1.96614,49.09484],[1.96618,49.09492],[1.96638,49.095],[1.96858,49.09487],[1.96884,49.09482],[1.96889,49.09494],[1.96891,49.09546],[1.96856,49.09547],[1.9674,49.09568],[1.9673,49.09574],[1.96726,49.09585],[1.96738,49.0963]],[[1.9728,49.09426],[1.97015,49.09412],[1.9694,49.09429],[1.96934,49.09436],[1.96929,49.09455],[1.96922,49.09465],[1.96906,49.09475],[1.96884,49.09482]]]}},
{"type":"Feature","properties":{"NOM":"Sans nom","ETAT":2,"CODE_MODIF":0,"DATE_MODIF":null,"MODIFICATI":null,"RAPPORT_UR":null,"ID_NOM":"N9999","ID_TRONCON":"T0973","ID_COURSDE":"N9999T0973","ORIGINE1":"SCAN25","BCAE":"non","ZNT":"oui"},"geometry":{"type":"LineString","coordinates":[[1.93677,49.03015],[1.93426,49.0285],[1.93347,49.0277],[1.93302,49.02758],[1.93238,49.02726],[1.93103,49.02666],[1.93053,49.02658],[1.93029,49.02675]]}},
{"type":"Feature","properties":{"NOM":"Sans nom","ETAT":1,"CODE_MODIF":0,"DATE_MODIF":null,"MODIFICATI":null,"RAPPORT_UR":null,"ID_NOM":"N9999","ID_TRONCON":"T0974","ID_COURSDE":"N9999T0974","ORIGINE1":"SCAN25","BCAE":"oui","ZNT":"oui"},"geometry":{"type":"LineString","coordinates":[[1.9064,49.08364],[1.90518,49.08386],[1.90477,49.08403],[1.90415,49.08411]]}},
{"type":"Feature","properties":{"NOM":"Sans nom","ETAT":1,"CODE_MODIF":0,"DATE_MODIF":null,"MODIFICATI":null,"RAPPORT_UR":null,"ID_NOM":"N9999","ID_TRONCON":"T0975","ID_COURSDE":"N9999T0975","ORIGINE1":"SCAN25","BCAE":"oui","ZNT":"oui"},"geometry":{"type":"LineString","coordinates":[[1.86508,49.0865],[1.86771,49.08602]]}},
{"type":"Feature","properties":{"NOM":"Sans nom","ETAT":1,"CODE_MODIF":0,"DATE_MODIF":null,"MODIFICATI":null,"RAPPORT_UR":null,"ID_NOM":"N9999","ID_TRONCON":"T0976","ID_COURSDE":"N9999T0976","ORIGINE1":"SCAN25","BCAE":"oui","ZNT":"oui"},"geometry":{"type":"LineString","coordinates":[[1.86669,49.08414],[1.86673,49.08429],[1.8668,49.08439],[1.86726,49.08478],[1.86785,49.08518],[1.86847,49.08544],[1.8689,49.08554],[1.8692,49.08557]]}},
{"type":"Feature","properties":{"NOM":"Sans nom","ETAT":1,"CODE_MODIF":0,"DATE_MODIF":null,"MODIFICATI":null,"RAPPORT_UR":null,"ID_NOM":"N9999","ID_TRONCON":"T0977","ID_COURSDE":"N9999T0977","ORIGINE1":"SCAN25","BCAE":"oui","ZNT":"oui"},"geometry":{"type":"LineString","coordinates":[[1.90415,49.08411],[1.90399,49.08364]]}},
{"type":"Feature","properties":{"NOM":"Sans nom","ETAT":1,"CODE_MODIF":0,"DATE_MODIF":null,"MODIFICATI":null,"RAPPORT_UR":null,"ID_NOM":"N9999","ID_TRONCON":"T0978","ID_COURSDE":"N9999T0978","ORIGINE1":"SCAN25","BCAE":"oui","ZNT":"oui"},"geometry":{"type":"LineString","coordinates":[[1.89873,49.08588],[1.8981,49.08573],[1.89734,49.08575],[1.89659,49.0857],[1.89641,49.08566],[1.89609,49.08533],[1.89598,49.08514],[1.89559,49.08485],[1.89534,49.08491],[1.8949,49.08509],[1.89438,49.08523],[1.89325,49.08548],[1.89241,49.08572],[1.89207,49.08585],[1.89163,49.08681],[1.8914,49.08716],[1.89071,49.08801],[1.89044,49.08814],[1.88995,49.08825],[1.88752,49.08852],[1.88738,49.0886],[1.88737,49.08914],[1.88729,49.08918],[1.88724,49.0893],[1.88716,49.08937],[1.88695,49.08941],[1.88661,49.08941],[1.88556,49.08932],[1.88382,49.0891],[1.88176,49.08878],[1.88003,49.08841],[1.87991,49.08838],[1.87973,49.08828],[1.87931,49.08824],[1.87833,49.08793],[1.8779,49.08761],[1.87686,49.08703],[1.87632,49.08677],[1.87609,49.08658],[1.87545,49.08648]]}},
{"type":"Feature","properties":{"NOM":"Sans nom","ETAT":2,"CODE_MODIF":0,"DATE_MODIF":null,"MODIFICATI":null,"RAPPORT_UR":null,"ID_NOM":"N9999","ID_TRONCON":"T0979","ID_COURSDE":"N9999T0979","ORIGINE1":"SCAN25","BCAE":"non","ZNT":"oui"},"geometry":{"type":"LineString","coordinates":[[1.84963,49.10796],[1.84921,49.10777],[1.84835,49.10691],[1.848,49.10689],[1.84762,49.10682],[1.84695,49.10665]]}},
{"type":"Feature","properties":{"NOM":"Sans nom","ETAT":2,"CODE_MODIF":0,"DATE_MODIF":null,"MODIFICATI":null,"RAPPORT_UR":null,"ID_NOM":"N9999","ID_TRONCON":"T0980","ID_COURSDE":"N9999T0980","ORIGINE1":"SCAN25","BCAE":"non","ZNT":"oui"},"geometry":{"type":"LineString","coordinates":[[1.8445,49.10666],[1.8445,49.10759]]}},
{"type":"Feature","properties":{"NOM":"Sans nom","ETAT":2,"CODE_MODIF":0,"DATE_MODIF":null,"MODIFICATI":null,"RAPPORT_UR":null,"ID_NOM":"N9999","ID_TRONCON":"T0981","ID_COURSDE":"N9999T0981","ORIGINE1":"SCAN25","BCAE":"non","ZNT":"oui"},"geometry":{"type":"LineString","coordinates":[[1.84739,49.10636],[1.84695,49.10665]]}},
{"type":"Feature","properties":{"NOM":"Sans nom","ETAT":2,"CODE_MODIF":0,"DATE_MODIF":null,"MODIFICATI":null,"RAPPORT_UR":null,"ID_NOM":"N9999","ID_TRONCON":"T0982","ID_COURSDE":"N9999T0982","ORIGINE1":"SCAN25","BCAE":"non","ZNT":"oui"},"geometry":{"type":"LineString","coordinates":[[1.84695,49.10665],[1.84666,49.10657],[1.84642,49.10656],[1.84607,49.10649],[1.84553,49.10666],[1.84365,49.10666],[1.84238,49.10679],[1.84212,49.10675],[1.84144,49.10652]]}},
{"type":"Feature","properties":{"NOM":"Sans nom","ETAT":1,"CODE_MODIF":0,"DATE_MODIF":null,"MODIFICATI":null,"RAPPORT_UR":null,"ID_NOM":"N9999","ID_TRONCON":"T0983","ID_COURSDE":"N9999T0983","ORIGINE1":"SCAN25","BCAE":"oui","ZNT":"oui"},"geometry":{"type":"LineString","coordinates":[[1.90415,49.08411],[1.90358,49.08414],[1.903,49.08423],[1.90221,49.08447],[1.90185,49.08461],[1.90122,49.08494],[1.90076,49.08525],[1.90027,49.08571],[1.90007,49.08582],[1.89962,49.0859],[1.89916,49.08592]]}},
{"type":"Feature","properties":{"NOM":"Sans nom","ETAT":1,"CODE_MODIF":0,"DATE_MODIF":null,"MODIFICATI":null,"RAPPORT_UR":null,"ID_NOM":"N9999","ID_TRONCON":"T0984","ID_COURSDE":"N9999T0984","ORIGINE1":"SCAN25","BCAE":"oui","ZNT":"oui"},"geometry":{"type":"LineString","coordinates":[[1.87545,49.08648],[1.87462,49.08603],[1.87377,49.0852]]}},
{"type":"Feature","properties":{"NOM":"Sans nom","ETAT":1,"CODE_MODIF":0,"DATE_MODIF":null,"MODIFICATI":null,"RAPPORT_UR":null,"ID_NOM":"N9999","ID_TRONCON":"T0985","ID_COURSDE":"N9999T0985","ORIGINE1":"SCAN25","BCAE":"oui","ZNT":"oui"},"geometry":{"type":"LineString","coordinates":[[1.87089,49.08702],[1.87113,49.0872],[1.87137,49.08725],[1.87189,49.08722],[1.87225,49.08711],[1.87256,49.08717],[1.87268,49.08717],[1.87299,49.08707],[1.87299,49.08684],[1.87393,49.08667],[1.87438,49.08665],[1.87501,49.08653],[1.87545,49.08648]]}},
{"type":"Feature","properties":{"NOM":"Sans nom","ETAT":1,"CODE_MODIF":0,"DATE_MODIF":null,"MODIFICATI":null,"RAPPORT_UR":null,"ID_NOM":"N9999","ID_TRONCON":"T0986","ID_COURSDE":"N9999T0986","ORIGINE1":"SCAN25","BCAE":"oui","ZNT":"oui"},"geometry":{"type":"LineString","coordinates":[[1.86378,49.08547],[1.8666,49.08546],[1.86729,49.08549],[1.8674,49.08554],[1.86771,49.08602]]}},
{"type":"Feature","properties":{"NOM":"Sans nom","ETAT":1,"CODE_MODIF":0,"DATE_MODIF":null,"MODIFICATI":null,"RAPPORT_UR":null,"ID_NOM":"N9999","ID_TRONCON":"T0987","ID_COURSDE":"N9999T0987","ORIGINE1":"SCAN25","BCAE":"oui","ZNT":"oui"},"geometry":{"type":"LineString","coordinates":[[1.86771,49.08602],[1.86805,49.08604],[1.86819,49.0861],[1.8698,49.08688],[1.87089,49.08702]]}},
{"type":"Feature","properties":{"NOM":"Sans nom","ETAT":1,"CODE_MODIF":0,"DATE_MODIF":null,"MODIFICATI":null,"RAPPORT_UR":null,"ID_NOM":"N9999","ID_TRONCON":"T0988","ID_COURSDE":"N9999T0988","ORIGINE1":"SCAN25","BCAE":"oui","ZNT":"oui"},"geometry":{"type":"LineString","coordinates":[[1.8692,49.08557],[1.871,49.08638],[1.87102,49.08653],[1.87086,49.08675],[1.87083,49.08686],[1.87089,49.08702]]}},
{"type":"Feature","properties":{"NOM":"Sans nom","ETAT":2,"CODE_MODIF":0,"DATE_MODIF":null,"MODIFICATI":null,"RAPPORT_UR":null,"ID_NOM":"N9999","ID_TRONCON":"T0989","ID_COURSDE":"N9999T0989","ORIGINE1":"SCAN25","BCAE":"non","ZNT":"oui"},"geometry":{"type":"LineString","coordinates":[[1.841,49.07707],[1.84207,49.07726],[1.84359,49.07714],[1.8438,49.07724],[1.84458,49.07705],[1.84531,49.07665],[1.84616,49.07645],[1.84657,49.07639]]}},
{"type":"Feature","properties":{"NOM":"Sans nom","ETAT":2,"CODE_MODIF":0,"DATE_MODIF":null,"MODIFICATI":null,"RAPPORT_UR":null,"ID_NOM":"N9999","ID_TRONCON":"T0990","ID_COURSDE":"N9999T0990","ORIGINE1":"SCAN25","BCAE":"non","ZNT":"oui"},"geometry":{"type":"LineString","coordinates":[[1.8424,49.07471],[1.84331,49.07486],[1.84344,49.07493],[1.84403,49.07517],[1.84498,49.07569],[1.84551,49.07594],[1.84657,49.07639]]}},
{"type":"Feature","properties":{"NOM":"Sans nom","ETAT":0,"CODE_MODIF":5,"DATE_MODIF":"2014-08-20","MODIFICATI":"SUPPRESSION","RAPPORT_UR":null,"ID_NOM":"N9999","ID_TRONCON":"T0991","ID_COURSDE":"N9999T0991","ORIGINE1":"TERRAIN","BCAE":"non","ZNT":"non"},"geometry":{"type":"LineString","coordinates":[[1.97695,49.03703],[1.97685,49.03701],[1.97672,49.03719],[1.97653,49.03736],[1.97593,49.03771],[1.97466,49.03855],[1.97449,49.03875],[1.97441,49.03912],[1.97435,49.03976],[1.97426,49.03998],[1.97409,49.04022],[1.97352,49.04068],[1.97319,49.04088],[1.97303,49.04106],[1.97296,49.04118],[1.97304,49.04164],[1.97288,49.04186],[1.9719,49.04246],[1.96927,49.04354],[1.96901,49.04369],[1.96842,49.04412],[1.96796,49.04434],[1.96701,49.04456],[1.96627,49.04467],[1.96516,49.04474],[1.9652,49.04481]]}},
{"type":"Feature","properties":{"NOM":"Sans nom","ETAT":0,"CODE_MODIF":5,"DATE_MODIF":"2014-08-20","MODIFICATI":"SUPPRESSION","RAPPORT_UR":null,"ID_NOM":"N9999","ID_TRONCON":"T0992","ID_COURSDE":"N9999T0992","ORIGINE1":"TERRAIN","BCAE":"non","ZNT":"non"},"geometry":{"type":"MultiLineString","coordinates":[[[1.98205,49.03606],[1.98262,49.03596],[1.98382,49.03569],[1.98422,49.03555],[1.98486,49.03526],[1.98509,49.0352],[1.98531,49.0352],[1.98602,49.03534],[1.98647,49.03537],[1.98753,49.03539],[1.98779,49.03536],[1.98802,49.03529],[1.98838,49.03508],[1.98895,49.03451],[1.98926,49.03397],[1.98952,49.03371],[1.98967,49.03336],[1.98993,49.03312],[1.99006,49.03303],[1.99033,49.03289],[1.99124,49.03265],[1.99148,49.03255],[1.99162,49.03244],[1.99177,49.03241],[1.99293,49.03301],[1.99444,49.03338],[1.99485,49.03341],[1.99675,49.03339],[1.99693,49.03351],[1.99753,49.0335]],[[1.98197,49.03605],[1.98024,49.03653],[1.97889,49.03675],[1.97797,49.03664],[1.97749,49.03676],[1.97709,49.03702],[1.97695,49.03703]]]}},
{"type":"Feature","properties":{"NOM":"Sans nom","ETAT":0,"CODE_MODIF":5,"DATE_MODIF":"2014-08-20","MODIFICATI":"SUPPRESSION","RAPPORT_UR":null,"ID_NOM":"N9999","ID_TRONCON":"T0993","ID_COURSDE":"N9999T0993","ORIGINE1":"TERRAIN","BCAE":"non","ZNT":"non"},"geometry":{"type":"LineString","coordinates":[[1.97695,49.03703],[1.97711,49.03678],[1.97713,49.03661],[1.97708,49.0362],[1.97633,49.03474],[1.97626,49.03448],[1.97638,49.03385],[1.97697,49.03266],[1.9772,49.03255],[1.97779,49.03203]]}},
{"type":"Feature","properties":{"NOM":"Sans nom","ETAT":2,"CODE_MODIF":0,"DATE_MODIF":null,"MODIFICATI":null,"RAPPORT_UR":null,"ID_NOM":"N9999","ID_TRONCON":"T0994","ID_COURSDE":"N9999T0994","ORIGINE1":"SCAN25","BCAE":"non","ZNT":"oui"},"geometry":{"type":"LineString","coordinates":[[1.93935,49.04285],[1.93964,49.04291],[1.93977,49.04271],[1.94093,49.043],[1.94112,49.04302],[1.94162,49.0432],[1.94175,49.04319],[1.94198,49.04303],[1.94208,49.04302],[1.94305,49.04305],[1.94372,49.04304],[1.94406,49.04316],[1.94456,49.04322],[1.94512,49.04299],[1.94576,49.04263]]}},
{"type":"Feature","properties":{"NOM":"Sans nom","ETAT":2,"CODE_MODIF":0,"DATE_MODIF":null,"MODIFICATI":null,"RAPPORT_UR":null,"ID_NOM":"N9999","ID_TRONCON":"T0995","ID_COURSDE":"N9999T0995","ORIGINE1":"SCAN25","BCAE":"non","ZNT":"oui"},"geometry":{"type":"LineString","coordinates":[[2.00759,49.01997],[2.0088,49.02006]]}},
{"type":"Feature","properties":{"NOM":"Sans nom","ETAT":2,"CODE_MODIF":0,"DATE_MODIF":null,"MODIFICATI":null,"RAPPORT_UR":null,"ID_NOM":"N9999","ID_TRONCON":"T0996","ID_COURSDE":"N9999T0996","ORIGINE1":"SCAN25","BCAE":"non","ZNT":"oui"},"geometry":{"type":"LineString","coordinates":[[2.03276,48.99944],[2.03282,48.9995],[2.03285,48.99962],[2.0328,48.99987],[2.03325,49.0003],[2.03815,49.00118],[2.03848,49.0012],[2.03957,49.00092],[2.03989,49.00089],[2.0404,49.00094],[2.0416,49.0009],[2.04178,49.00095],[2.04198,49.00108]]}},
{"type":"Feature","properties":{"NOM":"Sans nom","ETAT":2,"CODE_MODIF":0,"DATE_MODIF":null,"MODIFICATI":null,"RAPPORT_UR":null,"ID_NOM":"N9999","ID_TRONCON":"T0997","ID_COURSDE":"N9999T0997","ORIGINE1":"SCAN25","BCAE":"non","ZNT":"oui"},"geometry":{"type":"LineString","coordinates":[[2.01223,49.0097],[2.01245,49.0096],[2.01269,49.00959],[2.01327,49.00963],[2.01343,49.00958],[2.0136,49.00943],[2.01388,49.00954],[2.0146,49.00972],[2.01494,49.00985],[2.01589,49.01034],[2.01764,49.0119],[2.0184,49.01245],[2.01899,49.01267],[2.02028,49.01326],[2.02211,49.01398],[2.02323,49.01451],[2.02527,49.01539],[2.02577,49.01568],[2.0262,49.01577],[2.0273,49.01586],[2.02788,49.01595],[2.02909,49.01622],[2.0293,49.01624],[2.0303,49.01624]]}},
{"type":"Feature","properties":{"NOM":"Sans nom","ETAT":0,"CODE_MODIF":5,"DATE_MODIF":"2012-09-14","MODIFICATI":"SUPPRESSION","RAPPORT_UR":null,"ID_NOM":"N9999","ID_TRONCON":"T0998","ID_COURSDE":"N9999T0998","ORIGINE1":"TERRAIN","BCAE":"non","ZNT":"non"},"geometry":{"type":"LineString","coordinates":[[2.06287,49.09956],[2.06316,49.09957],[2.06492,49.0999],[2.06539,49.09992],[2.06608,49.09984],[2.06668,49.09969],[2.06801,49.09929],[2.06837,49.09923],[2.07044,49.0992]]}},
{"type":"Feature","properties":{"NOM":"Sans nom","ETAT":2,"CODE_MODIF":0,"DATE_MODIF":null,"MODIFICATI":null,"RAPPORT_UR":null,"ID_NOM":"N9999","ID_TRONCON":"T0999","ID_COURSDE":"N9999T0999","ORIGINE1":"SCAN25","BCAE":"non","ZNT":"oui"},"geometry":{"type":"MultiLineString","coordinates":[[[2.17752,49.06568],[2.17794,49.06505],[2.17361,49.06383],[2.173,49.06388],[2.17241,49.06385],[2.17152,49.06388],[2.17083,49.06416],[2.17065,49.06429]],[[2.17068,49.06427],[2.17016,49.06469]]]}},
{"type":"Feature","properties":{"NOM":"Sans nom","ETAT":2,"CODE_MODIF":0,"DATE_MODIF":null,"MODIFICATI":null,"RAPPORT_UR":null,"ID_NOM":"N9999","ID_TRONCON":"T1000","ID_COURSDE":"N9999T1000","ORIGINE1":"SCAN25","BCAE":"non","ZNT":"oui"},"geometry":{"type":"LineString","coordinates":[[2.21436,49.08731],[2.21452,49.08737],[2.21462,49.08746],[2.21461,49.08754],[2.21477,49.08761],[2.21488,49.08763],[2.21515,49.08756],[2.21541,49.0876],[2.21572,49.08751],[2.21604,49.0875],[2.21616,49.08746],[2.21623,49.08748],[2.21654,49.08738],[2.2173,49.08699],[2.21746,49.08687],[2.21772,49.08677],[2.21812,49.08669],[2.21822,49.08668],[2.2183,49.08671],[2.2185,49.08668],[2.21871,49.08669],[2.21908,49.08653],[2.21932,49.08658]]}},
{"type":"Feature","properties":{"NOM":"Sans nom","ETAT":2,"CODE_MODIF":0,"DATE_MODIF":null,"MODIFICATI":null,"RAPPORT_UR":null,"ID_NOM":"N9999","ID_TRONCON":"T1001","ID_COURSDE":"N9999T1001","ORIGINE1":"SCAN25","BCAE":"non","ZNT":"oui"},"geometry":{"type":"LineString","coordinates":[[2.22186,49.08662],[2.22218,49.08659],[2.22232,49.08654],[2.22306,49.08622],[2.22368,49.086],[2.22387,49.08586],[2.22412,49.08538],[2.22463,49.08526],[2.22479,49.08524],[2.22506,49.0853],[2.22522,49.08538],[2.22564,49.08538],[2.22598,49.0855],[2.22697,49.08566]]}},
{"type":"Feature","properties":{"NOM":"Sans nom","ETAT":2,"CODE_MODIF":0,"DATE_MODIF":null,"MODIFICATI":null,"RAPPORT_UR":null,"ID_NOM":"N9999","ID_TRONCON":"T1002","ID_COURSDE":"N9999T1002","ORIGINE1":"SCAN25","BCAE":"non","ZNT":"oui"},"geometry":{"type":"LineString","coordinates":[[2.2446,49.05431],[2.24456,49.05544],[2.2446,49.05686],[2.24542,49.05711],[2.2451,49.0577]]}},
{"type":"Feature","properties":{"NOM":"Sans nom","ETAT":2,"CODE_MODIF":0,"DATE_MODIF":null,"MODIFICATI":null,"RAPPORT_UR":null,"ID_NOM":"N9999","ID_TRONCON":"T1003","ID_COURSDE":"N9999T1003","ORIGINE1":"SCAN25","BCAE":"non","ZNT":"oui"},"geometry":{"type":"LineString","coordinates":[[2.20965,49.09682],[2.21026,49.09702],[2.21042,49.09712],[2.21091,49.09788],[2.21095,49.09799],[2.21083,49.09856],[2.21084,49.0994]]}},
{"type":"Feature","properties":{"NOM":"Sans nom","ETAT":2,"CODE_MODIF":0,"DATE_MODIF":null,"MODIFICATI":null,"RAPPORT_UR":null,"ID_NOM":"N9999","ID_TRONCON":"T1004","ID_COURSDE":"N9999T1004","ORIGINE1":"SCAN25","BCAE":"non","ZNT":"oui"},"geometry":{"type":"LineString","coordinates":[[2.2373,49.11792],[2.2378,49.1179],[2.23798,49.11785],[2.23946,49.11778],[2.24053,49.11765],[2.24071,49.11766],[2.24101,49.11773],[2.24183,49.11804],[2.24264,49.11803],[2.24294,49.11797],[2.24301,49.11791]]}},
{"type":"Feature","properties":{"NOM":"Sans nom","ETAT":2,"CODE_MODIF":0,"DATE_MODIF":null,"MODIFICATI":null,"RAPPORT_UR":null,"ID_NOM":"N9999","ID_TRONCON":"T1005","ID_COURSDE":"N9999T1005","ORIGINE1":"SCAN25","BCAE":"non","ZNT":"oui"},"geometry":{"type":"LineString","coordinates":[[2.23788,49.11683],[2.23788,49.117],[2.2378,49.11729],[2.2373,49.11792]]}},
{"type":"Feature","properties":{"NOM":"Sans nom","ETAT":2,"CODE_MODIF":0,"DATE_MODIF":null,"MODIFICATI":null,"RAPPORT_UR":null,"ID_NOM":"N9999","ID_TRONCON":"T1006","ID_COURSDE":"N9999T1006","ORIGINE1":"SCAN25","BCAE":"non","ZNT":"oui"},"geometry":{"type":"LineString","coordinates":[[2.2373,49.11792],[2.23634,49.11798],[2.23577,49.11789],[2.23522,49.11761],[2.23248,49.1168]]}},
{"type":"Feature","properties":{"NOM":"Sans nom","ETAT":2,"CODE_MODIF":0,"DATE_MODIF":null,"MODIFICATI":null,"RAPPORT_UR":null,"ID_NOM":"N9999","ID_TRONCON":"T1007","ID_COURSDE":"N9999T1007","ORIGINE1":"SCAN25","BCAE":"non","ZNT":"oui"},"geometry":{"type":"MultiLineString","coordinates":[[[2.28561,49.12888],[2.28484,49.12842],[2.28386,49.12789],[2.28242,49.12738],[2.28238,49.12723],[2.28241,49.12711],[2.28252,49.12683],[2.28251,49.12682]],[[2.28252,49.12683],[2.28228,49.12665],[2.28004,49.12551]]]}},
{"type":"Feature","properties":{"NOM":"Sans nom","ETAT":2,"CODE_MODIF":0,"DATE_MODIF":null,"MODIFICATI":null,"RAPPORT_UR":null,"ID_NOM":"N9999","ID_TRONCON":"T1008","ID_COURSDE":"N9999T1008","ORIGINE1":"SCAN25","BCAE":"non","ZNT":"oui"},"geometry":{"type":"LineString","coordinates":[[2.26343,49.12104],[2.2627,49.12231],[2.26251,49.12259],[2.26218,49.12295],[2.26189,49.123],[2.26145,49.12319],[2.26109,49.12343],[2.2609,49.12351]]}},
{"type":"Feature","properties":{"NOM":"Sans nom","ETAT":2,"CODE_MODIF":0,"DATE_MODIF":null,"MODIFICATI":null,"RAPPORT_UR":null,"ID_NOM":"N9999","ID_TRONCON":"T1009","ID_COURSDE":"N9999T1009","ORIGINE1":"SCAN25","BCAE":"non","ZNT":"oui"},"geometry":{"type":"LineString","coordinates":[[2.25517,49.11356],[2.25569,49.11392],[2.25643,49.11395],[2.25699,49.11401],[2.25747,49.11433],[2.26103,49.1177],[2.26109,49.11791],[2.26095,49.11806],[2.26099,49.11815],[2.26126,49.11832],[2.26132,49.11839],[2.26172,49.1193],[2.26175,49.11961],[2.26168,49.12006],[2.26174,49.12028],[2.2617,49.12034],[2.26165,49.12069],[2.26343,49.12104]]}},
{"type":"Feature","properties":{"NOM":"Sans nom","ETAT":2,"CODE_MODIF":0,"DATE_MODIF":null,"MODIFICATI":null,"RAPPORT_UR":null,"ID_NOM":"N9999","ID_TRONCON":"T1010","ID_COURSDE":"N9999T1010","ORIGINE1":"SCAN25","BCAE":"non","ZNT":"oui"},"geometry":{"type":"MultiLineString","coordinates":[[[2.26515,49.09957],[2.26588,49.10006],[2.26624,49.10039],[2.26618,49.10045],[2.26651,49.10094],[2.26659,49.10133],[2.26658,49.1015],[2.2664,49.10193],[2.2661,49.10225],[2.26539,49.10274],[2.26477,49.10303],[2.26411,49.10324],[2.26338,49.10338],[2.26316,49.10357],[2.26284,49.10472],[2.26286,49.10482],[2.26294,49.10491],[2.26288,49.10496],[2.26278,49.105],[2.26269,49.1051],[2.26201,49.10566],[2.26148,49.10597],[2.26108,49.10612],[2.26045,49.10615],[2.26033,49.1061],[2.2602,49.10609],[2.25965,49.10641],[2.25956,49.10641],[2.25941,49.10634],[2.25752,49.10695],[2.25702,49.10696]],[[2.25517,49.11356],[2.2553,49.11333],[2.25554,49.11262],[2.25524,49.11156],[2.25501,49.1115],[2.2556,49.11009],[2.25578,49.10978],[2.25618,49.10878],[2.25673,49.10779],[2.25666,49.10747],[2.25702,49.10696]]]}},
{"type":"Feature","properties":{"NOM":"Sans nom","ETAT":2,"CODE_MODIF":0,"DATE_MODIF":null,"MODIFICATI":null,"RAPPORT_UR":null,"ID_NOM":"N9999","ID_TRONCON":"T1011","ID_COURSDE":"N9999T1011","ORIGINE1":"SCAN25","BCAE":"non","ZNT":"oui"},"geometry":{"type":"LineString","coordinates":[[2.2648,49.11327],[2.26465,49.11342],[2.26463,49.11364],[2.26444,49.11381],[2.26454,49.11398],[2.26454,49.11417],[2.26478,49.11428]]}},
{"type":"Feature","properties":{"NOM":"Sans nom","ETAT":2,"CODE_MODIF":0,"DATE_MODIF":null,"MODIFICATI":null,"RAPPORT_UR":null,"ID_NOM":"N9999","ID_TRONCON":"T1012","ID_COURSDE":"N9999T1012","ORIGINE1":"SCAN25","BCAE":"non","ZNT":"oui"},"geometry":{"type":"LineString","coordinates":[[2.26616,49.11237],[2.26588,49.11239],[2.26578,49.11242],[2.26565,49.11252],[2.26542,49.11283],[2.26524,49.11296],[2.26532,49.11313],[2.26535,49.11342],[2.26513,49.11367],[2.26502,49.11393],[2.26478,49.11428]]}},
{"type":"Feature","properties":{"NOM":"Sans nom","ETAT":2,"CODE_MODIF":0,"DATE_MODIF":null,"MODIFICATI":null,"RAPPORT_UR":null,"ID_NOM":"N9999","ID_TRONCON":"T1013","ID_COURSDE":"N9999T1013","ORIGINE1":"SCAN25","BCAE":"non","ZNT":"oui"},"geometry":{"type":"LineString","coordinates":[[2.26478,49.11428],[2.26479,49.1145],[2.26475,49.11461],[2.26467,49.11466],[2.2647,49.11485],[2.26472,49.11489],[2.26498,49.11506],[2.26518,49.11544],[2.26531,49.11558],[2.26504,49.11576],[2.2651,49.11594],[2.2651,49.11609],[2.26547,49.11631],[2.26553,49.11638],[2.26549,49.11658],[2.2654,49.11665],[2.26539,49.11673],[2.26561,49.11709],[2.26559,49.11727],[2.26568,49.11738],[2.26563,49.11765],[2.2657,49.11777],[2.26565,49.11801],[2.26568,49.11813],[2.26565,49.11818],[2.26539,49.1183],[2.26525,49.11847],[2.26513,49.11879],[2.26502,49.11889],[2.26389,49.11954],[2.26393,49.12035],[2.26382,49.12045],[2.26343,49.12104]]}},
{"type":"Feature","properties":{"NOM":"Sans nom","ETAT":1,"CODE_MODIF":0,"DATE_MODIF":null,"MODIFICATI":null,"RAPPORT_UR":null,"ID_NOM":"N9999","ID_TRONCON":"T1014","ID_COURSDE":"N9999T1014","ORIGINE1":"SCAN25","BCAE":"oui","ZNT":"oui"},"geometry":{"type":"LineString","coordinates":[[2.31897,49.09485],[2.31857,49.09457],[2.31897,49.09423],[2.31898,49.09408],[2.31925,49.09398],[2.31944,49.09385],[2.32005,49.0937]]}},
{"type":"Feature","properties":{"NOM":"Sans nom","ETAT":2,"CODE_MODIF":0,"DATE_MODIF":null,"MODIFICATI":null,"RAPPORT_UR":null,"ID_NOM":"N9999","ID_TRONCON":"T1015","ID_COURSDE":"N9999T1015","ORIGINE1":"SCAN25","BCAE":"non","ZNT":"oui"},"geometry":{"type":"LineString","coordinates":[[2.32123,49.09339],[2.32102,49.09339],[2.32072,49.09344],[2.32036,49.09341],[2.32005,49.09346],[2.31992,49.09353],[2.32005,49.0937]]}},
{"type":"Feature","properties":{"NOM":"Sans nom","ETAT":2,"CODE_MODIF":0,"DATE_MODIF":null,"MODIFICATI":null,"RAPPORT_UR":null,"ID_NOM":"N9999","ID_TRONCON":"T1016","ID_COURSDE":"N9999T1016","ORIGINE1":"SCAN25","BCAE":"non","ZNT":"oui"},"geometry":{"type":"LineString","coordinates":[[2.35294,49.08177],[2.35252,49.08234],[2.35159,49.08278],[2.3515,49.08293],[2.35136,49.08351],[2.35101,49.08374]]}},
{"type":"Feature","properties":{"NOM":"Sans nom","ETAT":1,"CODE_MODIF":0,"DATE_MODIF":null,"MODIFICATI":null,"RAPPORT_UR":null,"ID_NOM":"N9999","ID_TRONCON":"T1017","ID_COURSDE":"N9999T1017","ORIGINE1":"SCAN25","BCAE":"oui","ZNT":"oui"},"geometry":{"type":"LineString","coordinates":[[2.37785,49.14934],[2.37488,49.14849],[2.37459,49.14849],[2.37439,49.14841],[2.3742,49.14841],[2.37383,49.14823],[2.37374,49.14814],[2.3735,49.14801],[2.37346,49.1479]]}},
{"type":"Feature","properties":{"NOM":"Sans nom","ETAT":1,"CODE_MODIF":0,"DATE_MODIF":null,"MODIFICATI":null,"RAPPORT_UR":null,"ID_NOM":"N9999","ID_TRONCON":"T1018","ID_COURSDE":"N9999T1018","ORIGINE1":"SCAN25","BCAE":"oui","ZNT":"oui"},"geometry":{"type":"LineString","coordinates":[[2.37966,49.14732],[2.37956,49.14725],[2.37908,49.14713]]}},
{"type":"Feature","properties":{"NOM":"Sans nom","ETAT":1,"CODE_MODIF":0,"DATE_MODIF":null,"MODIFICATI":null,"RAPPORT_UR":null,"ID_NOM":"N9999","ID_TRONCON":"T1019","ID_COURSDE":"N9999T1019","ORIGINE1":"SCAN25","BCAE":"oui","ZNT":"oui"},"geometry":{"type":"LineString","coordinates":[[2.37957,49.14665],[2.379,49.1465],[2.37876,49.14638]]}},
{"type":"Feature","properties":{"NOM":"Sans nom","ETAT":1,"CODE_MODIF":0,"DATE_MODIF":null,"MODIFICATI":null,"RAPPORT_UR":null,"ID_NOM":"N9999","ID_TRONCON":"T1020","ID_COURSDE":"N9999T1020","ORIGINE1":"SCAN25","BCAE":"oui","ZNT":"oui"},"geometry":{"type":"LineString","coordinates":[[2.38256,49.14748],[2.38401,49.14743],[2.38435,49.14736],[2.38469,49.14712]]}},
{"type":"Feature","properties":{"NOM":"Sans nom","ETAT":0,"CODE_MODIF":5,"DATE_MODIF":null,"MODIFICATI":"SUPPRESSION","RAPPORT_UR":null,"ID_NOM":"N9999","ID_TRONCON":"T1021","ID_COURSDE":"N9999T1021","ORIGINE1":"TERRAIN","BCAE":"non","ZNT":"non"},"geometry":{"type":"LineString","coordinates":[[2.3867,49.13861],[2.38731,49.13886],[2.38848,49.13923]]}},
{"type":"Feature","properties":{"NOM":"Sans nom","ETAT":1,"CODE_MODIF":0,"DATE_MODIF":null,"MODIFICATI":null,"RAPPORT_UR":null,"ID_NOM":"N9999","ID_TRONCON":"T1022","ID_COURSDE":"N9999T1022","ORIGINE1":"SCAN25","BCAE":"oui","ZNT":"oui"},"geometry":{"type":"LineString","coordinates":[[2.36667,49.12315],[2.36688,49.12276],[2.36659,49.12264],[2.36629,49.12242],[2.3662,49.12216],[2.36607,49.12206],[2.36599,49.12194],[2.36592,49.12143]]}},
{"type":"Feature","properties":{"NOM":"Sans nom","ETAT":2,"CODE_MODIF":0,"DATE_MODIF":null,"MODIFICATI":null,"RAPPORT_UR":null,"ID_NOM":"N9999","ID_TRONCON":"T1023","ID_COURSDE":"N9999T1023","ORIGINE1":"SCAN25","BCAE":"non","ZNT":"oui"},"geometry":{"type":"LineString","coordinates":[[2.38364,49.1295],[2.38387,49.12949],[2.38471,49.12965],[2.38658,49.12904],[2.38837,49.12885]]}},
{"type":"Feature","properties":{"NOM":"Sans nom","ETAT":0,"CODE_MODIF":5,"DATE_MODIF":"2012-10-08","MODIFICATI":"SUPPRESSION","RAPPORT_UR":"\\\\Sbl95-03\\gb_cons\\EAU\\N_MASSE_EAU\\L_COURS_DEAU_L_095\\Multi_0008.PDF","ID_NOM":"N9999","ID_TRONCON":"T1024","ID_COURSDE":"N9999T1024","ORIGINE1":"TERRAIN","BCAE":"non","ZNT":"non"},"geometry":{"type":"LineString","coordinates":[[2.39695,49.11165],[2.39642,49.1113],[2.39621,49.1112],[2.39592,49.11045],[2.39557,49.11044],[2.39547,49.11025],[2.39551,49.10967],[2.39557,49.10962],[2.39542,49.10892],[2.39523,49.10857],[2.39502,49.10828],[2.39411,49.10731],[2.39253,49.10552],[2.39157,49.10495],[2.3914,49.10468],[2.39142,49.10441],[2.39138,49.10432],[2.39118,49.10416]]}},
{"type":"Feature","properties":{"NOM":"Sans nom","ETAT":0,"CODE_MODIF":5,"DATE_MODIF":"2012-10-08","MODIFICATI":"SUPPRESSION","RAPPORT_UR":null,"ID_NOM":"N9999","ID_TRONCON":"T1025","ID_COURSDE":"N9999T1025","ORIGINE1":"TERRAIN","BCAE":"non","ZNT":"non"},"geometry":{"type":"LineString","coordinates":[[2.40463,49.10977],[2.40437,49.10997],[2.40298,49.11071],[2.40262,49.111],[2.40219,49.11117],[2.40206,49.11143],[2.40131,49.11205],[2.401,49.11215],[2.40073,49.11219],[2.4003,49.11199],[2.39994,49.11201],[2.39963,49.11188],[2.39925,49.11181],[2.3989,49.1117],[2.39815,49.11168],[2.3973,49.11173],[2.39695,49.11165]]}},
{"type":"Feature","properties":{"NOM":"Sans nom","ETAT":2,"CODE_MODIF":0,"DATE_MODIF":null,"MODIFICATI":null,"RAPPORT_UR":null,"ID_NOM":"N9999","ID_TRONCON":"T1026","ID_COURSDE":"N9999T1026","ORIGINE1":"SCAN25","BCAE":"non","ZNT":"oui"},"geometry":{"type":"LineString","coordinates":[[2.46358,49.12684],[2.46443,49.12742],[2.46493,49.12782],[2.4669,49.129],[2.46701,49.12902],[2.46885,49.12898],[2.46909,49.12894]]}},
{"type":"Feature","properties":{"NOM":"Sans nom","ETAT":1,"CODE_MODIF":0,"DATE_MODIF":null,"MODIFICATI":null,"RAPPORT_UR":null,"ID_NOM":"N9999","ID_TRONCON":"T1027","ID_COURSDE":"N9999T1027","ORIGINE1":"SCAN25","BCAE":"oui","ZNT":"oui"},"geometry":{"type":"LineString","coordinates":[[2.46704,49.12336],[2.46644,49.12365],[2.4661,49.12386],[2.46587,49.12393],[2.46556,49.12398],[2.46357,49.12404],[2.4631,49.12514],[2.46267,49.12541],[2.46159,49.12579]]}},
{"type":"Feature","properties":{"NOM":"Sans nom","ETAT":2,"CODE_MODIF":0,"DATE_MODIF":null,"MODIFICATI":null,"RAPPORT_UR":null,"ID_NOM":"N9999","ID_TRONCON":"T1028","ID_COURSDE":"N9999T1028","ORIGINE1":"SCAN25","BCAE":"non","ZNT":"oui"},"geometry":{"type":"LineString","coordinates":[[2.46159,49.12579],[2.46178,49.12587],[2.4624,49.12601],[2.46262,49.12611],[2.46299,49.12646],[2.46358,49.12684]]}},
{"type":"Feature","properties":{"NOM":"Sans nom","ETAT":1,"CODE_MODIF":0,"DATE_MODIF":null,"MODIFICATI":null,"RAPPORT_UR":null,"ID_NOM":"N9999","ID_TRONCON":"T1029","ID_COURSDE":"N9999T1029","ORIGINE1":"SCAN25","BCAE":"oui","ZNT":"oui"},"geometry":{"type":"LineString","coordinates":[[2.45784,49.12235],[2.45599,49.12074],[2.45593,49.11986]]}},
{"type":"Feature","properties":{"NOM":"Sans nom","ETAT":1,"CODE_MODIF":0,"DATE_MODIF":null,"MODIFICATI":null,"RAPPORT_UR":null,"ID_NOM":"N9999","ID_TRONCON":"T1030","ID_COURSDE":"N9999T1030","ORIGINE1":"SCAN25","BCAE":"oui","ZNT":"oui"},"geometry":{"type":"LineString","coordinates":[[2.44329,49.10695],[2.44296,49.10645],[2.44296,49.10638],[2.44313,49.10622]]}},
{"type":"Feature","properties":{"NOM":"Sans nom","ETAT":2,"CODE_MODIF":0,"DATE_MODIF":null,"MODIFICATI":null,"RAPPORT_UR":null,"ID_NOM":"N9999","ID_TRONCON":"T1031","ID_COURSDE":"N9999T1031","ORIGINE1":"SCAN25","BCAE":"non","ZNT":"oui"},"geometry":{"type":"LineString","coordinates":[[2.43977,49.10241],[2.44028,49.1017],[2.44017,49.10139],[2.44032,49.10107],[2.44053,49.10092],[2.44088,49.10075],[2.44107,49.10053],[2.44146,49.10029],[2.44176,49.10025],[2.44221,49.10032],[2.44229,49.1002],[2.44252,49.10004],[2.44296,49.09964],[2.44344,49.09912]]}},
{"type":"Feature","properties":{"NOM":"Sans nom","ETAT":2,"CODE_MODIF":0,"DATE_MODIF":null,"MODIFICATI":null,"RAPPORT_UR":null,"ID_NOM":"N9999","ID_TRONCON":"T1032","ID_COURSDE":"N9999T1032","ORIGINE1":"SCAN25","BCAE":"non","ZNT":"oui"},"geometry":{"type":"LineString","coordinates":[[2.47863,49.09586],[2.47921,49.09593],[2.47943,49.09606],[2.47958,49.09607],[2.47974,49.09603],[2.47978,49.09592],[2.4817,49.09573],[2.48214,49.09554],[2.48233,49.09551],[2.4826,49.09541],[2.48244,49.09501]]}},
{"type":"Feature","properties":{"NOM":"Sans nom","ETAT":1,"CODE_MODIF":0,"DATE_MODIF":null,"MODIFICATI":null,"RAPPORT_UR":null,"ID_NOM":"N9999","ID_TRONCON":"T1033","ID_COURSDE":"N9999T1033","ORIGINE1":"SCAN25","BCAE":"oui","ZNT":"oui"},"geometry":{"type":"LineString","coordinates":[[2.47429,49.0955],[2.47475,49.09555],[2.47511,49.09567],[2.47528,49.09566],[2.47541,49.0956],[2.47575,49.09562],[2.47597,49.09571],[2.47637,49.09565],[2.47661,49.09565],[2.4771,49.09579],[2.47746,49.09581],[2.47757,49.09585],[2.47863,49.09586]]}},
{"type":"Feature","properties":{"NOM":"Sans nom","ETAT":2,"CODE_MODIF":0,"DATE_MODIF":null,"MODIFICATI":null,"RAPPORT_UR":null,"ID_NOM":"N9999","ID_TRONCON":"T1034","ID_COURSDE":"N9999T1034","ORIGINE1":"SCAN25","BCAE":"non","ZNT":"oui"},"geometry":{"type":"LineString","coordinates":[[2.48244,49.09501],[2.48311,49.095],[2.48411,49.09525]]}},
{"type":"Feature","properties":{"NOM":"Sans nom","ETAT":1,"CODE_MODIF":0,"DATE_MODIF":null,"MODIFICATI":null,"RAPPORT_UR":null,"ID_NOM":"N9999","ID_TRONCON":"T1035","ID_COURSDE":"N9999T1035","ORIGINE1":"SCAN25","BCAE":"oui","ZNT":"oui"},"geometry":{"type":"LineString","coordinates":[[2.47816,49.09352],[2.47908,49.09373],[2.47982,49.09376],[2.47974,49.09399],[2.48024,49.09405],[2.48034,49.09389],[2.4804,49.09386],[2.48066,49.0939],[2.48109,49.09387],[2.48149,49.09393],[2.48147,49.09413],[2.48068,49.09408],[2.48055,49.09411],[2.48039,49.09432],[2.48028,49.09436]]}},
{"type":"Feature","properties":{"NOM":"Sans nom","ETAT":0,"CODE_MODIF":6,"DATE_MODIF":"2015-01-01","MODIFICATI":"FOSSÉ","RAPPORT_UR":"\\\\Sbl95-03\\gb_cons\\EAU\\N_MASSE_EAU\\L_COURS_DEAU_L_095\\UDr20150101FontaineSaintGenevieve","ID_NOM":"N9999","ID_TRONCON":"T1036","ID_COURSDE":"N9999T1036","ORIGINE1":"TERRAIN","BCAE":"non","ZNT":"non"},"geometry":{"type":"LineString","coordinates":[[2.49415,49.04509],[2.49429,49.04531]]}},
{"type":"Feature","properties":{"NOM":"Sans nom","ETAT":0,"CODE_MODIF":6,"DATE_MODIF":"2015-01-01","MODIFICATI":"FOSSÉ","RAPPORT_UR":"\\\\Sbl95-03\\gb_cons\\EAU\\N_MASSE_EAU\\L_COURS_DEAU_L_095\\UDr20150101FontaineSaintGenevieve","ID_NOM":"N9999","ID_TRONCON":"T1037","ID_COURSDE":"N9999T1037","ORIGINE1":"TERRAIN","BCAE":"non","ZNT":"non"},"geometry":{"type":"LineString","coordinates":[[2.49231,49.04735],[2.49233,49.04766]]}},
{"type":"Feature","properties":{"NOM":"Ru du Rhin","ETAT":1,"CODE_MODIF":0,"DATE_MODIF":null,"MODIFICATI":null,"RAPPORT_UR":null,"ID_NOM":"N9999","ID_TRONCON":"T1038","ID_COURSDE":"N9999T1038","ORIGINE1":"SCAN25","BCAE":"oui","ZNT":"oui"},"geometry":{"type":"LineString","coordinates":[[2.48642,49.03455],[2.4861,49.03441],[2.48573,49.03415],[2.48523,49.03338],[2.4852,49.03322],[2.48524,49.03302],[2.48578,49.03223]]}},
{"type":"Feature","properties":{"NOM":"Ru du Rhin","ETAT":1,"CODE_MODIF":0,"DATE_MODIF":null,"MODIFICATI":null,"RAPPORT_UR":null,"ID_NOM":"N9999","ID_TRONCON":"T1039","ID_COURSDE":"N9999T1039","ORIGINE1":"SCAN25","BCAE":"oui","ZNT":"oui"},"geometry":{"type":"LineString","coordinates":[[2.48578,49.03223],[2.48604,49.03187],[2.48623,49.03149],[2.48547,49.02911],[2.48544,49.02887],[2.48555,49.02807]]}},
{"type":"Feature","properties":{"NOM":"Sans nom","ETAT":1,"CODE_MODIF":0,"DATE_MODIF":null,"MODIFICATI":null,"RAPPORT_UR":null,"ID_NOM":"N9999","ID_TRONCON":"T1040","ID_COURSDE":"N9999T1040","ORIGINE1":"SCAN25","BCAE":"oui","ZNT":"oui"},"geometry":{"type":"LineString","coordinates":[[2.46926,49.00722],[2.46939,49.00724],[2.46953,49.00744],[2.46949,49.00754],[2.46935,49.00761],[2.4691,49.00756],[2.46897,49.0075],[2.4689,49.00744],[2.46885,49.00727]]}},
{"type":"Feature","properties":{"NOM":"Sans nom","ETAT":1,"CODE_MODIF":0,"DATE_MODIF":null,"MODIFICATI":null,"RAPPORT_UR":null,"ID_NOM":"N9999","ID_TRONCON":"T1041","ID_COURSDE":"N9999T1041","ORIGINE1":"SCAN25","BCAE":"oui","ZNT":"oui"},"geometry":{"type":"LineString","coordinates":[[2.40923,48.95397],[2.4092,48.95388],[2.40923,48.9538],[2.40932,48.95374],[2.40965,48.95365]]}},
{"type":"Feature","properties":{"NOM":"Sans nom","ETAT":1,"CODE_MODIF":0,"DATE_MODIF":null,"MODIFICATI":null,"RAPPORT_UR":null,"ID_NOM":"N9999","ID_TRONCON":"T1043","ID_COURSDE":"N9999T1043","ORIGINE1":"SCAN25","BCAE":"oui","ZNT":"oui"},"geometry":{"type":"LineString","coordinates":[[2.40912,48.95149],[2.40893,48.95226],[2.40874,48.95273],[2.40872,48.953],[2.40817,48.95334]]}},
{"type":"Feature","properties":{"NOM":"Sans nom","ETAT":1,"CODE_MODIF":0,"DATE_MODIF":null,"MODIFICATI":null,"RAPPORT_UR":null,"ID_NOM":"N9999","ID_TRONCON":"T1044","ID_COURSDE":"N9999T1044","ORIGINE1":"SCAN25","BCAE":"oui","ZNT":"oui"},"geometry":{"type":"LineString","coordinates":[[2.3759,49.15901],[2.3765,49.15953]]}},
{"type":"Feature","properties":{"NOM":"Sans nom","ETAT":1,"CODE_MODIF":0,"DATE_MODIF":null,"MODIFICATI":null,"RAPPORT_UR":null,"ID_NOM":"N9999","ID_TRONCON":"T1045","ID_COURSDE":"N9999T1045","ORIGINE1":"SCAN25","BCAE":"oui","ZNT":"oui"},"geometry":{"type":"LineString","coordinates":[[2.37015,49.15886],[2.37029,49.15901],[2.37038,49.15924],[2.37036,49.15939],[2.37071,49.1597],[2.37089,49.15972],[2.3714,49.15966],[2.37174,49.15978],[2.37192,49.15992],[2.37258,49.16004],[2.37291,49.16007],[2.37314,49.16004],[2.37462,49.15955],[2.3765,49.15953]]}},
{"type":"Feature","properties":{"NOM":"Sans nom","ETAT":1,"CODE_MODIF":0,"DATE_MODIF":null,"MODIFICATI":null,"RAPPORT_UR":null,"ID_NOM":"N9999","ID_TRONCON":"T1046","ID_COURSDE":"N9999T1046","ORIGINE1":"SCAN25","BCAE":"oui","ZNT":"oui"},"geometry":{"type":"LineString","coordinates":[[2.40465,49.15194],[2.40462,49.14991]]}},
{"type":"Feature","properties":{"NOM":"Sans nom","ETAT":1,"CODE_MODIF":0,"DATE_MODIF":null,"MODIFICATI":null,"RAPPORT_UR":null,"ID_NOM":"N9999","ID_TRONCON":"T1047","ID_COURSDE":"N9999T1047","ORIGINE1":"SCAN25","BCAE":"oui","ZNT":"oui"},"geometry":{"type":"LineString","coordinates":[[2.40462,49.14991],[2.40705,49.14989],[2.40735,49.14987]]}},
{"type":"Feature","properties":{"NOM":"Sans nom","ETAT":1,"CODE_MODIF":0,"DATE_MODIF":null,"MODIFICATI":null,"RAPPORT_UR":null,"ID_NOM":"N9999","ID_TRONCON":"T1048","ID_COURSDE":"N9999T1048","ORIGINE1":"SCAN25","BCAE":"oui","ZNT":"oui"},"geometry":{"type":"LineString","coordinates":[[2.40385,49.14956],[2.40385,49.14991],[2.40462,49.14991]]}},
{"type":"Feature","properties":{"NOM":"Sans nom","ETAT":1,"CODE_MODIF":0,"DATE_MODIF":null,"MODIFICATI":null,"RAPPORT_UR":null,"ID_NOM":"N9999","ID_TRONCON":"T1049","ID_COURSDE":"N9999T1049","ORIGINE1":"SCAN25","BCAE":"oui","ZNT":"oui"},"geometry":{"type":"LineString","coordinates":[[2.40739,49.14951],[2.40739,49.14941],[2.40733,49.14932],[2.40694,49.14918],[2.40388,49.14923],[2.40385,49.14956]]}},
{"type":"Feature","properties":{"NOM":"Sans nom","ETAT":1,"CODE_MODIF":0,"DATE_MODIF":null,"MODIFICATI":null,"RAPPORT_UR":null,"ID_NOM":"N9999","ID_TRONCON":"T1050","ID_COURSDE":"N9999T1050","ORIGINE1":"SCAN25","BCAE":"oui","ZNT":"oui"},"geometry":{"type":"LineString","coordinates":[[2.4155,49.14984],[2.41504,49.14983],[2.41493,49.14973],[2.40784,49.14981],[2.40735,49.14987]]}},
{"type":"Feature","properties":{"NOM":"Sans nom","ETAT":1,"CODE_MODIF":0,"DATE_MODIF":null,"MODIFICATI":null,"RAPPORT_UR":null,"ID_NOM":"N9999","ID_TRONCON":"T1051","ID_COURSDE":"N9999T1051","ORIGINE1":"SCAN25","BCAE":"oui","ZNT":"oui"},"geometry":{"type":"LineString","coordinates":[[2.62286,49.12985],[2.62368,49.1307],[2.6241,49.13124],[2.6241,49.13182],[2.6239,49.13223],[2.6239,49.13241],[2.62376,49.13259],[2.62322,49.133],[2.62253,49.13327],[2.62171,49.13341],[2.61836,49.13342],[2.61719,49.13346],[2.61651,49.13342],[2.61582,49.13329],[2.61473,49.13293],[2.61217,49.13122],[2.61189,49.13091],[2.61182,49.13019],[2.61168,49.12951],[2.61154,49.12915]]}},
{"type":"Feature","properties":{"NOM":"Sans nom","ETAT":1,"CODE_MODIF":0,"DATE_MODIF":null,"MODIFICATI":null,"RAPPORT_UR":null,"ID_NOM":"N9999","ID_TRONCON":"T1052","ID_COURSDE":"N9999T1052","ORIGINE1":"SCAN25","BCAE":"oui","ZNT":"oui"},"geometry":{"type":"LineString","coordinates":[[2.58763,49.12799],[2.58732,49.12908],[2.58648,49.13102],[2.58617,49.13205],[2.58582,49.13234],[2.58457,49.13309],[2.58436,49.13332],[2.58426,49.13334],[2.58419,49.13342],[2.5842,49.13416],[2.58433,49.13442],[2.58493,49.13523],[2.58582,49.13573],[2.5861,49.13605],[2.58617,49.13641],[2.58596,49.13663],[2.58589,49.13681],[2.58596,49.1369],[2.58583,49.13722],[2.58569,49.13785],[2.58556,49.13812],[2.58501,49.13839],[2.58481,49.13861],[2.58474,49.13902],[2.58495,49.13956]]}},
{"type":"Feature","properties":{"NOM":"Sans nom","ETAT":3,"CODE_MODIF":0,"DATE_MODIF":null,"MODIFICATI":null,"RAPPORT_UR":null,"ID_NOM":"N9999","ID_TRONCON":"T1053","ID_COURSDE":"N9999T1053","ORIGINE1":"SCAN25","BCAE":"non","ZNT":"oui"},"geometry":{"type":"LineString","coordinates":[[2.61154,49.12915],[2.61126,49.12817],[2.61133,49.12736]]}},
{"type":"Feature","properties":{"NOM":"Sans nom","ETAT":3,"CODE_MODIF":0,"DATE_MODIF":null,"MODIFICATI":null,"RAPPORT_UR":null,"ID_NOM":"N9999","ID_TRONCON":"T1054","ID_COURSDE":"N9999T1054","ORIGINE1":"SCAN25","BCAE":"non","ZNT":"oui"},"geometry":{"type":"LineString","coordinates":[[2.62133,49.12608],[2.62133,49.12626],[2.62154,49.12671],[2.62168,49.12823],[2.62175,49.1285],[2.62196,49.12882],[2.62224,49.12908],[2.62251,49.12949],[2.62286,49.12985]]}},
{"type":"Feature","properties":{"NOM":"Sans nom","ETAT":1,"CODE_MODIF":0,"DATE_MODIF":null,"MODIFICATI":null,"RAPPORT_UR":null,"ID_NOM":"N9999","ID_TRONCON":"T1055","ID_COURSDE":"N9999T1055","ORIGINE1":"SCAN25","BCAE":"oui","ZNT":"oui"},"geometry":{"type":"LineString","coordinates":[[2.60878,49.11118],[2.60796,49.11181],[2.60741,49.11204],[2.60707,49.11226],[2.60687,49.11249],[2.60591,49.11271],[2.60557,49.11294],[2.60557,49.11334],[2.60551,49.11388],[2.60517,49.11451],[2.60442,49.11496],[2.60435,49.11532],[2.60511,49.11609],[2.60525,49.11636],[2.60532,49.11676],[2.60525,49.11698],[2.60498,49.1173],[2.60464,49.11757],[2.60327,49.11811],[2.60204,49.11897],[2.60163,49.1191],[2.60122,49.11915],[2.60019,49.11884],[2.59951,49.11907],[2.59847,49.11934],[2.59697,49.11935],[2.59594,49.11957],[2.59505,49.11989],[2.5943,49.12034],[2.59389,49.12075],[2.59389,49.12102],[2.5941,49.12124],[2.5954,49.12187],[2.59616,49.12205],[2.59939,49.12132],[2.60034,49.121],[2.60102,49.12055],[2.60205,49.11979],[2.60253,49.11956],[2.60355,49.11932],[2.6043,49.11932],[2.60478,49.11941],[2.60526,49.11959],[2.60561,49.11987],[2.60595,49.12081],[2.60637,49.12153],[2.60685,49.12207],[2.60685,49.12216]]}},
{"type":"Feature","properties":{"NOM":"Sans nom","ETAT":2,"CODE_MODIF":0,"DATE_MODIF":null,"MODIFICATI":null,"RAPPORT_UR":null,"ID_NOM":"N9999","ID_TRONCON":"T1056","ID_COURSDE":"N9999T1056","ORIGINE1":"SCAN25","BCAE":"non","ZNT":"oui"},"geometry":{"type":"LineString","coordinates":[[2.64332,49.08205],[2.64532,49.08352],[2.64567,49.08393],[2.64622,49.08482],[2.64684,49.08599],[2.64712,49.0863],[2.6476,49.08657],[2.64918,49.08711],[2.65055,49.08773],[2.6537,49.08867],[2.65418,49.08889],[2.65542,49.08965],[2.65679,49.09028],[2.6572,49.09055],[2.65734,49.09055]]}},
{"type":"Feature","properties":{"NOM":"Sans nom","ETAT":2,"CODE_MODIF":0,"DATE_MODIF":null,"MODIFICATI":null,"RAPPORT_UR":null,"ID_NOM":"N9999","ID_TRONCON":"T1057","ID_COURSDE":"N9999T1057","ORIGINE1":"SCAN25","BCAE":"non","ZNT":"oui"},"geometry":{"type":"LineString","coordinates":[[2.62117,49.07463],[2.62233,49.07486],[2.62535,49.07584],[2.62774,49.07628],[2.62829,49.0765],[2.63009,49.07763],[2.63119,49.07817],[2.63119,49.07826],[2.63229,49.07911],[2.63352,49.07969],[2.63476,49.08009],[2.63784,49.08076],[2.63859,49.08098],[2.64003,49.08192],[2.64038,49.08205],[2.64092,49.08219],[2.64168,49.08219],[2.64332,49.08205]]}},
{"type":"Feature","properties":{"NOM":"Sans nom","ETAT":2,"CODE_MODIF":0,"DATE_MODIF":null,"MODIFICATI":null,"RAPPORT_UR":null,"ID_NOM":"N9999","ID_TRONCON":"T1058","ID_COURSDE":"N9999T1058","ORIGINE1":"SCAN25","BCAE":"non","ZNT":"oui"},"geometry":{"type":"LineString","coordinates":[[2.63812,49.07073],[2.63696,49.07037],[2.63641,49.07033],[2.63627,49.07042],[2.63628,49.07087],[2.63614,49.07141],[2.63608,49.0719],[2.63704,49.07293],[2.63752,49.07334],[2.63896,49.07378],[2.63951,49.07409],[2.63992,49.07459],[2.64109,49.07634],[2.6413,49.07683],[2.64137,49.07746],[2.64124,49.07764],[2.64124,49.07845],[2.64187,49.0794],[2.64214,49.0803],[2.6427,49.08151],[2.64332,49.08205]]}},
{"type":"Feature","properties":{"NOM":"Sans nom","ETAT":2,"CODE_MODIF":0,"DATE_MODIF":null,"MODIFICATI":null,"RAPPORT_UR":null,"ID_NOM":"N9999","ID_TRONCON":"T1059","ID_COURSDE":"N9999T1059","ORIGINE1":"SCAN25","BCAE":"non","ZNT":"oui"},"geometry":{"type":"LineString","coordinates":[[2.41046,49.15227],[2.41071,49.15181],[2.41067,49.15111]]}},
{"type":"Feature","properties":{"NOM":"Sans nom","ETAT":2,"CODE_MODIF":0,"DATE_MODIF":null,"MODIFICATI":null,"RAPPORT_UR":null,"ID_NOM":"N9999","ID_TRONCON":"T1060","ID_COURSDE":"N9999T1060","ORIGINE1":"SCAN25","BCAE":"non","ZNT":"oui"},"geometry":{"type":"LineString","coordinates":[[2.41256,49.15106],[2.41067,49.15111]]}},
{"type":"Feature","properties":{"NOM":"Sans nom","ETAT":2,"CODE_MODIF":0,"DATE_MODIF":null,"MODIFICATI":null,"RAPPORT_UR":null,"ID_NOM":"N9999","ID_TRONCON":"T1061","ID_COURSDE":"N9999T1061","ORIGINE1":"SCAN25","BCAE":"non","ZNT":"oui"},"geometry":{"type":"LineString","coordinates":[[2.41067,49.15111],[2.40889,49.15117],[2.40789,49.15136],[2.40746,49.1514],[2.40464,49.15144]]}},
{"type":"Feature","properties":{"NOM":"Sans nom","ETAT":2,"CODE_MODIF":0,"DATE_MODIF":null,"MODIFICATI":null,"RAPPORT_UR":null,"ID_NOM":"N9999","ID_TRONCON":"T1062","ID_COURSDE":"N9999T1062","ORIGINE1":"SCAN25","BCAE":"non","ZNT":"oui"},"geometry":{"type":"LineString","coordinates":[[2.40464,49.15144],[2.4035,49.15145]]}},
{"type":"Feature","properties":{"NOM":"Sans nom","ETAT":1,"CODE_MODIF":0,"DATE_MODIF":null,"MODIFICATI":null,"RAPPORT_UR":null,"ID_NOM":"N9999","ID_TRONCON":"T1063","ID_COURSDE":"N9999T1063","ORIGINE1":"SCAN25","BCAE":"oui","ZNT":"oui"},"geometry":{"type":"LineString","coordinates":[[2.45053,49.11723],[2.45072,49.11724],[2.45107,49.11731],[2.45133,49.11712]]}},
{"type":"Feature","properties":{"NOM":"Sans nom","ETAT":1,"CODE_MODIF":0,"DATE_MODIF":null,"MODIFICATI":null,"RAPPORT_UR":null,"ID_NOM":"N9999","ID_TRONCON":"T1064","ID_COURSDE":"N9999T1064","ORIGINE1":"SCAN25","BCAE":"oui","ZNT":"oui"},"geometry":{"type":"LineString","coordinates":[[2.4498,49.11389],[2.44761,49.11126],[2.44748,49.11105],[2.44749,49.11091],[2.44769,49.1105],[2.44709,49.10978],[2.4464,49.1092],[2.4454,49.10859],[2.44525,49.10821],[2.44513,49.10814],[2.44503,49.10812]]}},
{"type":"Feature","properties":{"NOM":"Sans nom","ETAT":1,"CODE_MODIF":0,"DATE_MODIF":null,"MODIFICATI":null,"RAPPORT_UR":null,"ID_NOM":"N9999","ID_TRONCON":"T1065","ID_COURSDE":"N9999T1065","ORIGINE1":"SCAN25","BCAE":"oui","ZNT":"oui"},"geometry":{"type":"LineString","coordinates":[[2.45157,49.11532],[2.45113,49.11509],[2.45063,49.11504],[2.4502,49.11466]]}},
{"type":"Feature","properties":{"NOM":"Sans nom","ETAT":1,"CODE_MODIF":0,"DATE_MODIF":null,"MODIFICATI":null,"RAPPORT_UR":null,"ID_NOM":"N9999","ID_TRONCON":"T1066","ID_COURSDE":"N9999T1066","ORIGINE1":"SCAN25","BCAE":"oui","ZNT":"oui"},"geometry":{"type":"LineString","coordinates":[[2.44864,49.11441],[2.44866,49.11458],[2.449,49.11507],[2.44904,49.11534],[2.44927,49.11542],[2.45007,49.11511],[2.4504,49.11518],[2.45043,49.11546],[2.45089,49.11607],[2.45086,49.11636],[2.45126,49.11686]]}},
{"type":"Feature","properties":{"NOM":"Sans nom","ETAT":1,"CODE_MODIF":0,"DATE_MODIF":null,"MODIFICATI":null,"RAPPORT_UR":null,"ID_NOM":"N9999","ID_TRONCON":"T1067","ID_COURSDE":"N9999T1067","ORIGINE1":"SCAN25","BCAE":"oui","ZNT":"oui"},"geometry":{"type":"LineString","coordinates":[[2.44927,49.11483],[2.44864,49.11441]]}},
{"type":"Feature","properties":{"NOM":"Sans nom","ETAT":1,"CODE_MODIF":0,"DATE_MODIF":null,"MODIFICATI":null,"RAPPORT_UR":null,"ID_NOM":"N9999","ID_TRONCON":"T1068","ID_COURSDE":"N9999T1068","ORIGINE1":"SCAN25","BCAE":"oui","ZNT":"oui"},"geometry":{"type":"LineString","coordinates":[[2.44919,49.11478],[2.44975,49.11461],[2.45048,49.11471],[2.45082,49.11469],[2.45131,49.11459],[2.4516,49.11469],[2.45173,49.1148],[2.45181,49.11489],[2.45149,49.11515],[2.45158,49.11523],[2.45157,49.11532],[2.45163,49.11543],[2.45216,49.11561],[2.45223,49.1157],[2.45223,49.11578],[2.45217,49.11586],[2.452,49.11594],[2.45176,49.11615],[2.45171,49.11627],[2.4518,49.11657],[2.45165,49.11661],[2.45146,49.11677],[2.45126,49.11686]]}},
{"type":"Feature","properties":{"NOM":"Sans nom","ETAT":1,"CODE_MODIF":0,"DATE_MODIF":null,"MODIFICATI":null,"RAPPORT_UR":null,"ID_NOM":"N9999","ID_TRONCON":"T1069","ID_COURSDE":"N9999T1069","ORIGINE1":"SCAN25","BCAE":"oui","ZNT":"oui"},"geometry":{"type":"LineString","coordinates":[[2.45126,49.11686],[2.45133,49.11712]]}},
{"type":"Feature","properties":{"NOM":"Sans nom","ETAT":1,"CODE_MODIF":0,"DATE_MODIF":null,"MODIFICATI":null,"RAPPORT_UR":null,"ID_NOM":"N9999","ID_TRONCON":"T1070","ID_COURSDE":"N9999T1070","ORIGINE1":"SCAN25","BCAE":"oui","ZNT":"oui"},"geometry":{"type":"LineString","coordinates":[[2.44864,49.11441],[2.4498,49.11389]]}},
{"type":"Feature","properties":{"NOM":"Sans nom","ETAT":2,"CODE_MODIF":0,"DATE_MODIF":null,"MODIFICATI":null,"RAPPORT_UR":null,"ID_NOM":"N9999","ID_TRONCON":"T1071","ID_COURSDE":"N9999T1071","ORIGINE1":"SCAN25","BCAE":"non","ZNT":"oui"},"geometry":{"type":"LineString","coordinates":[[2.45697,49.11431],[2.45692,49.11496],[2.45562,49.11531],[2.45288,49.11526]]}},
{"type":"Feature","properties":{"NOM":"Sans nom","ETAT":2,"CODE_MODIF":0,"DATE_MODIF":null,"MODIFICATI":null,"RAPPORT_UR":null,"ID_NOM":"N9999","ID_TRONCON":"T1072","ID_COURSDE":"N9999T1072","ORIGINE1":"SCAN25","BCAE":"non","ZNT":"oui"},"geometry":{"type":"LineString","coordinates":[[2.45385,49.11354],[2.45345,49.1137],[2.45277,49.11383],[2.45194,49.11418]]}},
{"type":"Feature","properties":{"NOM":"Sans nom","ETAT":2,"CODE_MODIF":0,"DATE_MODIF":null,"MODIFICATI":null,"RAPPORT_UR":null,"ID_NOM":"N9999","ID_TRONCON":"T1073","ID_COURSDE":"N9999T1073","ORIGINE1":"SCAN25","BCAE":"non","ZNT":"oui"},"geometry":{"type":"LineString","coordinates":[[2.4518,49.11657],[2.45282,49.11621]]}},
{"type":"Feature","properties":{"NOM":"Sans nom","ETAT":2,"CODE_MODIF":0,"DATE_MODIF":null,"MODIFICATI":null,"RAPPORT_UR":null,"ID_NOM":"N9999","ID_TRONCON":"T1074","ID_COURSDE":"N9999T1074","ORIGINE1":"SCAN25","BCAE":"non","ZNT":"oui"},"geometry":{"type":"LineString","coordinates":[[2.45282,49.11621],[2.45306,49.1166],[2.45362,49.11679],[2.45413,49.11739],[2.45424,49.118],[2.45469,49.11855],[2.45511,49.11895],[2.45492,49.11913]]}},
{"type":"Feature","properties":{"NOM":"Sans nom","ETAT":2,"CODE_MODIF":0,"DATE_MODIF":null,"MODIFICATI":null,"RAPPORT_UR":null,"ID_NOM":"N9999","ID_TRONCON":"T1075","ID_COURSDE":"N9999T1075","ORIGINE1":"SCAN25","BCAE":"non","ZNT":"oui"},"geometry":{"type":"LineString","coordinates":[[2.45282,49.11621],[2.45288,49.11604],[2.45288,49.11526]]}},
{"type":"Feature","properties":{"NOM":"Sans nom","ETAT":2,"CODE_MODIF":0,"DATE_MODIF":null,"MODIFICATI":null,"RAPPORT_UR":null,"ID_NOM":"N9999","ID_TRONCON":"T1076","ID_COURSDE":"N9999T1076","ORIGINE1":"SCAN25","BCAE":"non","ZNT":"oui"},"geometry":{"type":"LineString","coordinates":[[2.45288,49.11526],[2.45282,49.11501],[2.45252,49.11469],[2.45207,49.11445],[2.45194,49.11418]]}},
{"type":"Feature","properties":{"NOM":"Sans nom","ETAT":2,"CODE_MODIF":0,"DATE_MODIF":null,"MODIFICATI":null,"RAPPORT_UR":null,"ID_NOM":"N9999","ID_TRONCON":"T1077","ID_COURSDE":"N9999T1077","ORIGINE1":"SCAN25","BCAE":"non","ZNT":"oui"},"geometry":{"type":"LineString","coordinates":[[2.45194,49.11418],[2.45174,49.11385],[2.45091,49.11359],[2.45055,49.11369],[2.45029,49.11384],[2.44999,49.11389],[2.4498,49.11389]]}},
{"type":"Feature","properties":{"NOM":"Sans nom","ETAT":2,"CODE_MODIF":0,"DATE_MODIF":null,"MODIFICATI":null,"RAPPORT_UR":null,"ID_NOM":"N9999","ID_TRONCON":"T1078","ID_COURSDE":"N9999T1078","ORIGINE1":"SCAN25","BCAE":"non","ZNT":"oui"},"geometry":{"type":"LineString","coordinates":[[2.44511,49.11756],[2.44477,49.11697],[2.4448,49.11684]]}},
{"type":"Feature","properties":{"NOM":"Sans nom","ETAT":3,"CODE_MODIF":0,"DATE_MODIF":null,"MODIFICATI":null,"RAPPORT_UR":null,"ID_NOM":"N9999","ID_TRONCON":"T1079","ID_COURSDE":"N9999T1079","ORIGINE1":"SCAN25","BCAE":"non","ZNT":"oui"},"geometry":{"type":"LineString","coordinates":[[2.48981,49.00007],[2.48647,49.00088],[2.48577,49.00112],[2.48499,49.00116],[2.48384,49.00111],[2.48303,49.00094],[2.48265,49.00093],[2.4804,49.00116],[2.47989,49.00117],[2.47905,49.00134],[2.47781,49.00183],[2.47604,49.002],[2.47334,49.00206],[2.47313,49.00194],[2.4729,49.00082],[2.47265,49.00051],[2.4724,49.00031],[2.47228,49.00029],[2.47178,49.00031],[2.47164,49.00013],[2.47154,49.00008],[2.47117,48.99959],[2.47028,48.99914]]}},
{"type":"Feature","properties":{"NOM":"Sans nom","ETAT":2,"CODE_MODIF":0,"DATE_MODIF":null,"MODIFICATI":null,"RAPPORT_UR":null,"ID_NOM":"N9999","ID_TRONCON":"T1080","ID_COURSDE":"N9999T1080","ORIGINE1":"SCAN25","BCAE":"non","ZNT":"oui"},"geometry":{"type":"LineString","coordinates":[[2.51316,48.99749],[2.51296,48.99734],[2.51233,48.9971],[2.51178,48.9968],[2.5115,48.99678],[2.51046,48.99723],[2.50969,48.9972],[2.50878,48.99708],[2.5078,48.99723],[2.50693,48.99745],[2.5066,48.99783],[2.50633,48.99796],[2.50492,48.99804],[2.50463,48.99802],[2.50422,48.99816],[2.50334,48.99837],[2.50308,48.99857],[2.50278,48.99864],[2.50265,48.99872],[2.50233,48.99899],[2.50187,48.99946],[2.50133,48.9999],[2.50088,49.00066],[2.50078,49.00091],[2.50071,49.00099],[2.5006,49.00104],[2.49926,49.00118],[2.49909,49.00118],[2.49656,49.00064],[2.4958,49.00075],[2.49537,49.00076],[2.49516,49.00074],[2.4947,49.00064],[2.49443,49.00052],[2.49395,48.99999],[2.49366,48.99977],[2.4929,48.99946],[2.49243,48.99936],[2.49198,48.99933],[2.49175,48.99938],[2.49106,48.9997],[2.49086,48.99992],[2.49027,48.99962],[2.49011,48.9996],[2.48997,48.99968],[2.48981,49.00007]]}},
{"type":"Feature","properties":{"NOM":"Sans nom","ETAT":0,"CODE_MODIF":5,"DATE_MODIF":"2010-11-26","MODIFICATI":"SUPPRESSION","RAPPORT_UR":"\\\\Sbl95-03\\gb_cons\\EAU\\N_MASSE_EAU\\L_COURS_DEAU_L_095\\Multi_0007.doc","ID_NOM":"N9999","ID_TRONCON":"T1081","ID_COURSDE":"N9999T1081","ORIGINE1":"TERRAIN","BCAE":"non","ZNT":"non"},"geometry":{"type":"LineString","coordinates":[[2.44304,49.01396],[2.44306,49.01281]]}},
{"type":"Feature","properties":{"NOM":"Sans nom","ETAT":2,"CODE_MODIF":0,"DATE_MODIF":null,"MODIFICATI":null,"RAPPORT_UR":null,"ID_NOM":"N9999","ID_TRONCON":"T1082","ID_COURSDE":"N9999T1082","ORIGINE1":"SCAN25","BCAE":"non","ZNT":"oui"},"geometry":{"type":"LineString","coordinates":[[2.36423,49.0109],[2.36394,49.01153],[2.36358,49.01254],[2.36344,49.01303],[2.36342,49.01327],[2.3635,49.01337],[2.36371,49.01351],[2.36452,49.01391],[2.36464,49.01402],[2.36466,49.01417],[2.36444,49.01443],[2.3636,49.01515]]}},
{"type":"Feature","properties":{"NOM":"Sans nom","ETAT":2,"CODE_MODIF":0,"DATE_MODIF":null,"MODIFICATI":null,"RAPPORT_UR":null,"ID_NOM":"N9999","ID_TRONCON":"T1083","ID_COURSDE":"N9999T1083","ORIGINE1":"SCAN25","BCAE":"non","ZNT":"oui"},"geometry":{"type":"LineString","coordinates":[[2.28797,49.04788],[2.28828,49.04752],[2.28841,49.04713],[2.28851,49.04654],[2.28881,49.04602],[2.28902,49.04591],[2.28934,49.04583],[2.28954,49.04584],[2.28973,49.04601],[2.29004,49.04606],[2.29009,49.04614],[2.2903,49.0462],[2.29043,49.0463],[2.29067,49.04632],[2.29085,49.04638],[2.29098,49.04635],[2.29113,49.04637],[2.29118,49.04639],[2.29122,49.04653],[2.29131,49.04659],[2.29164,49.0466],[2.29173,49.0467],[2.29251,49.04704],[2.29278,49.04737],[2.29304,49.04755],[2.29316,49.0476],[2.2935,49.04759],[2.29367,49.04769],[2.29368,49.04778],[2.29393,49.048],[2.29407,49.04825],[2.29412,49.04844],[2.29425,49.04855],[2.29452,49.04868],[2.29474,49.0489],[2.29502,49.04908],[2.29584,49.04936],[2.29609,49.04966],[2.29622,49.04975],[2.29656,49.04981],[2.29685,49.04982],[2.29703,49.04994],[2.29746,49.05013],[2.2979,49.05027],[2.29802,49.0504],[2.29841,49.05046],[2.29847,49.05053],[2.29903,49.05072],[2.29915,49.05084],[2.2997,49.051],[2.30066,49.05114],[2.30076,49.05104],[2.30088,49.05104],[2.30173,49.05145],[2.30171,49.05158],[2.30192,49.05182],[2.30296,49.053],[2.30318,49.0531]]}},
{"type":"Feature","properties":{"NOM":"Sans nom","ETAT":2,"CODE_MODIF":0,"DATE_MODIF":null,"MODIFICATI":null,"RAPPORT_UR":null,"ID_NOM":"N9999","ID_TRONCON":"T1084","ID_COURSDE":"N9999T1084","ORIGINE1":"SCAN25","BCAE":"non","ZNT":"oui"},"geometry":{"type":"LineString","coordinates":[[2.27865,49.034],[2.27804,49.03424],[2.27792,49.03449],[2.2773,49.03514],[2.27697,49.03559],[2.27671,49.0358],[2.27617,49.03636],[2.27598,49.03649],[2.27532,49.0366],[2.27468,49.03679],[2.27395,49.03712],[2.27239,49.03741],[2.27165,49.03767]]}},
{"type":"Feature","properties":{"NOM":"Sans nom","ETAT":2,"CODE_MODIF":0,"DATE_MODIF":null,"MODIFICATI":null,"RAPPORT_UR":null,"ID_NOM":"N9999","ID_TRONCON":"T1085","ID_COURSDE":"N9999T1085","ORIGINE1":"SCAN25","BCAE":"non","ZNT":"oui"},"geometry":{"type":"LineString","coordinates":[[2.29156,49.0306],[2.29148,49.03087],[2.29155,49.03138],[2.29171,49.03157],[2.29177,49.03181],[2.29203,49.03219],[2.29242,49.03265],[2.29236,49.03279],[2.29215,49.03305],[2.29208,49.03325],[2.29223,49.03362],[2.29257,49.03384],[2.29264,49.03407],[2.2929,49.03434],[2.29292,49.03501]]}},
{"type":"Feature","properties":{"NOM":"Sans nom","ETAT":2,"CODE_MODIF":0,"DATE_MODIF":null,"MODIFICATI":null,"RAPPORT_UR":null,"ID_NOM":"N9999","ID_TRONCON":"T1086","ID_COURSDE":"N9999T1086","ORIGINE1":"SCAN25","BCAE":"non","ZNT":"oui"},"geometry":{"type":"LineString","coordinates":[[2.29341,49.02932],[2.29258,49.02908],[2.29241,49.02885],[2.29057,49.02834],[2.28951,49.02828],[2.28914,49.02818],[2.28881,49.02815],[2.2882,49.02816],[2.28799,49.02808],[2.28785,49.02788],[2.28762,49.02773],[2.28732,49.02764],[2.28727,49.02752],[2.28703,49.02737],[2.28662,49.02726],[2.2862,49.02692],[2.28607,49.02674],[2.28585,49.02667],[2.28523,49.02637]]}},
{"type":"Feature","properties":{"NOM":"Sans nom","ETAT":2,"CODE_MODIF":0,"DATE_MODIF":null,"MODIFICATI":null,"RAPPORT_UR":null,"ID_NOM":"N9999","ID_TRONCON":"T1087","ID_COURSDE":"N9999T1087","ORIGINE1":"SCAN25","BCAE":"non","ZNT":"oui"},"geometry":{"type":"LineString","coordinates":[[2.29304,49.02994],[2.29333,49.03005],[2.29415,49.03085],[2.29488,49.03142],[2.29532,49.03185],[2.29659,49.0325],[2.29714,49.03273],[2.29753,49.03285],[2.29776,49.03299],[2.29808,49.0331],[2.29844,49.03314]]}},
{"type":"Feature","properties":{"NOM":"bras de Sanson","ETAT":2,"CODE_MODIF":0,"DATE_MODIF":null,"MODIFICATI":null,"RAPPORT_UR":null,"ID_NOM":"N0088","ID_TRONCON":"T1088","ID_COURSDE":"N0088T1088","ORIGINE1":"SCAN25","BCAE":"non","ZNT":"oui"},"geometry":{"type":"LineString","coordinates":[[1.625,49.07946],[1.62454,49.07933],[1.62396,49.07912],[1.62188,49.07817],[1.61924,49.07713],[1.61826,49.07669],[1.61745,49.07626],[1.61655,49.0757],[1.6158,49.07519],[1.61542,49.07487],[1.61507,49.07447],[1.61512,49.07419],[1.61546,49.07383],[1.61588,49.07351],[1.61665,49.07241]]}},
{"type":"Feature","properties":{"NOM":"Sans nom","ETAT":0,"CODE_MODIF":5,"DATE_MODIF":"2010-11-26","MODIFICATI":"SUPPRESSION","RAPPORT_UR":"\\\\Sbl95-03\\gb_cons\\EAU\\N_MASSE_EAU\\L_COURS_DEAU_L_095\\Multi_0007.doc","ID_NOM":"N9999","ID_TRONCON":"T1089","ID_COURSDE":"N9999T1089","ORIGINE1":"TERRAIN","BCAE":"non","ZNT":"non"},"geometry":{"type":"LineString","coordinates":[[2.40065,49.03569],[2.40066,49.03507],[2.40088,49.03424],[2.40108,49.0337],[2.4015,49.03298],[2.40304,49.031],[2.40355,49.03051],[2.40412,49.03012]]}},
{"type":"Feature","properties":{"NOM":"Sans nom","ETAT":0,"CODE_MODIF":5,"DATE_MODIF":"2010-11-26","MODIFICATI":"SUPPRESSION","RAPPORT_UR":"\\\\Sbl95-03\\gb_cons\\EAU\\N_MASSE_EAU\\L_COURS_DEAU_L_095\\Multi_0007.doc","ID_NOM":"N9999","ID_TRONCON":"T1090","ID_COURSDE":"N9999T1090","ORIGINE1":"TERRAIN","BCAE":"non","ZNT":"non"},"geometry":{"type":"LineString","coordinates":[[2.40198,49.03831],[2.40326,49.03937]]}},
{"type":"Feature","properties":{"NOM":"Sans nom","ETAT":0,"CODE_MODIF":5,"DATE_MODIF":"2010-11-26","MODIFICATI":"SUPPRESSION","RAPPORT_UR":"\\\\Sbl95-03\\gb_cons\\EAU\\N_MASSE_EAU\\L_COURS_DEAU_L_095\\Multi_0007.doc","ID_NOM":"N9999","ID_TRONCON":"T1091","ID_COURSDE":"N9999T1091","ORIGINE1":"TERRAIN","BCAE":"non","ZNT":"non"},"geometry":{"type":"LineString","coordinates":[[2.40098,49.03706],[2.40065,49.03569]]}},
{"type":"Feature","properties":{"NOM":"Sans nom","ETAT":0,"CODE_MODIF":5,"DATE_MODIF":"2010-11-26","MODIFICATI":"SUPPRESSION","RAPPORT_UR":"\\\\Sbl95-03\\gb_cons\\EAU\\N_MASSE_EAU\\L_COURS_DEAU_L_095\\Multi_0007.doc","ID_NOM":"N9999","ID_TRONCON":"T1092","ID_COURSDE":"N9999T1092","ORIGINE1":"TERRAIN","BCAE":"non","ZNT":"non"},"geometry":{"type":"LineString","coordinates":[[2.40555,49.02804],[2.40539,49.02849],[2.40449,49.02952]]}},
{"type":"Feature","properties":{"NOM":"Sans nom","ETAT":0,"CODE_MODIF":5,"DATE_MODIF":"2010-11-26","MODIFICATI":"SUPPRESSION","RAPPORT_UR":"\\\\Sbl95-03\\gb_cons\\EAU\\N_MASSE_EAU\\L_COURS_DEAU_L_095\\Multi_0007.doc","ID_NOM":"N9999","ID_TRONCON":"T1093","ID_COURSDE":"N9999T1093","ORIGINE1":"TERRAIN","BCAE":"non","ZNT":"non"},"geometry":{"type":"LineString","coordinates":[[2.40634,49.04197],[2.40574,49.04148]]}},
{"type":"Feature","properties":{"NOM":"Sans nom","ETAT":0,"CODE_MODIF":5,"DATE_MODIF":"2010-11-26","MODIFICATI":"SUPPRESSION","RAPPORT_UR":"\\\\Sbl95-03\\gb_cons\\EAU\\N_MASSE_EAU\\L_COURS_DEAU_L_095\\Multi_0007.doc","ID_NOM":"N9999","ID_TRONCON":"T1094","ID_COURSDE":"N9999T1094","ORIGINE1":"TERRAIN","BCAE":"non","ZNT":"non"},"geometry":{"type":"LineString","coordinates":[[2.40379,49.0398],[2.40326,49.03937]]}},
{"type":"Feature","properties":{"NOM":"Sans nom","ETAT":0,"CODE_MODIF":5,"DATE_MODIF":"2010-11-26","MODIFICATI":"SUPPRESSION","RAPPORT_UR":"\\\\Sbl95-03\\gb_cons\\EAU\\N_MASSE_EAU\\L_COURS_DEAU_L_095\\Multi_0007.doc","ID_NOM":"N9999","ID_TRONCON":"T1095","ID_COURSDE":"N9999T1095","ORIGINE1":"TERRAIN","BCAE":"non","ZNT":"non"},"geometry":{"type":"LineString","coordinates":[[2.4002,49.04373],[2.40032,49.04339],[2.40032,49.04316],[2.40018,49.04284],[2.39837,49.03969],[2.39831,49.03925],[2.39823,49.03914],[2.39824,49.03867],[2.39852,49.0381]]}},
{"type":"Feature","properties":{"NOM":"Sans nom","ETAT":0,"CODE_MODIF":5,"DATE_MODIF":"2010-11-26","MODIFICATI":"SUPPRESSION","RAPPORT_UR":"\\\\Sbl95-03\\gb_cons\\EAU\\N_MASSE_EAU\\L_COURS_DEAU_L_095\\Multi_0007.doc","ID_NOM":"N9999","ID_TRONCON":"T1096","ID_COURSDE":"N9999T1096","ORIGINE1":"TERRAIN","BCAE":"non","ZNT":"non"},"geometry":{"type":"LineString","coordinates":[[2.40099,49.03743],[2.39852,49.0381]]}},
{"type":"Feature","properties":{"NOM":"Sans nom","ETAT":0,"CODE_MODIF":5,"DATE_MODIF":"2010-11-26","MODIFICATI":"SUPPRESSION","RAPPORT_UR":"\\\\Sbl95-03\\gb_cons\\EAU\\N_MASSE_EAU\\L_COURS_DEAU_L_095\\Multi_0007.doc","ID_NOM":"N9999","ID_TRONCON":"T1097","ID_COURSDE":"N9999T1097","ORIGINE1":"TERRAIN","BCAE":"non","ZNT":"non"},"geometry":{"type":"LineString","coordinates":[[2.40204,49.04517],[2.4002,49.04373]]}},
{"type":"Feature","properties":{"NOM":"Sans nom","ETAT":1,"CODE_MODIF":0,"DATE_MODIF":null,"MODIFICATI":null,"RAPPORT_UR":null,"ID_NOM":"N9999","ID_TRONCON":"T1098","ID_COURSDE":"N9999T1098","ORIGINE1":"SCAN25","BCAE":"oui","ZNT":"oui"},"geometry":{"type":"LineString","coordinates":[[1.70415,49.24174],[1.70675,49.24086],[1.70648,49.24062],[1.70613,49.24014],[1.70611,49.24005],[1.7059,49.23978],[1.70586,49.23961],[1.70508,49.239],[1.70525,49.23624],[1.7049,49.23589],[1.70408,49.23571],[1.7037,49.23552],[1.70083,49.2349],[1.69977,49.2345]]}},
{"type":"Feature","properties":{"NOM":"Sans nom","ETAT":1,"CODE_MODIF":0,"DATE_MODIF":null,"MODIFICATI":null,"RAPPORT_UR":null,"ID_NOM":"N9999","ID_TRONCON":"T1099","ID_COURSDE":"N9999T1099","ORIGINE1":"SCAN25","BCAE":"oui","ZNT":"oui"},"geometry":{"type":"LineString","coordinates":[[1.70521,49.23717],[1.69977,49.23603]]}},
{"type":"Feature","properties":{"NOM":"Sans nom","ETAT":1,"CODE_MODIF":0,"DATE_MODIF":null,"MODIFICATI":null,"RAPPORT_UR":null,"ID_NOM":"N9999","ID_TRONCON":"T1100","ID_COURSDE":"N9999T1100","ORIGINE1":"SCAN25","BCAE":"oui","ZNT":"oui"},"geometry":{"type":"LineString","coordinates":[[1.70853,49.23686],[1.70522,49.23705]]}},
{"type":"Feature","properties":{"NOM":"Sans nom","ETAT":1,"CODE_MODIF":0,"DATE_MODIF":null,"MODIFICATI":null,"RAPPORT_UR":null,"ID_NOM":"N9999","ID_TRONCON":"T1101","ID_COURSDE":"N9999T1101","ORIGINE1":"SCAN25","BCAE":"oui","ZNT":"oui"},"geometry":{"type":"LineString","coordinates":[[1.70938,49.23876],[1.70508,49.239],[1.70132,49.23914]]}},
{"type":"Feature","properties":{"NOM":"Sans nom","ETAT":1,"CODE_MODIF":0,"DATE_MODIF":null,"MODIFICATI":null,"RAPPORT_UR":null,"ID_NOM":"N9999","ID_TRONCON":"T1102","ID_COURSDE":"N9999T1102","ORIGINE1":"SCAN25","BCAE":"oui","ZNT":"oui"},"geometry":{"type":"LineString","coordinates":[[1.70675,49.24086],[1.70804,49.24049],[1.70939,49.24019]]}},
{"type":"Feature","properties":{"NOM":"Sans nom","ETAT":1,"CODE_MODIF":0,"DATE_MODIF":null,"MODIFICATI":null,"RAPPORT_UR":null,"ID_NOM":"N9999","ID_TRONCON":"T1103","ID_COURSDE":"N9999T1103","ORIGINE1":"SCAN25","BCAE":"oui","ZNT":"oui"},"geometry":{"type":"LineString","coordinates":[[1.76465,49.14767],[1.76493,49.14717],[1.76517,49.14661]]}},
{"type":"Feature","properties":{"NOM":"Sans nom","ETAT":1,"CODE_MODIF":0,"DATE_MODIF":null,"MODIFICATI":null,"RAPPORT_UR":null,"ID_NOM":"N9999","ID_TRONCON":"T1104","ID_COURSDE":"N9999T1104","ORIGINE1":"SCAN25","BCAE":"oui","ZNT":"oui"},"geometry":{"type":"LineString","coordinates":[[2.05053,49.06717],[2.05151,49.06714],[2.05655,49.06715]]}},
{"type":"Feature","properties":{"NOM":"Sans nom","ETAT":2,"CODE_MODIF":0,"DATE_MODIF":null,"MODIFICATI":null,"RAPPORT_UR":null,"ID_NOM":"N9999","ID_TRONCON":"T1105","ID_COURSDE":"N9999T1105","ORIGINE1":"SCAN25","BCAE":"non","ZNT":"oui"},"geometry":{"type":"LineString","coordinates":[[2.08025,49.18712],[2.08043,49.18721],[2.08067,49.1874],[2.08079,49.1877],[2.08097,49.18779],[2.08135,49.18812],[2.08155,49.18822],[2.08231,49.18857],[2.08249,49.18843],[2.08254,49.18841],[2.08264,49.18842],[2.08474,49.18934],[2.08508,49.18965],[2.08592,49.19056],[2.08626,49.19134]]}},
{"type":"Feature","properties":{"NOM":"Sans nom","ETAT":1,"CODE_MODIF":0,"DATE_MODIF":null,"MODIFICATI":null,"RAPPORT_UR":null,"ID_NOM":"N9999","ID_TRONCON":"T1106","ID_COURSDE":"N9999T1106","ORIGINE1":"SCAN25","BCAE":"oui","ZNT":"oui"},"geometry":{"type":"LineString","coordinates":[[2.11899,49.04682],[2.11915,49.04689],[2.11989,49.04745],[2.1187,49.04813],[2.11787,49.04755]]}},
{"type":"Feature","properties":{"NOM":"Sans nom","ETAT":1,"CODE_MODIF":0,"DATE_MODIF":null,"MODIFICATI":null,"RAPPORT_UR":null,"ID_NOM":"N9999","ID_TRONCON":"T1107","ID_COURSDE":"N9999T1107","ORIGINE1":"SCAN25","BCAE":"oui","ZNT":"oui"},"geometry":{"type":"LineString","coordinates":[[2.36463,49.01017],[2.36405,49.01003],[2.36372,49.0098],[2.36362,49.00978],[2.36346,49.00988],[2.36349,49.01014],[2.36287,49.01107],[2.36284,49.01128],[2.36292,49.01166]]}},
{"type":"Feature","properties":{"NOM":"Sans nom","ETAT":1,"CODE_MODIF":0,"DATE_MODIF":null,"MODIFICATI":null,"RAPPORT_UR":null,"ID_NOM":"N9999","ID_TRONCON":"T1108","ID_COURSDE":"N9999T1108","ORIGINE1":"SCAN25","BCAE":"oui","ZNT":"oui"},"geometry":{"type":"LineString","coordinates":[[2.38908,49.14421],[2.38927,49.14434],[2.39011,49.14508],[2.39076,49.14559],[2.3911,49.14571],[2.39182,49.14582],[2.39286,49.14612],[2.39381,49.14664],[2.39523,49.14723],[2.39557,49.1474],[2.39634,49.14749],[2.39649,49.14755],[2.39698,49.14787],[2.39853,49.14838],[2.39945,49.14867],[2.40022,49.14878],[2.40061,49.14888],[2.40118,49.14926],[2.40136,49.14933],[2.40156,49.14937],[2.40321,49.14956],[2.40385,49.14956]]}},
{"type":"Feature","properties":{"NOM":"Sans nom","ETAT":1,"CODE_MODIF":0,"DATE_MODIF":null,"MODIFICATI":null,"RAPPORT_UR":null,"ID_NOM":"N9999","ID_TRONCON":"T1109","ID_COURSDE":"N9999T1109","ORIGINE1":"SCAN25","BCAE":"oui","ZNT":"oui"},"geometry":{"type":"LineString","coordinates":[[2.37945,49.14479],[2.37978,49.14494],[2.37997,49.14508],[2.38035,49.14553],[2.38034,49.14586],[2.37992,49.14624],[2.37957,49.14665]]}},
{"type":"Feature","properties":{"NOM":"Sans nom","ETAT":2,"CODE_MODIF":0,"DATE_MODIF":null,"MODIFICATI":null,"RAPPORT_UR":null,"ID_NOM":"N9999","ID_TRONCON":"T1110","ID_COURSDE":"N9999T1110","ORIGINE1":"SCAN25","BCAE":"non","ZNT":"oui"},"geometry":{"type":"LineString","coordinates":[[1.92354,49.06742],[1.92448,49.06713],[1.92575,49.06696],[1.92677,49.06675],[1.92745,49.06656],[1.92826,49.06624],[1.92941,49.0659],[1.93068,49.0656],[1.93231,49.06529],[1.93287,49.06513],[1.93303,49.06506],[1.93332,49.06486],[1.93369,49.06441],[1.93376,49.06422],[1.93393,49.06401],[1.93361,49.06362]]}},
{"type":"Feature","properties":{"NOM":"Sans nom","ETAT":2,"CODE_MODIF":0,"DATE_MODIF":null,"MODIFICATI":null,"RAPPORT_UR":null,"ID_NOM":"N9999","ID_TRONCON":"T1111","ID_COURSDE":"N9999T1111","ORIGINE1":"SCAN25","BCAE":"non","ZNT":"oui"},"geometry":{"type":"LineString","coordinates":[[1.93727,49.03052],[1.93677,49.03015]]}},
{"type":"Feature","properties":{"NOM":"Sans nom","ETAT":2,"CODE_MODIF":0,"DATE_MODIF":null,"MODIFICATI":null,"RAPPORT_UR":null,"ID_NOM":"N9999","ID_TRONCON":"T1112","ID_COURSDE":"N9999T1112","ORIGINE1":"SCAN25","BCAE":"non","ZNT":"oui"},"geometry":{"type":"LineString","coordinates":[[1.9363,49.16603],[1.93632,49.16569],[1.93626,49.16543],[1.93636,49.16383],[1.93638,49.16286],[1.93666,49.16276],[1.93658,49.16134],[1.93662,49.16125],[1.93656,49.16093]]}},
{"type":"Feature","properties":{"NOM":"Sans nom","ETAT":2,"CODE_MODIF":0,"DATE_MODIF":null,"MODIFICATI":null,"RAPPORT_UR":null,"ID_NOM":"N9999","ID_TRONCON":"T1113","ID_COURSDE":"N9999T1113","ORIGINE1":"SCAN25","BCAE":"non","ZNT":"oui"},"geometry":{"type":"LineString","coordinates":[[2.01756,49.18812],[2.01728,49.18802],[2.01642,49.18748],[2.01599,49.18715],[2.01391,49.18626],[2.01339,49.18596],[2.01277,49.18572],[2.01242,49.18551],[2.01179,49.18542],[2.01113,49.18517],[2.01078,49.18509],[2.00949,49.18494],[2.00903,49.18505],[2.00553,49.18515],[2.00408,49.18508],[2.00296,49.18533],[2.00269,49.1851],[2.00185,49.18499],[2.00118,49.18469],[2.00067,49.18457],[2.00008,49.18431],[1.99928,49.184],[1.99857,49.18383],[1.99708,49.18356],[1.99411,49.1835],[1.99386,49.18354],[1.99312,49.18329],[1.99295,49.18329],[1.9926,49.1834],[1.99242,49.1834],[1.99177,49.18324],[1.99163,49.18317],[1.99048,49.18284],[1.98977,49.18254],[1.98961,49.18255],[1.98853,49.18281],[1.98804,49.18286],[1.98698,49.18261],[1.98644,49.18228],[1.98591,49.18227],[1.98534,49.18222],[1.98486,49.18212],[1.98336,49.18215],[1.9821,49.18193],[1.97996,49.18209]]}},
{"type":"Feature","properties":{"NOM":"Sans nom","ETAT":2,"CODE_MODIF":0,"DATE_MODIF":null,"MODIFICATI":null,"RAPPORT_UR":null,"ID_NOM":"N9999","ID_TRONCON":"T1114","ID_COURSDE":"N9999T1114","ORIGINE1":"SCAN25","BCAE":"non","ZNT":"oui"},"geometry":{"type":"LineString","coordinates":[[2.15689,49.14116],[2.15717,49.14101],[2.15787,49.14083],[2.15805,49.14063],[2.15881,49.14009],[2.15896,49.14007],[2.15908,49.14002],[2.1591,49.13987],[2.15896,49.13976],[2.15863,49.13931],[2.15846,49.1392]]}},
{"type":"Feature","properties":{"NOM":"Sans nom","ETAT":2,"CODE_MODIF":0,"DATE_MODIF":null,"MODIFICATI":null,"RAPPORT_UR":null,"ID_NOM":"N9999","ID_TRONCON":"T1115","ID_COURSDE":"N9999T1115","ORIGINE1":"SCAN25","BCAE":"non","ZNT":"oui"},"geometry":{"type":"MultiLineString","coordinates":[[[2.38858,49.15095],[2.38818,49.15127],[2.38593,49.15049],[2.38524,49.15159],[2.38508,49.15184],[2.38461,49.15278],[2.38445,49.15304],[2.38433,49.15316],[2.38391,49.15332],[2.38245,49.15361],[2.38229,49.15366],[2.38194,49.15386],[2.38137,49.15443],[2.38108,49.15465],[2.381,49.15488],[2.38103,49.15501],[2.38097,49.15523],[2.38074,49.15549],[2.38063,49.15588],[2.38049,49.15616],[2.3805,49.15622],[2.38076,49.15631],[2.38089,49.1564],[2.38093,49.15654],[2.38074,49.15694],[2.38061,49.15707],[2.3804,49.15718],[2.37931,49.15745],[2.37652,49.15757],[2.37619,49.15768],[2.3753,49.1577],[2.37503,49.15768],[2.37431,49.15744],[2.37135,49.15668],[2.37093,49.15669],[2.37026,49.1569]],[[2.38662,49.15247],[2.38603,49.15231],[2.38532,49.15207],[2.385,49.15199]],[[2.38808,49.15212],[2.38738,49.15205],[2.38723,49.152],[2.38684,49.15186],[2.38604,49.15163],[2.38558,49.15164],[2.38524,49.15159]],[[2.38723,49.152],[2.38818,49.15127]],[[2.38978,49.14965],[2.38654,49.14968],[2.38593,49.15049]],[[2.38654,49.14968],[2.38728,49.14869],[2.38719,49.14846]],[[2.39153,49.14819],[2.38719,49.14846],[2.38706,49.1481],[2.38664,49.14694],[2.38967,49.14671],[2.39163,49.14674],[2.39215,49.14679],[2.39228,49.14684],[2.39238,49.14691],[2.39242,49.14707],[2.39244,49.14756],[2.39282,49.14764],[2.39322,49.14769],[2.3935,49.14767],[2.39381,49.14775],[2.39414,49.14775],[2.3943,49.14781],[2.39482,49.1479],[2.39673,49.14873],[2.39631,49.14885],[2.39618,49.14886],[2.39562,49.14881],[2.39446,49.14886],[2.39438,49.14895],[2.39448,49.14902],[2.39438,49.14919],[2.39415,49.14946],[2.39406,49.14976]],[[2.39021,49.1478],[2.38706,49.1481]],[[2.39136,49.14867],[2.38699,49.14908]],[[2.39673,49.14873],[2.3974,49.14903],[2.39778,49.14926],[2.39836,49.14954],[2.39835,49.14962],[2.39792,49.15043]]]}},
{"type":"Feature","properties":{"NOM":"Sans nom","ETAT":2,"CODE_MODIF":0,"DATE_MODIF":null,"MODIFICATI":null,"RAPPORT_UR":null,"ID_NOM":"N9999","ID_TRONCON":"T1116","ID_COURSDE":"N9999T1116","ORIGINE1":"SCAN25","BCAE":"non","ZNT":"oui"},"geometry":{"type":"LineString","coordinates":[[2.47587,49.02115],[2.47577,49.02135],[2.47566,49.02144],[2.47537,49.02163],[2.47513,49.0217],[2.47449,49.02169],[2.47377,49.02173],[2.47303,49.02155],[2.47272,49.02168],[2.47145,49.02247],[2.47137,49.02255],[2.47136,49.02264],[2.47143,49.02304],[2.47139,49.02332],[2.47005,49.02464],[2.4691,49.02546],[2.46821,49.02641]]}},
{"type":"Feature","properties":{"NOM":"Sans nom","ETAT":2,"CODE_MODIF":0,"DATE_MODIF":null,"MODIFICATI":null,"RAPPORT_UR":null,"ID_NOM":"N9999","ID_TRONCON":"T1117","ID_COURSDE":"N9999T1117","ORIGINE1":"SCAN25","BCAE":"non","ZNT":"oui"},"geometry":{"type":"LineString","coordinates":[[1.73869,49.13005],[1.73743,49.12928],[1.73725,49.12898],[1.73712,49.12884],[1.7349,49.12847],[1.73367,49.12834],[1.73236,49.128]]}},
{"type":"Feature","properties":{"NOM":"Sans nom","ETAT":2,"CODE_MODIF":0,"DATE_MODIF":null,"MODIFICATI":null,"RAPPORT_UR":null,"ID_NOM":"N9999","ID_TRONCON":"T1118","ID_COURSDE":"N9999T1118","ORIGINE1":"SCAN25","BCAE":"non","ZNT":"oui"},"geometry":{"type":"LineString","coordinates":[[1.73802,49.1311],[1.7396,49.13135],[1.74009,49.1311]]}},
{"type":"Feature","properties":{"NOM":"Sans nom","ETAT":1,"CODE_MODIF":0,"DATE_MODIF":null,"MODIFICATI":null,"RAPPORT_UR":null,"ID_NOM":"N9999","ID_TRONCON":"T1119","ID_COURSDE":"N9999T1119","ORIGINE1":"SCAN25","BCAE":"oui","ZNT":"oui"},"geometry":{"type":"LineString","coordinates":[[1.75465,49.124],[1.75556,49.1234],[1.75568,49.12324],[1.75587,49.12312],[1.75593,49.12304],[1.75653,49.12268]]}},
{"type":"Feature","properties":{"NOM":"Sans nom","ETAT":0,"CODE_MODIF":6,"DATE_MODIF":"2015-01-02","MODIFICATI":"FOSSÉ","RAPPORT_UR":null,"ID_NOM":"N9999","ID_TRONCON":"T1120","ID_COURSDE":"N9999T1120","ORIGINE1":"TERRAIN","BCAE":"non","ZNT":"non"},"geometry":{"type":"LineString","coordinates":[[2.01871,49.1493],[2.01982,49.14913],[2.02115,49.14915],[2.02185,49.14921],[2.0221,49.14931],[2.02233,49.14934],[2.0257,49.14959],[2.02584,49.14962],[2.02685,49.15009],[2.02826,49.15088],[2.03035,49.15061]]}},
{"type":"Feature","properties":{"NOM":"Sans nom","ETAT":2,"CODE_MODIF":0,"DATE_MODIF":null,"MODIFICATI":null,"RAPPORT_UR":null,"ID_NOM":"N9999","ID_TRONCON":"T1122","ID_COURSDE":"N9999T1122","ORIGINE1":"SCAN25","BCAE":"non","ZNT":"oui"},"geometry":{"type":"LineString","coordinates":[[1.97815,49.15923],[1.97841,49.15929],[1.9789,49.15933]]}},
{"type":"Feature","properties":{"NOM":"Sans nom","ETAT":2,"CODE_MODIF":0,"DATE_MODIF":null,"MODIFICATI":null,"RAPPORT_UR":null,"ID_NOM":"N9999","ID_TRONCON":"T1123","ID_COURSDE":"N9999T1123","ORIGINE1":"SCAN25","BCAE":"non","ZNT":"oui"},"geometry":{"type":"LineString","coordinates":[[1.98272,49.15663],[1.9817,49.15602],[1.98146,49.15582],[1.98126,49.15579]]}},
{"type":"Feature","properties":{"NOM":"Sans nom","ETAT":2,"CODE_MODIF":0,"DATE_MODIF":null,"MODIFICATI":null,"RAPPORT_UR":null,"ID_NOM":"N9999","ID_TRONCON":"T1124","ID_COURSDE":"N9999T1124","ORIGINE1":"SCAN25","BCAE":"non","ZNT":"oui"},"geometry":{"type":"LineString","coordinates":[[1.98153,49.15434],[1.98156,49.15454],[1.98125,49.15572],[1.98126,49.15579]]}},
{"type":"Feature","properties":{"NOM":"Sans nom","ETAT":2,"CODE_MODIF":0,"DATE_MODIF":null,"MODIFICATI":null,"RAPPORT_UR":null,"ID_NOM":"N9999","ID_TRONCON":"T1125","ID_COURSDE":"N9999T1125","ORIGINE1":"SCAN25","BCAE":"non","ZNT":"oui"},"geometry":{"type":"LineString","coordinates":[[1.98126,49.15579],[1.97998,49.15567],[1.97962,49.15615],[1.97955,49.15633],[1.9793,49.15738],[1.97877,49.15733],[1.97807,49.15944],[1.97814,49.15953],[1.9783,49.15953],[1.97876,49.15941],[1.9789,49.15933],[1.97912,49.15927],[1.97932,49.15929],[1.97936,49.15932]]}},
{"type":"Feature","properties":{"NOM":"Sans nom","ETAT":1,"CODE_MODIF":0,"DATE_MODIF":null,"MODIFICATI":null,"RAPPORT_UR":null,"ID_NOM":"N9999","ID_TRONCON":"T1126","ID_COURSDE":"N9999T1126","ORIGINE1":"SCAN25","BCAE":"oui","ZNT":"oui"},"geometry":{"type":"LineString","coordinates":[[1.8522,49.02933],[1.85164,49.02968],[1.85075,49.03002],[1.84994,49.03019],[1.84962,49.03018],[1.84949,49.0301],[1.84909,49.03006],[1.84871,49.02997],[1.84674,49.03002],[1.84562,49.03008],[1.84534,49.03004],[1.84467,49.02974],[1.84437,49.02955],[1.84387,49.0293],[1.84347,49.02921],[1.84213,49.02907],[1.84203,49.0296],[1.84018,49.02977],[1.83928,49.0298],[1.83869,49.02989],[1.83834,49.02989],[1.83829,49.02923],[1.83809,49.02916],[1.83717,49.02917],[1.83716,49.02868]]}},
{"type":"Feature","properties":{"NOM":"Sans nom","ETAT":2,"CODE_MODIF":0,"DATE_MODIF":null,"MODIFICATI":null,"RAPPORT_UR":null,"ID_NOM":"N9999","ID_TRONCON":"T1127","ID_COURSDE":"N9999T1127","ORIGINE1":"SCAN25","BCAE":"non","ZNT":"oui"},"geometry":{"type":"LineString","coordinates":[[2.28239,49.06497],[2.28475,49.06384],[2.28518,49.06356],[2.28578,49.06334],[2.28593,49.06304],[2.28601,49.06298],[2.2869,49.06262],[2.28784,49.06237],[2.28894,49.06229],[2.28952,49.06233],[2.29092,49.06262],[2.29198,49.06297],[2.29248,49.06309]]}},
{"type":"Feature","properties":{"NOM":"Sans nom","ETAT":1,"CODE_MODIF":0,"DATE_MODIF":null,"MODIFICATI":null,"RAPPORT_UR":null,"ID_NOM":"N9999","ID_TRONCON":"T1128","ID_COURSDE":"N9999T1128","ORIGINE1":"SCAN25","BCAE":"oui","ZNT":"oui"},"geometry":{"type":"LineString","coordinates":[[1.71067,49.14869],[1.71271,49.1484],[1.71393,49.14818],[1.71588,49.14788]]}},
{"type":"Feature","properties":{"NOM":"Viosne","ETAT":1,"CODE_MODIF":0,"DATE_MODIF":null,"MODIFICATI":null,"RAPPORT_UR":null,"ID_NOM":"N0089","ID_TRONCON":"T1129","ID_COURSDE":"N0089T1129","ORIGINE1":"SCAN25","BCAE":"oui","ZNT":"oui"},"geometry":{"type":"LineString","coordinates":[[2.05854,49.06345],[2.05855,49.06341],[2.05863,49.06338],[2.05931,49.06331],[2.06032,49.06308],[2.06069,49.06297],[2.06109,49.06295],[2.06165,49.06282],[2.06209,49.06289],[2.0624,49.06289],[2.06276,49.06283],[2.06286,49.06274],[2.06301,49.06233],[2.0636,49.06211],[2.0638,49.06218],[2.06462,49.06205],[2.06482,49.06205],[2.06506,49.06209],[2.0654,49.06207],[2.0656,49.06191],[2.06559,49.06174],[2.06571,49.0617],[2.06579,49.06172],[2.06604,49.06191],[2.06629,49.06204],[2.06686,49.06202],[2.06702,49.06213]]}},
{"type":"Feature","properties":{"NOM":"Viosne","ETAT":1,"CODE_MODIF":0,"DATE_MODIF":null,"MODIFICATI":null,"RAPPORT_UR":null,"ID_NOM":"N0089","ID_TRONCON":"T1130","ID_COURSDE":"N0089T1130","ORIGINE1":"SCAN25","BCAE":"oui","ZNT":"oui"},"geometry":{"type":"LineString","coordinates":[[2.07352,49.05671],[2.07334,49.05661],[2.07335,49.05643],[2.0732,49.05655],[2.07283,49.05734],[2.07268,49.05784],[2.07267,49.0581],[2.07303,49.05925],[2.07337,49.05947],[2.07379,49.05952],[2.07393,49.05948]]}},
{"type":"Feature","properties":{"NOM":"Viosne","ETAT":1,"CODE_MODIF":0,"DATE_MODIF":null,"MODIFICATI":null,"RAPPORT_UR":null,"ID_NOM":"N0089","ID_TRONCON":"T1131","ID_COURSDE":"N0089T1131","ORIGINE1":"SCAN25","BCAE":"oui","ZNT":"oui"},"geometry":{"type":"LineString","coordinates":[[2.00462,49.07951],[2.00455,49.07959],[2.0039,49.07976],[2.00361,49.07995],[2.0031,49.08013],[2.00306,49.0803],[2.00183,49.08072],[2.00133,49.08063],[2.0008,49.08063],[1.99943,49.08155],[1.99878,49.0813],[1.99864,49.08133]]}},
{"type":"Feature","properties":{"NOM":"Viosne","ETAT":1,"CODE_MODIF":0,"DATE_MODIF":null,"MODIFICATI":null,"RAPPORT_UR":null,"ID_NOM":"N0089","ID_TRONCON":"T1132","ID_COURSDE":"N0089T1132","ORIGINE1":"SCAN25","BCAE":"oui","ZNT":"oui"},"geometry":{"type":"LineString","coordinates":[[1.9734,49.10015],[1.97335,49.10005],[1.97347,49.09984],[1.97401,49.09951],[1.97416,49.09928],[1.97419,49.09862],[1.97412,49.09824],[1.97371,49.09677],[1.97375,49.09634],[1.97369,49.09619],[1.97363,49.09617],[1.97356,49.09621],[1.97331,49.09642],[1.97248,49.09591],[1.97309,49.09496]]}},
{"type":"Feature","properties":{"NOM":"Viosne","ETAT":1,"CODE_MODIF":0,"DATE_MODIF":null,"MODIFICATI":null,"RAPPORT_UR":null,"ID_NOM":"N0089","ID_TRONCON":"T1133","ID_COURSDE":"N0089T1133","ORIGINE1":"SCAN25","BCAE":"oui","ZNT":"oui"},"geometry":{"type":"LineString","coordinates":[[1.98552,49.08809],[1.9858,49.08805],[1.98644,49.08804],[1.98678,49.08798],[1.98699,49.0879],[1.98756,49.08741],[1.98774,49.08719],[1.98805,49.08697],[1.98851,49.08676],[1.98916,49.08653],[1.98925,49.0864],[1.98908,49.08599]]}},
{"type":"Feature","properties":{"NOM":"Viosne","ETAT":1,"CODE_MODIF":0,"DATE_MODIF":null,"MODIFICATI":null,"RAPPORT_UR":null,"ID_NOM":"N0089","ID_TRONCON":"T1134","ID_COURSDE":"N0089T1134","ORIGINE1":"SCAN25","BCAE":"oui","ZNT":"oui"},"geometry":{"type":"LineString","coordinates":[[1.92367,49.19092],[1.92344,49.19048],[1.92286,49.18993],[1.92266,49.18922]]}},
{"type":"Feature","properties":{"NOM":"Viosne","ETAT":1,"CODE_MODIF":0,"DATE_MODIF":null,"MODIFICATI":null,"RAPPORT_UR":null,"ID_NOM":"N0089","ID_TRONCON":"T1135","ID_COURSDE":"N0089T1135","ORIGINE1":"SCAN25","BCAE":"oui","ZNT":"oui"},"geometry":{"type":"LineString","coordinates":[[2.07335,49.05643],[2.0738,49.056],[2.07425,49.05573],[2.07427,49.05569],[2.07412,49.05559],[2.07413,49.05555],[2.07425,49.05548],[2.07425,49.05543],[2.07408,49.05535],[2.07406,49.05528],[2.07438,49.05519],[2.07483,49.05484],[2.07557,49.05478],[2.0756,49.05449],[2.07566,49.05442],[2.07653,49.05408],[2.07681,49.05405],[2.07756,49.05383]]}},
{"type":"Feature","properties":{"NOM":"Le Ru des Haras","ETAT":1,"CODE_MODIF":0,"DATE_MODIF":null,"MODIFICATI":null,"RAPPORT_UR":null,"ID_NOM":"N0055","ID_TRONCON":"T1136","ID_COURSDE":"N0055T1136","ORIGINE1":"SCAN25","BCAE":"oui","ZNT":"oui"},"geometry":{"type":"LineString","coordinates":[[2.34111,48.96481],[2.34041,48.96485],[2.33952,48.96368],[2.33899,48.96292]]}},
{"type":"Feature","properties":{"NOM":"Le Ru des Haras","ETAT":3,"CODE_MODIF":0,"DATE_MODIF":null,"MODIFICATI":null,"RAPPORT_UR":null,"ID_NOM":"N0055","ID_TRONCON":"T1137","ID_COURSDE":"N0055T1137","ORIGINE1":"SCAN25","BCAE":"non","ZNT":"oui"},"geometry":{"type":"LineString","coordinates":[[2.34692,48.97275],[2.34651,48.97217],[2.34628,48.97174],[2.34586,48.97115]]}},
{"type":"Feature","properties":{"NOM":"Le Ru des Haras","ETAT":3,"CODE_MODIF":0,"DATE_MODIF":null,"MODIFICATI":null,"RAPPORT_UR":null,"ID_NOM":"N0055","ID_TRONCON":"T1138","ID_COURSDE":"N0055T1138","ORIGINE1":"SCAN25","BCAE":"non","ZNT":"oui"},"geometry":{"type":"LineString","coordinates":[[2.34584,48.97114],[2.34572,48.97096],[2.34571,48.97072],[2.34505,48.96981],[2.3447,48.96966]]}},
{"type":"Feature","properties":{"NOM":"Le Ru des Haras","ETAT":2,"CODE_MODIF":0,"DATE_MODIF":null,"MODIFICATI":null,"RAPPORT_UR":null,"ID_NOM":"N0055","ID_TRONCON":"T1139","ID_COURSDE":"N0055T1139","ORIGINE1":"SCAN25","BCAE":"non","ZNT":"oui"},"geometry":{"type":"LineString","coordinates":[[2.34878,48.97585],[2.34879,48.9766],[2.34885,48.97686],[2.34923,48.97746],[2.34956,48.97755],[2.3498,48.97771],[2.35015,48.97802],[2.35122,48.97866],[2.35233,48.97909],[2.35299,48.97942]]}},
{"type":"Feature","properties":{"NOM":"Le Ru des Haras","ETAT":1,"CODE_MODIF":0,"DATE_MODIF":null,"MODIFICATI":null,"RAPPORT_UR":null,"ID_NOM":"N0055","ID_TRONCON":"T1140","ID_COURSDE":"N0055T1140","ORIGINE1":"SCAN25","BCAE":"oui","ZNT":"oui"},"geometry":{"type":"LineString","coordinates":[[2.3304,48.99088],[2.33083,48.99063],[2.33115,48.99054],[2.33171,48.99028],[2.33173,48.99023],[2.33264,48.98983],[2.33283,48.98977],[2.33289,48.98983],[2.33312,48.98988],[2.33401,48.98941],[2.33485,48.98917],[2.33601,48.98904],[2.33621,48.9889],[2.33605,48.98859],[2.33676,48.98849]]}},
{"type":"Feature","properties":{"NOM":"Le Ru des Haras","ETAT":1,"CODE_MODIF":0,"DATE_MODIF":null,"MODIFICATI":null,"RAPPORT_UR":null,"ID_NOM":"N0055","ID_TRONCON":"T1141","ID_COURSDE":"N0055T1141","ORIGINE1":"SCAN25","BCAE":"oui","ZNT":"oui"},"geometry":{"type":"LineString","coordinates":[[2.34117,48.96482],[2.34178,48.96583],[2.34261,48.96696],[2.34368,48.96855],[2.34372,48.96883],[2.34379,48.96901],[2.34392,48.9691],[2.34402,48.9691],[2.34414,48.96918],[2.34442,48.96922],[2.34454,48.96929],[2.3447,48.96963]]}},
{"type":"Feature","properties":{"NOM":"Le Ru des Haras","ETAT":3,"CODE_MODIF":0,"DATE_MODIF":null,"MODIFICATI":null,"RAPPORT_UR":null,"ID_NOM":"N0055","ID_TRONCON":"T1142","ID_COURSDE":"N0055T1142","ORIGINE1":"SCAN25","BCAE":"non","ZNT":"oui"},"geometry":{"type":"LineString","coordinates":[[2.3469,48.97282],[2.34771,48.97417],[2.34677,48.97441],[2.3474,48.97536],[2.34835,48.97693],[2.34887,48.97752],[2.3494,48.97802],[2.35126,48.97915],[2.35269,48.97959],[2.35385,48.97975],[2.35468,48.97991],[2.3549,48.98003]]}},
{"type":"Feature","properties":{"NOM":"Sans nom","ETAT":2,"CODE_MODIF":0,"DATE_MODIF":null,"MODIFICATI":null,"RAPPORT_UR":null,"ID_NOM":"N9999","ID_TRONCON":"T1143","ID_COURSDE":"N9999T1143","ORIGINE1":"SCAN25","BCAE":"non","ZNT":"oui"},"geometry":{"type":"LineString","coordinates":[[2.27246,49.03467],[2.27298,49.03484],[2.274,49.03502],[2.27467,49.03524],[2.27539,49.03561],[2.27603,49.0358],[2.27644,49.03585],[2.2767,49.0358]]}},
{"type":"Feature","properties":{"NOM":"Sans nom","ETAT":2,"CODE_MODIF":0,"DATE_MODIF":null,"MODIFICATI":null,"RAPPORT_UR":null,"ID_NOM":"N9999","ID_TRONCON":"T1144","ID_COURSDE":"N9999T1144","ORIGINE1":"SCAN25","BCAE":"non","ZNT":"oui"},"geometry":{"type":"LineString","coordinates":[[2.27688,49.03373],[2.27743,49.03385],[2.27788,49.034],[2.27838,49.03406],[2.27866,49.034]]}},
{"type":"Feature","properties":{"NOM":"Sans nom","ETAT":2,"CODE_MODIF":0,"DATE_MODIF":null,"MODIFICATI":null,"RAPPORT_UR":null,"ID_NOM":"N9999","ID_TRONCON":"T1145","ID_COURSDE":"N9999T1145","ORIGINE1":"SCAN25","BCAE":"non","ZNT":"oui"},"geometry":{"type":"LineString","coordinates":[[2.28549,49.03358],[2.28549,49.03325],[2.28537,49.03289],[2.28516,49.03256],[2.28512,49.03236],[2.28529,49.03213]]}},
{"type":"Feature","properties":{"NOM":"Ru de l'Etang de la Chasse","ETAT":1,"CODE_MODIF":0,"DATE_MODIF":null,"MODIFICATI":null,"RAPPORT_UR":null,"ID_NOM":"N0090","ID_TRONCON":"T1146","ID_COURSDE":"N0090T1146","ORIGINE1":"SCAN25","BCAE":"oui","ZNT":"oui"},"geometry":{"type":"LineString","coordinates":[[2.29568,49.02731],[2.2959,49.02709],[2.29613,49.0266],[2.29654,49.02628],[2.29653,49.02607],[2.29645,49.02586],[2.29639,49.02533],[2.2962,49.02482],[2.29593,49.02374],[2.29571,49.02344],[2.29585,49.02327],[2.29554,49.02288],[2.29574,49.02282],[2.29568,49.02263],[2.2956,49.02256],[2.2956,49.02235],[2.29541,49.02226],[2.29512,49.02226],[2.29412,49.02146],[2.293,49.02101],[2.29241,49.02069],[2.29242,49.02057],[2.29259,49.02045],[2.29257,49.02029],[2.29232,49.01985],[2.2922,49.01938],[2.29201,49.01923],[2.29189,49.01879],[2.29124,49.01823],[2.29052,49.01781],[2.28975,49.01749],[2.28965,49.01728],[2.28963,49.01688],[2.28951,49.01643],[2.28927,49.01622]]}},
{"type":"Feature","properties":{"NOM":"Ru de Corbon","ETAT":1,"CODE_MODIF":0,"DATE_MODIF":null,"MODIFICATI":null,"RAPPORT_UR":null,"ID_NOM":"N0069","ID_TRONCON":"T1147","ID_COURSDE":"N0069T1147","ORIGINE1":"SCAN25","BCAE":"oui","ZNT":"oui"},"geometry":{"type":"LineString","coordinates":[[2.26255,49.02629],[2.26294,49.02629],[2.26448,49.02607],[2.26493,49.0259],[2.26539,49.02577],[2.26607,49.02562],[2.26756,49.02557],[2.26805,49.02566],[2.26867,49.02549],[2.26902,49.02522],[2.26941,49.02522],[2.26965,49.02508],[2.27079,49.02495],[2.27136,49.02464],[2.27181,49.02416],[2.2725,49.02329],[2.27291,49.02293],[2.27357,49.02264],[2.2739,49.02236],[2.27418,49.0223],[2.27466,49.02245],[2.27525,49.02244],[2.27644,49.02206],[2.2782,49.02131],[2.27896,49.02094],[2.28099,49.02034],[2.28104,49.02018],[2.28088,49.02001],[2.28101,49.01977],[2.28291,49.01887],[2.28386,49.01815],[2.28514,49.01731],[2.28684,49.01713],[2.28702,49.01698],[2.28813,49.01666],[2.28886,49.0163],[2.28927,49.01623]]}},
{"type":"Feature","properties":{"NOM":"Sans nom","ETAT":1,"CODE_MODIF":0,"DATE_MODIF":null,"MODIFICATI":null,"RAPPORT_UR":null,"ID_NOM":"N9999","ID_TRONCON":"T1148","ID_COURSDE":"N9999T1148","ORIGINE1":"SCAN25","BCAE":"oui","ZNT":"oui"},"geometry":{"type":"LineString","coordinates":[[2.29195,49.01384],[2.29212,49.01421],[2.2925,49.0147],[2.29271,49.01562],[2.2934,49.01641],[2.2948,49.01751],[2.29492,49.01782],[2.2951,49.01859],[2.29452,49.01868],[2.29428,49.01896],[2.29382,49.01906],[2.2936,49.01948],[2.29333,49.01978],[2.29241,49.02003]]}},
{"type":"Feature","properties":{"NOM":"Ru de Montlignon","ETAT":1,"CODE_MODIF":0,"DATE_MODIF":null,"MODIFICATI":null,"RAPPORT_UR":null,"ID_NOM":"N0091","ID_TRONCON":"T1149","ID_COURSDE":"N0091T1149","ORIGINE1":"SCAN25","BCAE":"oui","ZNT":"oui"},"geometry":{"type":"LineString","coordinates":[[2.28927,49.01624],[2.28916,49.01604],[2.28912,49.01575],[2.28894,49.01555],[2.28895,49.01488],[2.28862,49.0146],[2.28833,49.01447],[2.28804,49.01444],[2.28782,49.01426],[2.28786,49.01412],[2.28761,49.01398],[2.28734,49.01362],[2.287,49.0135],[2.28703,49.01325],[2.28712,49.01321],[2.28703,49.01263],[2.28725,49.01251],[2.28714,49.01238],[2.28693,49.01243],[2.28667,49.01189],[2.28659,49.01128],[2.28673,49.01105],[2.28689,49.01087],[2.28661,49.01068],[2.28709,49.01022],[2.28737,49.00954]]}},
{"type":"Feature","properties":{"NOM":"Ru de Montlignon","ETAT":3,"CODE_MODIF":0,"DATE_MODIF":null,"MODIFICATI":null,"RAPPORT_UR":null,"ID_NOM":"N0091","ID_TRONCON":"T1150","ID_COURSDE":"N0091T1150","ORIGINE1":"SCAN25","BCAE":"non","ZNT":"oui"},"geometry":{"type":"LineString","coordinates":[[2.28082,48.99488],[2.27922,48.99262],[2.27907,48.99161],[2.27878,48.99105],[2.27911,48.99077],[2.27915,48.99027],[2.27964,48.98893],[2.28027,48.98852],[2.28052,48.98803],[2.28172,48.98748],[2.2821,48.98671],[2.28268,48.98618],[2.28411,48.98561],[2.28555,48.98421],[2.28656,48.9827],[2.28726,48.98184],[2.28767,48.98119],[2.28889,48.98043],[2.29148,48.97987],[2.28994,48.97761],[2.28997,48.97739]]}},
{"type":"Feature","properties":{"NOM":"Ru de Montlignon-Cressonnières","ETAT":1,"CODE_MODIF":0,"DATE_MODIF":null,"MODIFICATI":null,"RAPPORT_UR":null,"ID_NOM":"N0092","ID_TRONCON":"T1151","ID_COURSDE":"N0092T1151","ORIGINE1":"SCAN25","BCAE":"oui","ZNT":"oui"},"geometry":{"type":"LineString","coordinates":[[2.28997,48.97738],[2.28925,48.97672],[2.28927,48.97656],[2.29152,48.97616],[2.29181,48.97616],[2.29202,48.97625],[2.29325,48.97632]]}},
{"type":"Feature","properties":{"NOM":"Ru d'Andilly","ETAT":3,"CODE_MODIF":0,"DATE_MODIF":null,"MODIFICATI":null,"RAPPORT_UR":null,"ID_NOM":"N0093","ID_TRONCON":"T1152","ID_COURSDE":"N0093T1152","ORIGINE1":"SCAN25","BCAE":"non","ZNT":"oui"},"geometry":{"type":"LineString","coordinates":[[2.30186,49.00425],[2.30126,49.00384],[2.30113,49.00384],[2.30097,49.00362],[2.30079,49.00348],[2.3007,49.00331],[2.30045,49.00325],[2.30031,49.00306]]}},
{"type":"Feature","properties":{"NOM":"Ru d'Andilly","ETAT":3,"CODE_MODIF":0,"DATE_MODIF":null,"MODIFICATI":null,"RAPPORT_UR":null,"ID_NOM":"N0093","ID_TRONCON":"T1153","ID_COURSDE":"N0093T1153","ORIGINE1":"SCAN25","BCAE":"non","ZNT":"oui"},"geometry":{"type":"LineString","coordinates":[[2.30029,49.00305],[2.30064,49.00149],[2.30067,49.00076],[2.30028,48.9998],[2.30014,48.99906],[2.30036,48.99802]]}},
{"type":"Feature","properties":{"NOM":"Ru d'Andilly","ETAT":3,"CODE_MODIF":0,"DATE_MODIF":null,"MODIFICATI":null,"RAPPORT_UR":null,"ID_NOM":"N0093","ID_TRONCON":"T1154","ID_COURSDE":"N0093T1154","ORIGINE1":"SCAN25","BCAE":"non","ZNT":"oui"},"geometry":{"type":"LineString","coordinates":[[2.29974,48.99673],[2.29727,48.99421],[2.29697,48.99403],[2.29752,48.99303],[2.29764,48.99122],[2.29654,48.99033],[2.29695,48.98766],[2.29839,48.98766],[2.29794,48.98549],[2.29863,48.98476],[2.29911,48.98415],[2.2978,48.98246]]}},
{"type":"Feature","properties":{"NOM":"Bassin Descartes","ETAT":1,"CODE_MODIF":0,"DATE_MODIF":null,"MODIFICATI":null,"RAPPORT_UR":null,"ID_NOM":"N0094","ID_TRONCON":"T1155","ID_COURSDE":"N0094T1155","ORIGINE1":"SCAN25","BCAE":"oui","ZNT":"oui"},"geometry":{"type":"LineString","coordinates":[[2.29765,48.98251],[2.29847,48.98221],[2.29775,48.98139],[2.29696,48.98171],[2.29764,48.98253]]}},
{"type":"Feature","properties":{"NOM":"Ru des Communes-Andilly-Soisy","ETAT":3,"CODE_MODIF":0,"DATE_MODIF":null,"MODIFICATI":null,"RAPPORT_UR":null,"ID_NOM":"N0095","ID_TRONCON":"T1156","ID_COURSDE":"N0095T1156","ORIGINE1":"SCAN25","BCAE":"non","ZNT":"oui"},"geometry":{"type":"LineString","coordinates":[[2.29741,48.98153],[2.29703,48.98057],[2.29867,48.98023],[2.29784,48.97802],[2.29718,48.97826],[2.29699,48.97803],[2.29684,48.97764],[2.2971,48.97735],[2.29711,48.97631],[2.29729,48.97584]]}},
{"type":"Feature","properties":{"NOM":"Ru de la Michelette","ETAT":2,"CODE_MODIF":0,"DATE_MODIF":null,"MODIFICATI":null,"RAPPORT_UR":null,"ID_NOM":"N0096","ID_TRONCON":"T1157","ID_COURSDE":"N0096T1157","ORIGINE1":"SCAN25","BCAE":"non","ZNT":"oui"},"geometry":{"type":"LineString","coordinates":[[2.57842,49.08401],[2.57865,49.08389],[2.58011,49.08353],[2.5804,49.08338],[2.58036,49.08331],[2.58194,49.0821],[2.58206,49.08192],[2.58245,49.08054],[2.58247,49.08039],[2.58239,49.07927],[2.58257,49.07865],[2.5826,49.07826],[2.5824,49.07747],[2.58218,49.07696],[2.58128,49.07596],[2.58105,49.07542],[2.58073,49.07497],[2.58073,49.07489],[2.57841,49.07432],[2.57764,49.07402]]}},
{"type":"Feature","properties":{"NOM":"Ru de la Michelette","ETAT":3,"CODE_MODIF":0,"DATE_MODIF":null,"MODIFICATI":null,"RAPPORT_UR":null,"ID_NOM":"N0096","ID_TRONCON":"T1158","ID_COURSDE":"N0096T1158","ORIGINE1":"SCAN25","BCAE":"non","ZNT":"oui"},"geometry":{"type":"LineString","coordinates":[[2.57764,49.07402],[2.57764,49.07388],[2.57458,49.07198],[2.57283,49.07052],[2.57103,49.07014],[2.57024,49.06987],[2.56822,49.06899],[2.56743,49.06888],[2.56703,49.06893],[2.56622,49.06872],[2.56597,49.06848],[2.56526,49.06837],[2.56434,49.06837],[2.56281,49.06786]]}},
{"type":"Feature","properties":{"NOM":"Ru de la Michelette","ETAT":2,"CODE_MODIF":0,"DATE_MODIF":null,"MODIFICATI":null,"RAPPORT_UR":null,"ID_NOM":"N0096","ID_TRONCON":"T1159","ID_COURSDE":"N0096T1159","ORIGINE1":"SCAN25","BCAE":"non","ZNT":"oui"},"geometry":{"type":"LineString","coordinates":[[2.56281,49.06786],[2.56154,49.0675],[2.5603,49.06736],[2.55893,49.06678],[2.55885,49.06668],[2.55878,49.06646],[2.55822,49.06529],[2.55819,49.06502],[2.55813,49.06484],[2.558,49.06467],[2.55774,49.06448],[2.55609,49.06371],[2.55583,49.06355],[2.55546,49.06316],[2.55522,49.0626],[2.55473,49.06188],[2.55417,49.06116],[2.55381,49.06087],[2.55341,49.06063],[2.55306,49.06048],[2.55242,49.06029],[2.55227,49.06019],[2.55135,49.05911],[2.55087,49.05821],[2.55075,49.05813],[2.54954,49.05776],[2.54926,49.05759],[2.54909,49.05743],[2.54894,49.05726],[2.54876,49.05693],[2.54845,49.05622],[2.5481,49.05576],[2.54731,49.05491],[2.54721,49.05469],[2.54728,49.05406],[2.54715,49.05317],[2.54691,49.05287],[2.54682,49.05263],[2.54686,49.05243],[2.54681,49.05219],[2.5462,49.05054],[2.54639,49.05019],[2.54628,49.04981]]}},
{"type":"Feature","properties":{"NOM":"Ru de la Michelette","ETAT":2,"CODE_MODIF":0,"DATE_MODIF":null,"MODIFICATI":null,"RAPPORT_UR":null,"ID_NOM":"N0096","ID_TRONCON":"T1161","ID_COURSDE":"N0096T1161","ORIGINE1":"SCAN25","BCAE":"non","ZNT":"oui"},"geometry":{"type":"LineString","coordinates":[[2.54627,49.0498],[2.54683,49.04922],[2.54792,49.04789]]}},
{"type":"Feature","properties":{"NOM":"Ru du Rhin","ETAT":2,"CODE_MODIF":0,"DATE_MODIF":null,"MODIFICATI":null,"RAPPORT_UR":null,"ID_NOM":"N0096","ID_TRONCON":"T1162","ID_COURSDE":"N0096T1162","ORIGINE1":"SCAN25","BCAE":"non","ZNT":"oui"},"geometry":{"type":"LineString","coordinates":[[2.52377,49.03912],[2.52346,49.0393],[2.52319,49.03933],[2.52298,49.03933],[2.52155,49.03865],[2.5213,49.03862],[2.51937,49.03855],[2.51756,49.03836],[2.51704,49.03824],[2.51263,49.03834],[2.51204,49.03833],[2.51072,49.03824],[2.51016,49.0383],[2.50963,49.03841],[2.5087,49.03854]]}},
{"type":"Feature","properties":{"NOM":"Ru du Rhin","ETAT":3,"CODE_MODIF":0,"DATE_MODIF":null,"MODIFICATI":null,"RAPPORT_UR":null,"ID_NOM":"N0096","ID_TRONCON":"T1163","ID_COURSDE":"N0096T1163","ORIGINE1":"SCAN25","BCAE":"non","ZNT":"oui"},"geometry":{"type":"LineString","coordinates":[[2.50838,49.03854],[2.50825,49.03853],[2.50778,49.03808],[2.50756,49.03795],[2.50634,49.03757],[2.50446,49.03754],[2.50422,49.03737],[2.50254,49.03748],[2.501,49.03749],[2.50042,49.03767],[2.49989,49.03761],[2.49974,49.03767],[2.49912,49.03813],[2.49793,49.03798]]}},
{"type":"Feature","properties":{"NOM":"Ru d'Andilly","ETAT":3,"CODE_MODIF":0,"DATE_MODIF":null,"MODIFICATI":null,"RAPPORT_UR":null,"ID_NOM":"N0093","ID_TRONCON":"T1164","ID_COURSDE":"N0093T1164","ORIGINE1":"SCAN25","BCAE":"non","ZNT":"oui"},"geometry":{"type":"LineString","coordinates":[[2.30036,48.99802],[2.3001,48.99742],[2.29974,48.99674]]}},
{"type":"Feature","properties":{"NOM":"Ru du Gue Malaye","ETAT":2,"CODE_MODIF":0,"DATE_MODIF":null,"MODIFICATI":null,"RAPPORT_UR":null,"ID_NOM":"N0097","ID_TRONCON":"T1165","ID_COURSDE":"N0097T1165","ORIGINE1":"SCAN25","BCAE":"non","ZNT":"oui"},"geometry":{"type":"MultiLineString","coordinates":[[[2.5696,49.07779],[2.5698,49.07765],[2.56998,49.07577],[2.57109,49.07388],[2.57124,49.07349],[2.57126,49.07314],[2.57164,49.07277],[2.57175,49.07248],[2.57177,49.07208],[2.57205,49.07123],[2.57283,49.07052]],[[2.56913,49.08252],[2.56954,49.08206],[2.56963,49.08169],[2.56965,49.08136],[2.56956,49.0801],[2.56949,49.0795],[2.56942,49.07924],[2.5696,49.07779]],[[2.5639,49.086],[2.56506,49.08544],[2.56597,49.08481],[2.56626,49.08465],[2.56697,49.08414],[2.56801,49.0836],[2.56913,49.08251]],[[2.5639,49.086],[2.56362,49.08611],[2.56223,49.08651],[2.56172,49.08669],[2.56134,49.08714]]]}},
{"type":"Feature","properties":{"NOM":"Le Ru Toussaint","ETAT":1,"CODE_MODIF":0,"DATE_MODIF":null,"MODIFICATI":null,"RAPPORT_UR":null,"ID_NOM":"N0098","ID_TRONCON":"T1166","ID_COURSDE":"N0098T1166","ORIGINE1":"SCAN25","BCAE":"oui","ZNT":"oui"},"geometry":{"type":"MultiLineString","coordinates":[[[1.7115,49.16133],[1.71095,49.16122],[1.71082,49.16101],[1.71021,49.16071],[1.70984,49.16062],[1.70947,49.16049],[1.70866,49.16004],[1.70827,49.15977],[1.70817,49.15954],[1.70813,49.15925],[1.70822,49.15899],[1.70818,49.15874],[1.70767,49.15778],[1.70728,49.15757],[1.70717,49.15735],[1.70717,49.15714],[1.70684,49.15675],[1.70666,49.15646],[1.70653,49.15586],[1.70614,49.15545],[1.70583,49.15532],[1.70543,49.15504],[1.70487,49.15415],[1.70476,49.15379],[1.70502,49.15372],[1.70503,49.15353],[1.70479,49.1534],[1.70448,49.15279],[1.70412,49.15173]],[[1.71089,49.16115],[1.71067,49.16127],[1.71054,49.16167],[1.71045,49.16179]]]}},
{"type":"Feature","properties":{"NOM":"L'Esches","ETAT":1,"CODE_MODIF":0,"DATE_MODIF":null,"MODIFICATI":null,"RAPPORT_UR":null,"ID_NOM":"N0099","ID_TRONCON":"T1167","ID_COURSDE":"N0099T1167","ORIGINE1":"SCAN25","BCAE":"oui","ZNT":"oui"},"geometry":{"type":"MultiLineString","coordinates":[[[2.25986,49.15596],[2.26012,49.15586],[2.26051,49.15559],[2.26062,49.15545],[2.26033,49.15535],[2.26002,49.15533],[2.25991,49.15535],[2.25984,49.15541],[2.2598,49.15556],[2.25979,49.15583],[2.25988,49.15606],[2.25985,49.15614],[2.2589,49.1573],[2.25819,49.15777],[2.25786,49.15789],[2.25729,49.15832],[2.25648,49.15859],[2.25627,49.1587],[2.25582,49.15904],[2.25502,49.15941],[2.25389,49.15985],[2.25262,49.16023],[2.25248,49.16031],[2.25231,49.1605],[2.2521,49.1606],[2.25187,49.16065],[2.25153,49.16097],[2.25096,49.16112],[2.2503,49.16153],[2.2495,49.1617],[2.24928,49.16179],[2.24874,49.16212],[2.24823,49.16258],[2.24787,49.16257],[2.24764,49.16289],[2.24707,49.16326],[2.24659,49.16345],[2.24641,49.16358],[2.24634,49.16379],[2.24636,49.16395],[2.24647,49.16411],[2.24649,49.16438],[2.24592,49.16487],[2.24489,49.16555],[2.24373,49.16582],[2.24342,49.16594],[2.24333,49.16606],[2.24299,49.16636],[2.24226,49.16687],[2.24121,49.16771],[2.24047,49.16802],[2.24017,49.16822],[2.23978,49.16839],[2.23947,49.16844],[2.23886,49.16837],[2.23869,49.1684],[2.23787,49.16862],[2.23679,49.16877],[2.23664,49.16888],[2.23659,49.16944],[2.23672,49.17014],[2.23668,49.17026],[2.23637,49.17078],[2.23619,49.17093],[2.23597,49.17106],[2.23544,49.1716],[2.23526,49.17171],[2.23478,49.17181],[2.23452,49.17189],[2.23435,49.172],[2.23393,49.17252],[2.23368,49.17317],[2.23348,49.17413],[2.23322,49.17446],[2.23292,49.17465],[2.23279,49.17468],[2.23212,49.17535],[2.2318,49.1759],[2.23146,49.17623],[2.23109,49.17699],[2.23083,49.17714],[2.23049,49.17787],[2.23069,49.17916],[2.23062,49.18033],[2.23041,49.18056],[2.22959,49.18096],[2.22924,49.18123],[2.22883,49.18163],[2.22822,49.18186],[2.22815,49.18199],[2.22801,49.18213],[2.22732,49.18217],[2.22664,49.18249],[2.22575,49.18272],[2.2254,49.18294],[2.22492,49.18344],[2.22424,49.18433],[2.22389,49.1846],[2.22369,49.18483],[2.22368,49.18532],[2.22355,49.18537],[2.22307,49.18541],[2.22115,49.185]],[[2.23069,49.17916],[2.2322,49.17827],[2.2324,49.17809],[2.23297,49.17791],[2.23324,49.17755],[2.23365,49.17723],[2.23448,49.17697],[2.23578,49.17562],[2.23585,49.17517],[2.23647,49.17445],[2.23661,49.17405],[2.23688,49.17355],[2.23812,49.17234],[2.24004,49.17103],[2.24107,49.17009],[2.24164,49.16971],[2.24276,49.16883],[2.24387,49.16733],[2.24469,49.16568]],[[2.28602,49.14589],[2.28564,49.14616],[2.28499,49.14655],[2.2843,49.14712],[2.2841,49.14716],[2.28154,49.14907],[2.28017,49.15025],[2.28002,49.15032],[2.27966,49.15065],[2.27859,49.15144],[2.27843,49.15151],[2.27603,49.15206],[2.27223,49.15328],[2.2715,49.15327],[2.27145,49.1533],[2.27118,49.15336],[2.27074,49.15343],[2.27022,49.1536],[2.26965,49.15363],[2.2692,49.15376],[2.26904,49.15375],[2.26867,49.15363],[2.26805,49.15351],[2.26677,49.15367],[2.26411,49.15262],[2.26345,49.15326],[2.26328,49.15355],[2.26302,49.1539],[2.26286,49.15399],[2.26248,49.15408],[2.26091,49.15525],[2.26072,49.15543],[2.26062,49.15545]],[[2.26411,49.15262],[2.26722,49.14822],[2.26758,49.14778],[2.26825,49.14683],[2.26911,49.14605],[2.26944,49.14554],[2.26964,49.1455],[2.26978,49.14553],[2.27071,49.14578],[2.27202,49.1437],[2.27215,49.14361],[2.27246,49.14347],[2.2731,49.14307],[2.2732,49.14263],[2.27333,49.14257],[2.27359,49.14252],[2.27415,49.14165]]]}},
{"type":"Feature","properties":{"NOM":"Le Croult","ETAT":1,"CODE_MODIF":0,"DATE_MODIF":null,"MODIFICATI":null,"RAPPORT_UR":null,"ID_NOM":"N0021","ID_TRONCON":"T1168","ID_COURSDE":"N0021T1168","ORIGINE1":"SCAN25","BCAE":"oui","ZNT":"oui"},"geometry":{"type":"LineString","coordinates":[[2.4701,49.01465],[2.47042,49.01485],[2.47098,49.01537],[2.47177,49.01593],[2.47208,49.01581],[2.47271,49.0155],[2.47321,49.01534],[2.47339,49.01532],[2.47391,49.01539],[2.47418,49.01554],[2.47429,49.01564],[2.47443,49.01596],[2.4747,49.01692],[2.47477,49.01764],[2.47467,49.01796],[2.47512,49.01847],[2.4753,49.0188],[2.47524,49.0191],[2.47527,49.01921],[2.47519,49.01958],[2.4752,49.0198],[2.47618,49.02174],[2.47626,49.02206],[2.47759,49.02361],[2.47946,49.02607],[2.48029,49.0264],[2.48053,49.02644],[2.48303,49.02626],[2.48344,49.02626],[2.48352,49.02621],[2.48358,49.0261]]}},
{"type":"Feature","properties":{"NOM":"Le Ru de Roconval","ETAT":1,"CODE_MODIF":0,"DATE_MODIF":null,"MODIFICATI":null,"RAPPORT_UR":null,"ID_NOM":"N0051","ID_TRONCON":"T1169","ID_COURSDE":"N0051T1169","ORIGINE1":"SCAN25","BCAE":"oui","ZNT":"oui"},"geometry":{"type":"LineString","coordinates":[[1.61753,49.09402],[1.61733,49.09404]]}},
{"type":"Feature","properties":{"NOM":"Ruisseau du Fond des Aulnes","ETAT":1,"CODE_MODIF":1,"DATE_MODIF":"2010-01-19","MODIFICATI":"ETAT 2 EN 1","RAPPORT_UR":null,"ID_NOM":"N0084","ID_TRONCON":"T1170","ID_COURSDE":"N0084T1170","ORIGINE1":"TERRAIN","BCAE":"oui","ZNT":"oui"},"geometry":{"type":"LineString","coordinates":[[2.34489,49.00576],[2.34394,49.00591],[2.34216,49.00613],[2.34137,49.00636],[2.34058,49.00657],[2.34036,49.0066],[2.33971,49.0068],[2.33912,49.00693],[2.3387,49.00695],[2.33848,49.00699],[2.33824,49.00711],[2.33777,49.00726],[2.33739,49.00731],[2.33609,49.00765],[2.33508,49.00787],[2.33456,49.00803],[2.33385,49.00834],[2.3324,49.00828],[2.33175,49.00846],[2.33088,49.00877],[2.33057,49.00879],[2.32979,49.00892],[2.32917,49.00909],[2.32869,49.00902],[2.32847,49.00914],[2.32816,49.00924],[2.32771,49.00949],[2.32713,49.00969],[2.32474,49.00975],[2.32427,49.00963],[2.32308,49.0095],[2.32199,49.00967],[2.3218,49.00972],[2.32057,49.01023],[2.32037,49.01037],[2.32026,49.01061],[2.3198,49.01097],[2.31871,49.01099],[2.31241,49.01085]]}},
{"type":"Feature","properties":{"NOM":"Sans nom","ETAT":2,"CODE_MODIF":3,"DATE_MODIF":"2010-04-08","MODIFICATI":"TRACÉ","RAPPORT_UR":null,"ID_NOM":"N9999","ID_TRONCON":"T1171","ID_COURSDE":"N9999T1171","ORIGINE1":"TERRAIN","BCAE":"non","ZNT":"oui"},"geometry":{"type":"LineString","coordinates":[[2.32325,49.04371],[2.32368,49.04398],[2.3242,49.0442],[2.32773,49.04532],[2.33021,49.04641],[2.33144,49.04722],[2.33232,49.04786],[2.3341,49.04928]]}},
{"type":"Feature","properties":{"NOM":"Sans nom","ETAT":3,"CODE_MODIF":3,"DATE_MODIF":"2010-04-08","MODIFICATI":"TRACÉ","RAPPORT_UR":null,"ID_NOM":"N9999","ID_TRONCON":"T1172","ID_COURSDE":"N9999T1172","ORIGINE1":"TERRAIN","BCAE":"non","ZNT":"oui"},"geometry":{"type":"LineString","coordinates":[[2.32078,49.04185],[2.32185,49.04285]]}},
{"type":"Feature","properties":{"NOM":"Sans nom","ETAT":2,"CODE_MODIF":3,"DATE_MODIF":"2010-04-08","MODIFICATI":"TRACÉ","RAPPORT_UR":null,"ID_NOM":"N9999","ID_TRONCON":"T1173","ID_COURSDE":"N9999T1173","ORIGINE1":"TERRAIN","BCAE":"non","ZNT":"oui"},"geometry":{"type":"MultiLineString","coordinates":[[[2.31108,49.03388],[2.31197,49.03429],[2.31297,49.03486],[2.31361,49.03541],[2.31373,49.03556],[2.31406,49.03582],[2.31442,49.03634],[2.31472,49.03667],[2.31481,49.03687],[2.31499,49.03706],[2.31527,49.0372],[2.3158,49.03756],[2.31628,49.03796],[2.31759,49.03883],[2.3178,49.03903],[2.31816,49.03957],[2.31828,49.03966],[2.31857,49.03981],[2.31912,49.03999],[2.31936,49.04016],[2.31955,49.04038],[2.31966,49.04067],[2.31976,49.04066],[2.32035,49.04144],[2.32078,49.04185],[2.32103,49.04181],[2.32126,49.04203],[2.3215,49.04208],[2.32299,49.04332]],[[2.322,49.04299],[2.32254,49.0434],[2.32325,49.04371]],[[2.32299,49.04332],[2.32254,49.0434]],[[2.32185,49.04285],[2.322,49.04299]]]}},
{"type":"Feature","properties":{"NOM":"Le Ru du Montubois","ETAT":3,"CODE_MODIF":4,"DATE_MODIF":"2010-05-04","MODIFICATI":"ETAT 1 EN 3","RAPPORT_UR":null,"ID_NOM":"N0100","ID_TRONCON":"T1174","ID_COURSDE":"N0100T1174","ORIGINE1":"TERRAIN","BCAE":"non","ZNT":"oui"},"geometry":{"type":"LineString","coordinates":[[2.208,49.05872],[2.21045,49.05796]]}},
{"type":"Feature","properties":{"NOM":"Le Ru du Montubois","ETAT":1,"CODE_MODIF":0,"DATE_MODIF":null,"MODIFICATI":null,"RAPPORT_UR":null,"ID_NOM":"N0100","ID_TRONCON":"T1175","ID_COURSDE":"N0100T1175","ORIGINE1":"SCAN25","BCAE":"oui","ZNT":"oui"},"geometry":{"type":"LineString","coordinates":[[2.21045,49.05796],[2.21063,49.05792],[2.21121,49.05751],[2.21148,49.05737],[2.21177,49.0573],[2.2127,49.05725],[2.21287,49.05721],[2.21334,49.05701],[2.2139,49.0567],[2.21418,49.05654],[2.21441,49.05636],[2.21444,49.05626],[2.21469,49.05594],[2.21518,49.05555],[2.21565,49.0551],[2.21631,49.05428],[2.21642,49.05421],[2.21703,49.05405],[2.21802,49.05371],[2.21834,49.05372],[2.21853,49.05378],[2.21874,49.05377],[2.21945,49.05384],[2.2209,49.05388],[2.22154,49.05393],[2.22171,49.05384],[2.2234,49.05351],[2.22351,49.05351],[2.22363,49.05344],[2.224,49.05339],[2.22506,49.05304],[2.22608,49.05279],[2.22646,49.05274],[2.22697,49.05284],[2.22784,49.05281],[2.22889,49.05258],[2.22954,49.05252],[2.23033,49.05226],[2.23086,49.05196],[2.23117,49.05187],[2.23323,49.05092],[2.23404,49.05038],[2.23411,49.05014],[2.23435,49.04964],[2.23452,49.04942],[2.23474,49.04923],[2.23626,49.04855],[2.23671,49.04841],[2.23735,49.0479],[2.23768,49.04758],[2.23855,49.04649],[2.23892,49.04617],[2.23945,49.04544],[2.24042,49.04477]]}},
{"type":"Feature","properties":{"NOM":"Le Ru du Montubois","ETAT":2,"CODE_MODIF":2,"DATE_MODIF":"2010-05-04","MODIFICATI":"ETAT 1 EN 2","RAPPORT_UR":null,"ID_NOM":"N0100","ID_TRONCON":"T1176","ID_COURSDE":"N0100T1176","ORIGINE1":"TERRAIN","BCAE":"non","ZNT":"oui"},"geometry":{"type":"LineString","coordinates":[[2.19536,49.06729],[2.19578,49.06736],[2.19591,49.0673],[2.19641,49.06718],[2.19654,49.06712],[2.19662,49.06702],[2.1965,49.06623],[2.19651,49.06593],[2.19656,49.06579],[2.19667,49.06567],[2.19698,49.06546],[2.19715,49.06526],[2.19744,49.06502],[2.19881,49.06416],[2.19952,49.06392],[2.19973,49.06386],[2.19995,49.06385],[2.20035,49.06387],[2.20056,49.06393],[2.2008,49.06393],[2.2014,49.06387],[2.20157,49.06381],[2.20169,49.06347],[2.2019,49.06305],[2.20225,49.06269],[2.20262,49.06246],[2.20271,49.06237],[2.20304,49.06196],[2.20343,49.06128],[2.20371,49.061],[2.20378,49.06095],[2.20416,49.06082],[2.20433,49.06081],[2.20575,49.06087],[2.20583,49.06081],[2.20623,49.06066],[2.20633,49.06061],[2.20639,49.06045],[2.20616,49.06001],[2.20617,49.05989],[2.20639,49.05929],[2.20646,49.05922],[2.20658,49.05919],[2.20703,49.05923],[2.20713,49.05919],[2.208,49.05872]]}},
{"type":"Feature","properties":{"NOM":"Le Ru du Montubois","ETAT":1,"CODE_MODIF":0,"DATE_MODIF":null,"MODIFICATI":null,"RAPPORT_UR":null,"ID_NOM":"N0100","ID_TRONCON":"T1177","ID_COURSDE":"N0100T1177","ORIGINE1":"SCAN25","BCAE":"oui","ZNT":"oui"},"geometry":{"type":"LineString","coordinates":[[2.18887,49.07217],[2.18941,49.07191],[2.18953,49.07182],[2.18969,49.07159],[2.19005,49.07139],[2.19087,49.07079],[2.19136,49.07033],[2.19206,49.06981],[2.19325,49.06903]]}},
{"type":"Feature","properties":{"NOM":"Le Ru du Montubois","ETAT":3,"CODE_MODIF":4,"DATE_MODIF":"2010-05-04","MODIFICATI":"ETAT 1 EN 3","RAPPORT_UR":null,"ID_NOM":"N0100","ID_TRONCON":"T1178","ID_COURSDE":"N0100T1178","ORIGINE1":"TERRAIN","BCAE":"non","ZNT":"oui"},"geometry":{"type":"LineString","coordinates":[[2.19325,49.06903],[2.19351,49.06898],[2.19466,49.06821],[2.19469,49.06803],[2.19501,49.06775],[2.19513,49.06734],[2.19536,49.06729]]}},
{"type":"Feature","properties":{"NOM":"Sans nom","ETAT":2,"CODE_MODIF":3,"DATE_MODIF":"2010-05-05","MODIFICATI":"TRACÉ","RAPPORT_UR":null,"ID_NOM":"N9999","ID_TRONCON":"T1179","ID_COURSDE":"N9999T1179","ORIGINE1":"TERRAIN","BCAE":"non","ZNT":"oui"},"geometry":{"type":"LineString","coordinates":[[1.87377,49.0852],[1.8738,49.08493],[1.87349,49.08465],[1.87334,49.08445],[1.87312,49.08436],[1.87274,49.08428],[1.87231,49.08424],[1.8718,49.08404],[1.87105,49.08379],[1.87094,49.08331],[1.87059,49.08235],[1.87061,49.08221],[1.87101,49.08177]]}},
{"type":"Feature","properties":{"NOM":"Sans nom","ETAT":0,"CODE_MODIF":3,"DATE_MODIF":"2010-05-05","MODIFICATI":"TRACÉ","RAPPORT_UR":null,"ID_NOM":"N9999","ID_TRONCON":"T1180","ID_COURSDE":"N9999T1180","ORIGINE1":"TERRAIN","BCAE":"non","ZNT":"non"},"geometry":{"type":"LineString","coordinates":[[1.87101,49.08177],[1.87082,49.08157],[1.87232,49.07998],[1.8707,49.07876],[1.87059,49.07853],[1.86968,49.07789],[1.86869,49.07747],[1.86837,49.07703],[1.86803,49.07637],[1.86784,49.07594],[1.86849,49.07178],[1.86832,49.07174]]}},
{"type":"Feature","properties":{"NOM":"Sans nom","ETAT":2,"CODE_MODIF":3,"DATE_MODIF":"2010-05-05","MODIFICATI":"TRACÉ","RAPPORT_UR":"\\\\Sbl95-03\\gb_cons\\EAU\\N_MASSE_EAU\\L_COURS_DEAU_L_095\\N9999T1181.doc","ID_NOM":"N9999","ID_TRONCON":"T1181","ID_COURSDE":"N9999T1181","ORIGINE1":"TERRAIN","BCAE":"non","ZNT":"oui"},"geometry":{"type":"LineString","coordinates":[[1.86832,49.07174],[1.86735,49.07146],[1.86651,49.07108],[1.86634,49.07107],[1.86636,49.0709],[1.86568,49.07062],[1.86519,49.07056]]}},
{"type":"Feature","properties":{"NOM":"Ru de la Sucrerie","ETAT":0,"CODE_MODIF":6,"DATE_MODIF":"2010-05-21","MODIFICATI":"FOSSÉ","RAPPORT_UR":"\\\\Sbl95-03\\gb_cons\\EAU\\N_MASSE_EAU\\L_COURS_DEAU_L_095\\Multi_0003.doc","ID_NOM":"N0101","ID_TRONCON":"T1182","ID_COURSDE":"N0101T1182","ORIGINE1":"TERRAIN","BCAE":"non","ZNT":"non"},"geometry":{"type":"LineString","coordinates":[[2.52753,49.06256],[2.52681,49.05963]]}},
{"type":"Feature","properties":{"NOM":"Ru de la Sucrerie","ETAT":0,"CODE_MODIF":5,"DATE_MODIF":"2010-05-21","MODIFICATI":"SUPPRESSION","RAPPORT_UR":null,"ID_NOM":"N0101","ID_TRONCON":"T1183","ID_COURSDE":"N0101T1183","ORIGINE1":"TERRAIN","BCAE":"non","ZNT":"non"},"geometry":{"type":"LineString","coordinates":[[2.52681,49.05963],[2.52685,49.05905],[2.52705,49.05831],[2.52809,49.05695],[2.52879,49.05611]]}},
{"type":"Feature","properties":{"NOM":"Ru de la Sucrerie","ETAT":0,"CODE_MODIF":6,"DATE_MODIF":"2010-05-21","MODIFICATI":"FOSSÉ","RAPPORT_UR":"\\\\Sbl95-03\\gb_cons\\EAU\\N_MASSE_EAU\\L_COURS_DEAU_L_095\\Multi_0003.doc","ID_NOM":"N0101","ID_TRONCON":"T1184","ID_COURSDE":"N0101T1184","ORIGINE1":"TERRAIN","BCAE":"non","ZNT":"non"},"geometry":{"type":"LineString","coordinates":[[2.52879,49.05611],[2.52786,49.05522],[2.52659,49.0541],[2.52893,49.05096],[2.52893,49.05086],[2.52832,49.0493],[2.52822,49.04887],[2.52794,49.04726],[2.52801,49.04702],[2.52799,49.04589],[2.52794,49.04572],[2.52703,49.0443],[2.52691,49.044],[2.52683,49.04288],[2.527,49.04281],[2.52773,49.04271],[2.52778,49.04126],[2.52649,49.04053],[2.5257,49.04019],[2.52425,49.03945],[2.52365,49.0392]]}},
{"type":"Feature","properties":{"NOM":"Ruisseau de Bourbeton","ETAT":2,"CODE_MODIF":0,"DATE_MODIF":null,"MODIFICATI":null,"RAPPORT_UR":null,"ID_NOM":"N0102","ID_TRONCON":"T1185","ID_COURSDE":"N0102T1185","ORIGINE1":"SCAN25","BCAE":"non","ZNT":"oui"},"geometry":{"type":"MultiLineString","coordinates":[[[2.27908,49.05566],[2.27528,49.05385],[2.27415,49.05294],[2.27261,49.05202],[2.27181,49.05147],[2.27144,49.05106],[2.27073,49.05045],[2.27019,49.05021],[2.26959,49.04982],[2.26943,49.04977],[2.26883,49.04969],[2.26758,49.04962],[2.26663,49.04949],[2.26616,49.04961],[2.2658,49.04975],[2.2654,49.04983],[2.26519,49.0498],[2.26466,49.05005],[2.26426,49.05009],[2.26339,49.05023],[2.26293,49.05033],[2.26217,49.05037]],[[2.26663,49.04949],[2.26638,49.04944],[2.26557,49.04918],[2.2648,49.04886]]]}},
{"type":"Feature","properties":{"NOM":"Ruisseau de l'Étang de Chauvry","ETAT":2,"CODE_MODIF":0,"DATE_MODIF":null,"MODIFICATI":null,"RAPPORT_UR":null,"ID_NOM":"N0079","ID_TRONCON":"T1186","ID_COURSDE":"N0079T1186","ORIGINE1":"SCAN25","BCAE":"non","ZNT":"oui"},"geometry":{"type":"LineString","coordinates":[[2.28239,49.06497],[2.28219,49.06486],[2.28023,49.0629],[2.27968,49.06225],[2.27949,49.06192],[2.27945,49.06166],[2.27889,49.06036],[2.27881,49.05968],[2.27886,49.05934],[2.27906,49.05878],[2.27916,49.05793],[2.27908,49.05566],[2.27902,49.05519],[2.27908,49.0551],[2.27908,49.05494],[2.27889,49.05435],[2.27897,49.05305],[2.27902,49.05291],[2.27914,49.05275],[2.27984,49.05113],[2.27993,49.051],[2.28024,49.0507],[2.28034,49.05052],[2.28068,49.04942],[2.28071,49.04907],[2.28059,49.04811]]}},
{"type":"Feature","properties":{"NOM":"Le Ru d'Arthieul","ETAT":3,"CODE_MODIF":3,"DATE_MODIF":"2010-06-23","MODIFICATI":"TRACÉ","RAPPORT_UR":null,"ID_NOM":"N0029","ID_TRONCON":"T1187","ID_COURSDE":"N0029T1187","ORIGINE1":"TERRAIN","BCAE":"non","ZNT":"oui"},"geometry":{"type":"LineString","coordinates":[[1.8084,49.15253],[1.80797,49.15259],[1.80672,49.15298],[1.80576,49.1532],[1.80564,49.15327]]}},
{"type":"Feature","properties":{"NOM":"Le Ru de La Vallée aux Moines","ETAT":0,"CODE_MODIF":5,"DATE_MODIF":"2010-07-21","MODIFICATI":"SUPPRESSION","RAPPORT_UR":"\\\\Sbl95-03\\gb_cons\\EAU\\N_MASSE_EAU\\L_COURS_DEAU_L_095\\Multi_0007.doc","ID_NOM":"N0047","ID_TRONCON":"T1188","ID_COURSDE":"N0047T1188","ORIGINE1":"TERRAIN","BCAE":"non","ZNT":"non"},"geometry":{"type":"LineString","coordinates":[[1.95029,49.11923],[1.95054,49.11904],[1.95099,49.1183],[1.95094,49.11824],[1.94947,49.11745],[1.9481,49.11643],[1.94761,49.11582]]}},
{"type":"Feature","properties":{"NOM":"Le Ru de La Vallée aux Moines","ETAT":0,"CODE_MODIF":5,"DATE_MODIF":"2010-07-21","MODIFICATI":"SUPPRESSION","RAPPORT_UR":"\\\\Sbl95-03\\gb_cons\\EAU\\N_MASSE_EAU\\L_COURS_DEAU_L_095\\N0047T1189.doc","ID_NOM":"N0047","ID_TRONCON":"T1189","ID_COURSDE":"N0047T1189","ORIGINE1":"TERRAIN","BCAE":"non","ZNT":"non"},"geometry":{"type":"LineString","coordinates":[[1.94752,49.11735],[1.94796,49.11756]]}},
{"type":"Feature","properties":{"NOM":"Le Ru de La Vallée aux Moines","ETAT":1,"CODE_MODIF":0,"DATE_MODIF":"2010-09-21","MODIFICATI":null,"RAPPORT_UR":null,"ID_NOM":"N0047","ID_TRONCON":"T1190","ID_COURSDE":"N0047T1190","ORIGINE1":"SCAN25","BCAE":"oui","ZNT":"oui"},"geometry":{"type":"MultiLineString","coordinates":[[[1.94796,49.11756],[1.94933,49.11847],[1.95017,49.11887],[1.95029,49.11907],[1.95029,49.11923],[1.9495,49.11886],[1.94904,49.11859],[1.94828,49.11802],[1.94777,49.1177],[1.94753,49.11737],[1.94649,49.11629],[1.94761,49.11582],[1.94668,49.11495],[1.94609,49.11447],[1.94494,49.11387],[1.94453,49.11373],[1.94411,49.11352],[1.94346,49.11306],[1.9433,49.11302],[1.94288,49.11334],[1.94233,49.11347],[1.94183,49.11354],[1.94118,49.11328],[1.94094,49.11315],[1.94044,49.11324],[1.93995,49.1131]],[[1.93281,49.1082],[1.9333,49.10834],[1.93356,49.10839],[1.93413,49.10842],[1.93463,49.10855],[1.93482,49.1088],[1.93498,49.10893],[1.93523,49.10904],[1.93589,49.10955],[1.93625,49.10968],[1.93659,49.10985],[1.93689,49.10991],[1.93731,49.11011],[1.93757,49.11033],[1.93779,49.11047],[1.93804,49.11057],[1.93868,49.11136],[1.93898,49.11184],[1.93869,49.11175],[1.93842,49.1117]],[[1.94094,49.11315],[1.94095,49.11309],[1.94079,49.11301],[1.94056,49.11282],[1.94041,49.11275],[1.9398,49.11235],[1.93981,49.11226],[1.93968,49.11224],[1.93898,49.11183]],[[1.95095,49.11997],[1.95128,49.11961],[1.95029,49.11923]]]}},
{"type":"Feature","properties":{"NOM":"Ruisseau du Lavoir","ETAT":2,"CODE_MODIF":0,"DATE_MODIF":null,"MODIFICATI":null,"RAPPORT_UR":null,"ID_NOM":"N0103","ID_TRONCON":"T1191","ID_COURSDE":"N0103T1191","ORIGINE1":"SCAN25","BCAE":"non","ZNT":"oui"},"geometry":{"type":"LineString","coordinates":[[2.24982,49.05123],[2.2498,49.05171],[2.24968,49.05191],[2.24966,49.05221],[2.24933,49.05249],[2.24919,49.05282],[2.24919,49.0529],[2.249,49.05308],[2.24877,49.05386],[2.24845,49.05383],[2.24852,49.05445],[2.24864,49.05489],[2.24877,49.05519],[2.24898,49.05536],[2.24888,49.05606],[2.2487,49.05615],[2.24831,49.05668],[2.24809,49.05709],[2.24793,49.05725],[2.24794,49.05744],[2.24773,49.05762],[2.24765,49.05782]]}},
{"type":"Feature","properties":{"NOM":"Ruisseau du Lavoir","ETAT":3,"CODE_MODIF":7,"DATE_MODIF":"2010-08-25","MODIFICATI":"ETAT 2 EN 3","RAPPORT_UR":"\\\\Sbl95-03\\gb_cons\\EAU\\N_MASSE_EAU\\L_COURS_DEAU_L_095\\N0103T1192.doc","ID_NOM":"N0103","ID_TRONCON":"T1192","ID_COURSDE":"N0103T1192","ORIGINE1":"TERRAIN","BCAE":"non","ZNT":"oui"},"geometry":{"type":"LineString","coordinates":[[2.24765,49.05782],[2.24739,49.05806]]}},
{"type":"Feature","properties":{"NOM":"Ruisseau du Lavoir","ETAT":2,"CODE_MODIF":0,"DATE_MODIF":null,"MODIFICATI":null,"RAPPORT_UR":null,"ID_NOM":"N0103","ID_TRONCON":"T1193","ID_COURSDE":"N0103T1193","ORIGINE1":"SCAN25","BCAE":"non","ZNT":"oui"},"geometry":{"type":"LineString","coordinates":[[2.24739,49.05806],[2.24717,49.05827]]}},
{"type":"Feature","properties":{"NOM":"Sans nom","ETAT":0,"CODE_MODIF":6,"DATE_MODIF":"2010-09-03","MODIFICATI":"FOSSÉ","RAPPORT_UR":null,"ID_NOM":"N9999","ID_TRONCON":"T1194","ID_COURSDE":"N9999T1194","ORIGINE1":"TERRAIN","BCAE":"non","ZNT":"non"},"geometry":{"type":"LineString","coordinates":[[2.31871,49.07911],[2.31966,49.07971],[2.32093,49.08033],[2.32152,49.08071],[2.32258,49.08157],[2.32288,49.08171],[2.32372,49.08194]]}},
{"type":"Feature","properties":{"NOM":"Sans nom","ETAT":2,"CODE_MODIF":0,"DATE_MODIF":null,"MODIFICATI":null,"RAPPORT_UR":null,"ID_NOM":"N9999","ID_TRONCON":"T1195","ID_COURSDE":"N9999T1195","ORIGINE1":"SCAN25","BCAE":"non","ZNT":"oui"},"geometry":{"type":"LineString","coordinates":[[2.32372,49.08194],[2.32398,49.08217],[2.32391,49.08246],[2.32391,49.0829],[2.32409,49.08333],[2.32476,49.0843],[2.32502,49.08511],[2.32504,49.08555],[2.32514,49.08599],[2.32552,49.08639],[2.32556,49.08675],[2.32576,49.08721],[2.32607,49.08744],[2.32617,49.08764],[2.32639,49.08779],[2.32653,49.088],[2.32688,49.08824],[2.32702,49.08867],[2.32701,49.08899],[2.32721,49.08926],[2.32727,49.08943],[2.32708,49.08956],[2.32707,49.08973]]}},
{"type":"Feature","properties":{"NOM":"Le Ru de la Queue l'Etang","ETAT":1,"CODE_MODIF":3,"DATE_MODIF":"2010-09-03","MODIFICATI":"TRACÉ","RAPPORT_UR":"\\\\Sbl95-03\\gb_cons\\EAU\\N_MASSE_EAU\\L_COURS_DEAU_L_095\\Multi_0001.doc","ID_NOM":"N0104","ID_TRONCON":"T1196","ID_COURSDE":"N0104T1196","ORIGINE1":"TERRAIN","BCAE":"oui","ZNT":"oui"},"geometry":{"type":"LineString","coordinates":[[1.82217,49.16517],[1.82235,49.16481]]}},
{"type":"Feature","properties":{"NOM":"Sans nom","ETAT":1,"CODE_MODIF":3,"DATE_MODIF":"2010-09-03","MODIFICATI":"TRACÉ","RAPPORT_UR":"\\\\Sbl95-03\\gb_cons\\EAU\\N_MASSE_EAU\\L_COURS_DEAU_L_095\\Multi_0001.doc","ID_NOM":"N9999","ID_TRONCON":"T1197","ID_COURSDE":"N9999T1197","ORIGINE1":"TERRAIN","BCAE":"oui","ZNT":"oui"},"geometry":{"type":"LineString","coordinates":[[1.82054,49.1632],[1.82051,49.16303]]}},
{"type":"Feature","properties":{"NOM":"Sans nom","ETAT":1,"CODE_MODIF":3,"DATE_MODIF":"2010-09-03","MODIFICATI":"TRACÉ","RAPPORT_UR":"\\\\Sbl95-03\\gb_cons\\EAU\\N_MASSE_EAU\\L_COURS_DEAU_L_095\\Multi_0001.doc","ID_NOM":"N9999","ID_TRONCON":"T1198","ID_COURSDE":"N9999T1198","ORIGINE1":"TERRAIN","BCAE":"oui","ZNT":"oui"},"geometry":{"type":"LineString","coordinates":[[1.82038,49.16252],[1.82045,49.16225],[1.82049,49.16224],[1.82123,49.16263]]}},
{"type":"Feature","properties":{"NOM":"Sans nom","ETAT":2,"CODE_MODIF":3,"DATE_MODIF":"2010-09-03","MODIFICATI":"TRACÉ","RAPPORT_UR":"\\\\Sbl95-03\\gb_cons\\EAU\\N_MASSE_EAU\\L_COURS_DEAU_L_095\\Multi_0001.doc","ID_NOM":"N9999","ID_TRONCON":"T1199","ID_COURSDE":"N9999T1199","ORIGINE1":"TERRAIN","BCAE":"non","ZNT":"oui"},"geometry":{"type":"LineString","coordinates":[[1.82122,49.16263],[1.82188,49.16294]]}},
{"type":"Feature","properties":{"NOM":"Sans nom","ETAT":1,"CODE_MODIF":3,"DATE_MODIF":"2010-09-03","MODIFICATI":"TRACÉ","RAPPORT_UR":"\\\\Sbl95-03\\gb_cons\\EAU\\N_MASSE_EAU\\L_COURS_DEAU_L_095\\Multi_0001.doc","ID_NOM":"N9999","ID_TRONCON":"T1200","ID_COURSDE":"N9999T1200","ORIGINE1":"TERRAIN","BCAE":"oui","ZNT":"oui"},"geometry":{"type":"LineString","coordinates":[[1.82659,49.16255],[1.82683,49.16229]]}},
{"type":"Feature","properties":{"NOM":"Sans nom","ETAT":1,"CODE_MODIF":3,"DATE_MODIF":"2010-09-03","MODIFICATI":"TRACÉ","RAPPORT_UR":"\\\\Sbl95-03\\gb_cons\\EAU\\N_MASSE_EAU\\L_COURS_DEAU_L_095\\Multi_0001.doc","ID_NOM":"N9999","ID_TRONCON":"T1201","ID_COURSDE":"N9999T1201","ORIGINE1":"TERRAIN","BCAE":"oui","ZNT":"oui"},"geometry":{"type":"LineString","coordinates":[[1.82982,49.16255],[1.82867,49.16289],[1.82866,49.16341],[1.8296,49.16349]]}},
{"type":"Feature","properties":{"NOM":"Sans nom","ETAT":1,"CODE_MODIF":3,"DATE_MODIF":"2010-09-03","MODIFICATI":"TRACÉ","RAPPORT_UR":"\\\\Sbl95-03\\gb_cons\\EAU\\N_MASSE_EAU\\L_COURS_DEAU_L_095\\Multi_0001.doc","ID_NOM":"N9999","ID_TRONCON":"T1202","ID_COURSDE":"N9999T1202","ORIGINE1":"TERRAIN","BCAE":"oui","ZNT":"oui"},"geometry":{"type":"LineString","coordinates":[[1.83114,49.1626],[1.83118,49.16344]]}},
{"type":"Feature","properties":{"NOM":"Sans nom","ETAT":0,"CODE_MODIF":5,"DATE_MODIF":"2010-09-03","MODIFICATI":"SUPPRESSION","RAPPORT_UR":"\\\\Sbl95-03\\gb_cons\\EAU\\N_MASSE_EAU\\L_COURS_DEAU_L_095\\Multi_0001.doc","ID_NOM":"N9999","ID_TRONCON":"T1203","ID_COURSDE":"N9999T1203","ORIGINE1":"TERRAIN","BCAE":"non","ZNT":"non"},"geometry":{"type":"MultiLineString","coordinates":[[[1.83303,49.16259],[1.83299,49.1633],[1.83318,49.1638],[1.83315,49.16419],[1.83336,49.16475],[1.83387,49.16536],[1.83422,49.16556],[1.83472,49.16596],[1.83498,49.16627],[1.83506,49.16649],[1.83505,49.16676],[1.83494,49.16702],[1.83494,49.16775],[1.83568,49.16878],[1.83572,49.16908],[1.83568,49.1694],[1.83576,49.16987],[1.83591,49.17018],[1.83651,49.17101],[1.83693,49.17139]],[[1.83303,49.16259],[1.83304,49.16259]]]}},
{"type":"Feature","properties":{"NOM":"Sans nom","ETAT":0,"CODE_MODIF":5,"DATE_MODIF":"2010-07-30","MODIFICATI":"SUPPRESSION","RAPPORT_UR":"\\\\Sbl95-03\\gb_cons\\EAU\\N_MASSE_EAU\\L_COURS_DEAU_L_095\\Multi_0002.doc","ID_NOM":"N9999","ID_TRONCON":"T1204","ID_COURSDE":"N9999T1204","ORIGINE1":"TERRAIN","BCAE":"non","ZNT":"non"},"geometry":{"type":"LineString","coordinates":[[1.95087,49.12202],[1.95221,49.12251]]}},
{"type":"Feature","properties":{"NOM":"Sans nom","ETAT":1,"CODE_MODIF":3,"DATE_MODIF":"2010-07-30","MODIFICATI":"TRACÉ","RAPPORT_UR":"\\\\Sbl95-03\\gb_cons\\EAU\\N_MASSE_EAU\\L_COURS_DEAU_L_095\\Multi_0002.doc","ID_NOM":"N9999","ID_TRONCON":"T1205","ID_COURSDE":"N9999T1205","ORIGINE1":"TERRAIN","BCAE":"oui","ZNT":"oui"},"geometry":{"type":"MultiLineString","coordinates":[[[1.95231,49.12254],[1.95345,49.12289],[1.95354,49.12296],[1.95368,49.12317],[1.95388,49.12309],[1.95432,49.12313]],[[1.9523,49.12253],[1.95191,49.12271],[1.95185,49.12283]]]}},
{"type":"Feature","properties":{"NOM":"Sans nom","ETAT":2,"CODE_MODIF":3,"DATE_MODIF":"2010-07-30","MODIFICATI":"TRACÉ","RAPPORT_UR":"\\\\Sbl95-03\\gb_cons\\EAU\\N_MASSE_EAU\\L_COURS_DEAU_L_095\\Multi_0002.doc","ID_NOM":"N9999","ID_TRONCON":"T1206","ID_COURSDE":"N9999T1206","ORIGINE1":"TERRAIN","BCAE":"non","ZNT":"oui"},"geometry":{"type":"LineString","coordinates":[[1.9523,49.12253],[1.95211,49.12211]]}},
{"type":"Feature","properties":{"NOM":"Sans nom","ETAT":1,"CODE_MODIF":3,"DATE_MODIF":"2010-07-30","MODIFICATI":"TRACÉ","RAPPORT_UR":"\\\\Sbl95-03\\gb_cons\\EAU\\N_MASSE_EAU\\L_COURS_DEAU_L_095\\Multi_0002.doc","ID_NOM":"N9999","ID_TRONCON":"T1207","ID_COURSDE":"N9999T1207","ORIGINE1":"TERRAIN","BCAE":"oui","ZNT":"oui"},"geometry":{"type":"MultiLineString","coordinates":[[[1.95374,49.12429],[1.95387,49.12386],[1.95396,49.12373],[1.95396,49.12372],[1.95427,49.12341],[1.95444,49.12335]],[[1.95396,49.12373],[1.95396,49.12373],[1.95369,49.12365],[1.95327,49.12361],[1.95288,49.12369],[1.95264,49.1238]]]}},
{"type":"Feature","properties":{"NOM":"Sans nom","ETAT":1,"CODE_MODIF":3,"DATE_MODIF":"2010-07-28","MODIFICATI":"TRACÉ","RAPPORT_UR":"\\\\Sbl95-03\\gb_cons\\EAU\\N_MASSE_EAU\\L_COURS_DEAU_L_095\\Multi_0007.doc","ID_NOM":"N9999","ID_TRONCON":"T1208","ID_COURSDE":"N9999T1208","ORIGINE1":"TERRAIN","BCAE":"oui","ZNT":"oui"},"geometry":{"type":"MultiLineString","coordinates":[[[1.93737,49.14397],[1.93534,49.14367],[1.93509,49.14389],[1.93493,49.14394],[1.93466,49.14412],[1.93239,49.14483],[1.93234,49.14489],[1.93243,49.14525],[1.93196,49.14538],[1.93196,49.14564],[1.93081,49.14601],[1.93006,49.14597],[1.92966,49.14591],[1.92961,49.14585],[1.9296,49.1457],[1.92941,49.14553]],[[1.9294,49.14553],[1.92847,49.14564],[1.92736,49.14584],[1.92655,49.14608],[1.92537,49.14631]]]}},
{"type":"Feature","properties":{"NOM":"Sans nom","ETAT":2,"CODE_MODIF":3,"DATE_MODIF":"2010-07-28","MODIFICATI":"TRACÉ","RAPPORT_UR":"\\\\Sbl95-03\\gb_cons\\EAU\\N_MASSE_EAU\\L_COURS_DEAU_L_095\\Multi_0007.doc","ID_NOM":"N9999","ID_TRONCON":"T1209","ID_COURSDE":"N9999T1209","ORIGINE1":"TERRAIN","BCAE":"non","ZNT":"oui"},"geometry":{"type":"LineString","coordinates":[[1.92938,49.14553],[1.92921,49.14538],[1.92799,49.14544],[1.92712,49.14559],[1.92665,49.14562],[1.92647,49.14573]]}},
{"type":"Feature","properties":{"NOM":"La Viosne","ETAT":1,"CODE_MODIF":0,"DATE_MODIF":"2010-09-20","MODIFICATI":null,"RAPPORT_UR":"\\\\Sbl95-03\\gb_cons\\EAU\\N_MASSE_EAU\\L_COURS_DEAU_L_095\\Multi_0007.doc","ID_NOM":"N0019","ID_TRONCON":"T1210","ID_COURSDE":"N0019T1210","ORIGINE1":"SCAN25","BCAE":"oui","ZNT":"oui"},"geometry":{"type":"MultiLineString","coordinates":[[[2.09703,49.0402],[2.09635,49.04038],[2.0963,49.04053],[2.09695,49.04176],[2.09707,49.04211],[2.09782,49.0437],[2.09823,49.0448],[2.0983,49.04491],[2.0983,49.04501],[2.09826,49.04505],[2.098,49.04517],[2.09751,49.04531],[2.09688,49.04545],[2.09651,49.04569],[2.09636,49.04574],[2.0951,49.04583],[2.09435,49.04596],[2.09317,49.04637],[2.09183,49.04725],[2.09144,49.04762],[2.09094,49.04774],[2.09097,49.04784],[2.09073,49.04795],[2.09054,49.04812],[2.09033,49.04825],[2.09033,49.04842],[2.09021,49.04854],[2.0896,49.04903],[2.08937,49.04951],[2.08876,49.05019],[2.08883,49.05029],[2.08933,49.05048],[2.08933,49.05054],[2.08823,49.05136],[2.08678,49.05232],[2.08612,49.0527],[2.08585,49.05272],[2.08555,49.0526],[2.08543,49.05258],[2.08511,49.0526],[2.08473,49.05246],[2.08455,49.05243],[2.08409,49.05255],[2.08384,49.05265],[2.08342,49.05296],[2.08279,49.05321],[2.08239,49.05342],[2.08222,49.05342],[2.08181,49.05334],[2.08136,49.05331],[2.07999,49.05323],[2.07969,49.05324],[2.0791,49.05334],[2.07808,49.05364],[2.07756,49.05383],[2.07732,49.05407],[2.07687,49.05469],[2.07673,49.05498],[2.07625,49.05506],[2.07579,49.05524],[2.07539,49.05551],[2.07428,49.05614],[2.07376,49.05649],[2.07352,49.05671],[2.07318,49.0571],[2.07294,49.05773],[2.07293,49.05822],[2.07351,49.05894],[2.07372,49.05914],[2.07393,49.05948],[2.07407,49.05979],[2.07382,49.06002],[2.07381,49.06023],[2.07375,49.06038],[2.07343,49.06054],[2.0728,49.06074],[2.07251,49.06092],[2.07235,49.06111],[2.07234,49.06126],[2.07241,49.06137],[2.07232,49.06147],[2.0721,49.06152],[2.07144,49.06154],[2.07079,49.06171],[2.07021,49.06167],[2.06938,49.06176],[2.06911,49.06189],[2.06884,49.06223],[2.06877,49.06227],[2.0682,49.06242],[2.06803,49.06244],[2.06784,49.06242],[2.0676,49.06233],[2.06745,49.06224],[2.06702,49.06213],[2.06659,49.0623],[2.06626,49.06236],[2.06524,49.06227],[2.06459,49.06217],[2.06386,49.06224],[2.06355,49.06222],[2.06335,49.0623],[2.0632,49.06242],[2.063,49.06305],[2.06271,49.06363],[2.06258,49.06378],[2.06239,49.06384],[2.06097,49.06401],[2.06061,49.06402],[2.06031,49.06397],[2.0599,49.06399],[2.05932,49.06355],[2.05904,49.06345],[2.05882,49.06344],[2.05839,49.0635],[2.05825,49.06356],[2.05808,49.06369],[2.05795,49.06391],[2.0579,49.06429],[2.0578,49.06434],[2.05646,49.06447],[2.05226,49.06495],[2.05149,49.06501],[2.05093,49.06497],[2.05038,49.06486],[2.05008,49.06485],[2.04946,49.0649],[2.04804,49.06528],[2.04617,49.06567],[2.0459,49.06566],[2.04573,49.06541],[2.04537,49.06531],[2.04498,49.0653],[2.04402,49.06534],[2.04384,49.06539],[2.04369,49.06551],[2.04356,49.06557],[2.04333,49.06552],[2.04295,49.06526],[2.0428,49.06521],[2.04254,49.06524],[2.04241,49.0653],[2.04207,49.06559],[2.04191,49.06566],[2.04183,49.06575],[2.04174,49.06595],[2.04129,49.06602],[2.04101,49.06617],[2.04088,49.06643],[2.04068,49.0665],[2.04042,49.06653],[2.0399,49.06666],[2.0398,49.06673],[2.03976,49.06687],[2.03971,49.0669],[2.03949,49.06689],[2.03934,49.06693],[2.03834,49.06753],[2.03795,49.06761],[2.03729,49.06794],[2.03707,49.06815],[2.03695,49.06832],[2.036,49.06901],[2.03512,49.06981],[2.03493,49.06988],[2.03457,49.06995],[2.03419,49.06995],[2.03357,49.06976],[2.0328,49.06972],[2.03206,49.06987],[2.03149,49.06991],[2.03128,49.06995],[2.03106,49.07004],[2.03081,49.0703],[2.03103,49.07093],[2.03104,49.0711],[2.03114,49.07146],[2.03094,49.07266],[2.03095,49.07298],[2.03084,49.07369],[2.03085,49.07391],[2.03067,49.07409],[2.02949,49.07461],[2.02824,49.07465],[2.02672,49.07489],[2.02632,49.07482],[2.02584,49.07491],[2.0256,49.07491],[2.02534,49.07486],[2.02471,49.075],[2.02448,49.07497],[2.02439,49.07498],[2.02401,49.07516],[2.02388,49.07519],[2.02312,49.07519],[2.0228,49.07516],[2.02244,49.07534],[2.02178,49.07536],[2.02152,49.07554],[2.02121,49.07566],[2.02064,49.07562],[2.02023,49.07555],[2.02005,49.07557],[2.01969,49.07569],[2.01913,49.07574],[2.01901,49.0758],[2.01886,49.07598],[2.01882,49.07668],[2.0186,49.0768],[2.01812,49.07696],[2.01774,49.07719],[2.01748,49.0773],[2.01655,49.07751],[2.01542,49.07769],[2.0153,49.07773],[2.0135,49.07811],[2.01338,49.07811],[2.01315,49.07819],[2.00982,49.07885],[2.00769,49.07934],[2.00637,49.07951],[2.0062,49.07964],[2.0063,49.07984],[2.00529,49.08008],[2.00527,49.08015],[2.00413,49.08062],[2.0038,49.08071],[2.00355,49.08066],[2.00259,49.08105],[2.00255,49.08089],[2.00008,49.08205],[1.99568,49.08418],[1.99513,49.08392],[1.99485,49.08364],[1.99476,49.08388],[1.99443,49.08419],[1.99386,49.08451],[1.99355,49.08498],[1.99344,49.08502],[1.9927,49.08516],[1.99163,49.08512],[1.99104,49.0852],[1.99034,49.08536],[1.99017,49.08557],[1.99004,49.08596],[1.98989,49.08597],[1.98962,49.08592],[1.98866,49.08606],[1.98831,49.08608],[1.98804,49.08607],[1.98712,49.08626],[1.98683,49.08626],[1.98657,49.08634],[1.98615,49.0866],[1.98572,49.08665],[1.98552,49.08704],[1.98549,49.08769],[1.98555,49.08831],[1.98568,49.08837],[1.98618,49.08847],[1.98635,49.08854],[1.98661,49.08875],[1.98662,49.0889],[1.98569,49.08931],[1.98455,49.09029],[1.9842,49.09065],[1.98304,49.09149],[1.98268,49.09162],[1.98187,49.09166],[1.9799,49.0921],[1.97975,49.09216],[1.97978,49.09231],[1.97973,49.09236],[1.97783,49.09283],[1.97684,49.09301],[1.97568,49.09306],[1.97503,49.09316],[1.97482,49.09324],[1.97399,49.09389],[1.97347,49.09442],[1.97345,49.09455],[1.9735,49.09468],[1.97369,49.09484],[1.97391,49.09514],[1.97429,49.09543],[1.97461,49.09575],[1.97484,49.09641],[1.97481,49.09656]],[[1.90317,49.19626],[1.90321,49.19606],[1.90352,49.19594],[1.90447,49.19518],[1.9082,49.19389],[1.90919,49.1937],[1.90888,49.19329]],[[1.93934,49.15335],[1.93919,49.15342],[1.9391,49.15366],[1.93874,49.15368],[1.93831,49.15393],[1.93821,49.15423],[1.93808,49.15433],[1.93737,49.15473],[1.93712,49.15476],[1.93692,49.15482],[1.93691,49.15491],[1.93702,49.15496],[1.93701,49.15507],[1.93677,49.15525],[1.93657,49.15531],[1.9365,49.15536],[1.93653,49.15542],[1.93675,49.15549],[1.93678,49.15556],[1.93674,49.15567],[1.93667,49.15571],[1.9362,49.1557],[1.93613,49.15573],[1.93609,49.15606],[1.93612,49.1561],[1.93628,49.15614],[1.93625,49.15642],[1.9361,49.15667],[1.93583,49.15694]],[[1.93518,49.15898],[1.9351,49.15859],[1.93515,49.15811],[1.93537,49.15761],[1.93559,49.15735],[1.93583,49.15694]],[[1.93518,49.15898],[1.93533,49.15936],[1.93535,49.15951],[1.93543,49.1596],[1.93585,49.15978],[1.93609,49.15995],[1.93656,49.16093],[1.93686,49.16093],[1.93689,49.16095],[1.93704,49.16134],[1.93749,49.16161],[1.93773,49.16187],[1.93779,49.16211],[1.93783,49.16359],[1.93772,49.16452],[1.93787,49.16494],[1.93787,49.16523],[1.93798,49.16544],[1.93802,49.16578],[1.93796,49.16599],[1.93805,49.16621],[1.93815,49.16683],[1.93812,49.16722],[1.93831,49.16748],[1.93863,49.1678],[1.93922,49.16824],[1.9395,49.16853],[1.93959,49.16875],[1.9396,49.16895],[1.93953,49.16912],[1.93934,49.16929],[1.93916,49.16938],[1.93889,49.16946],[1.93861,49.16948],[1.93646,49.16932],[1.93628,49.16932],[1.9361,49.16936],[1.93588,49.16951],[1.93542,49.16971],[1.93532,49.16988],[1.93507,49.16997],[1.93494,49.17043],[1.9349,49.1705],[1.93478,49.17059],[1.93486,49.17075],[1.93486,49.1711],[1.93497,49.1712],[1.93479,49.1717],[1.93477,49.17186],[1.93477,49.17193],[1.93495,49.17206],[1.93491,49.17222],[1.93476,49.17269],[1.93432,49.17301],[1.93431,49.17313],[1.93445,49.17328],[1.93448,49.17346],[1.93427,49.17365],[1.93428,49.17401],[1.93421,49.17418],[1.93406,49.1743],[1.93394,49.17498],[1.93363,49.17531],[1.93354,49.17559],[1.93338,49.17568],[1.93316,49.17595],[1.93304,49.17598],[1.93292,49.17607],[1.93244,49.17624],[1.93232,49.17623],[1.93228,49.17616],[1.93103,49.17591],[1.93021,49.17819],[1.93012,49.17835],[1.9302,49.17843],[1.93075,49.17879],[1.93085,49.17905],[1.93084,49.17921],[1.93068,49.17946],[1.93068,49.17969],[1.93056,49.17975],[1.93031,49.17998],[1.92964,49.18071],[1.92918,49.18137],[1.92889,49.18137],[1.92861,49.18144],[1.92831,49.18164],[1.92797,49.182],[1.92755,49.1823],[1.92682,49.18268],[1.92616,49.18317],[1.92598,49.1832],[1.92545,49.18379],[1.92536,49.18384],[1.92523,49.18415],[1.92485,49.18426],[1.92417,49.18478],[1.92399,49.18476],[1.92395,49.18466],[1.92388,49.18465],[1.92371,49.18469],[1.92364,49.1848],[1.92351,49.18492],[1.92318,49.18503],[1.92287,49.18529],[1.92263,49.18532],[1.9215,49.18641],[1.9215,49.18657],[1.92139,49.18661],[1.92141,49.18678],[1.9215,49.18688],[1.92141,49.18701],[1.92141,49.1871],[1.92154,49.18716],[1.92156,49.18727],[1.92151,49.1874],[1.92158,49.18762],[1.92193,49.18782],[1.92193,49.18791],[1.9217,49.18829],[1.92142,49.18839],[1.92111,49.18841],[1.92083,49.18836],[1.91944,49.18826],[1.9188,49.18837],[1.91874,49.18843],[1.91834,49.18843],[1.91821,49.18877],[1.91768,49.18888],[1.91728,49.18929],[1.9162,49.18994],[1.91583,49.1901],[1.9155,49.18987],[1.91521,49.18984],[1.91497,49.19004],[1.91429,49.19033],[1.91354,49.19055],[1.91325,49.19055]],[[1.93518,49.15898],[1.93526,49.15889],[1.93552,49.15886],[1.93557,49.15873],[1.93567,49.15873],[1.93595,49.15816],[1.93589,49.15766],[1.93596,49.15747],[1.93578,49.15739],[1.93583,49.1572],[1.93583,49.15694]],[[1.93934,49.15335],[1.93966,49.15314],[1.93969,49.15307],[1.93959,49.15284],[1.93959,49.15274],[1.93964,49.15264],[1.93982,49.1526],[1.93986,49.15256],[1.93993,49.15174],[1.93988,49.15154],[1.93977,49.15134],[1.93949,49.15121],[1.93905,49.15107],[1.93899,49.15096],[1.93896,49.15071],[1.93863,49.15063],[1.93786,49.15028],[1.93773,49.15021],[1.93749,49.1499],[1.93726,49.14991],[1.93701,49.14982],[1.9369,49.14969],[1.93679,49.14939],[1.93652,49.14928],[1.93628,49.14907],[1.93635,49.14888],[1.93634,49.1488],[1.93599,49.14849],[1.9359,49.14824],[1.9357,49.1481],[1.93594,49.14771],[1.93617,49.14661],[1.93625,49.1465],[1.93645,49.14646],[1.93658,49.14639],[1.93667,49.14639],[1.93667,49.14631],[1.93653,49.1462],[1.93655,49.14587],[1.9365,49.14582],[1.93634,49.14582],[1.93629,49.14577],[1.93634,49.14553],[1.93618,49.14535],[1.93613,49.14508],[1.93603,49.14485],[1.93604,49.14479],[1.93647,49.14439],[1.937,49.1444],[1.93741,49.14421],[1.93755,49.14403],[1.93737,49.14397],[1.93749,49.14375],[1.93747,49.14362],[1.9372,49.14353],[1.93681,49.14326],[1.93688,49.14313],[1.9368,49.14303],[1.93685,49.1427],[1.93703,49.14229],[1.93708,49.14204],[1.93697,49.14196],[1.93652,49.14183],[1.93649,49.14176],[1.93655,49.14164],[1.93653,49.14152],[1.93661,49.14139],[1.93678,49.14123],[1.93728,49.14085],[1.93724,49.14054],[1.93714,49.14052],[1.93708,49.14061],[1.937,49.14059],[1.93694,49.14049],[1.93685,49.14048],[1.93678,49.14045],[1.9368,49.14034],[1.9367,49.14026],[1.93699,49.14007],[1.93695,49.13997],[1.93709,49.13982],[1.93715,49.13919],[1.93721,49.13903],[1.93731,49.13899],[1.93745,49.13904],[1.93755,49.13903],[1.93776,49.1389],[1.93782,49.13881],[1.93782,49.13858],[1.93801,49.13824],[1.93824,49.13809],[1.93843,49.13825],[1.93874,49.13822],[1.9389,49.13793],[1.93908,49.13787],[1.93929,49.13792],[1.93945,49.1379]],[[1.93934,49.15335],[1.93988,49.15337],[1.93999,49.15307],[1.94012,49.15258],[1.94021,49.15193],[1.94004,49.1508],[1.93999,49.1507],[1.93975,49.15077],[1.93936,49.15046],[1.93926,49.15024],[1.93906,49.15013],[1.93869,49.14981],[1.9384,49.14968],[1.93803,49.14935],[1.93777,49.14922],[1.93749,49.14887],[1.93743,49.14885],[1.93736,49.14875],[1.93724,49.14873],[1.93721,49.14869],[1.93717,49.14853],[1.93707,49.14835],[1.93683,49.14827],[1.93672,49.14791],[1.93674,49.14781],[1.93681,49.14764],[1.93702,49.1474],[1.93703,49.1473],[1.93697,49.14725],[1.93694,49.14709],[1.93707,49.14697],[1.93716,49.14674],[1.93713,49.14661],[1.93667,49.14639]],[[1.93861,49.14366],[1.93854,49.14354],[1.93854,49.14345],[1.93866,49.143],[1.93866,49.14281],[1.9385,49.1424],[1.93853,49.14219],[1.93823,49.14115],[1.93824,49.14086],[1.93814,49.14059],[1.93818,49.14006],[1.93839,49.1394],[1.93864,49.13925],[1.93904,49.13926],[1.93913,49.13922],[1.93927,49.13885],[1.9393,49.13843],[1.93943,49.13808],[1.93945,49.1379],[1.93961,49.13754],[1.94012,49.13721],[1.94035,49.13687],[1.94108,49.1365],[1.94134,49.13621],[1.94177,49.13608],[1.94204,49.13588],[1.94251,49.13568],[1.94254,49.1356],[1.94245,49.13552],[1.94248,49.13546],[1.94269,49.1353],[1.94289,49.13519],[1.94306,49.13514],[1.94313,49.13509],[1.94324,49.13483],[1.94331,49.1348],[1.94363,49.1348],[1.94373,49.13476],[1.9437,49.13463],[1.94399,49.13413],[1.94381,49.13401],[1.94382,49.13397],[1.94414,49.13375],[1.94422,49.13366],[1.94422,49.1334],[1.94429,49.13317],[1.94437,49.13311],[1.94458,49.13306],[1.94491,49.13262],[1.94492,49.13247],[1.94477,49.13235],[1.94478,49.13227],[1.94496,49.13218],[1.94552,49.1321],[1.94593,49.13173],[1.94624,49.13168],[1.94646,49.13143],[1.94672,49.13132],[1.94708,49.13081],[1.94716,49.13075],[1.94742,49.13063],[1.94778,49.13063],[1.94811,49.13046],[1.94917,49.13013],[1.94937,49.13003],[1.94959,49.12979],[1.94977,49.12952],[1.94994,49.12911],[1.95027,49.12866],[1.95031,49.12852],[1.95029,49.12838],[1.95003,49.12786],[1.94978,49.12757],[1.94952,49.12734],[1.94944,49.1272],[1.94932,49.12679],[1.94928,49.12637],[1.94941,49.12629],[1.9494,49.12615],[1.94918,49.12583]],[[1.93828,49.14378],[1.93862,49.14367]],[[1.97042,49.10145],[1.97015,49.10152],[1.96956,49.10145],[1.96941,49.10146],[1.96927,49.10163],[1.96894,49.10184],[1.96877,49.10201],[1.96868,49.10214],[1.96855,49.10288],[1.96834,49.10334],[1.96837,49.10358],[1.96819,49.10387],[1.9681,49.10422],[1.96744,49.10443],[1.96724,49.10454],[1.96727,49.1046],[1.96756,49.10468],[1.96762,49.10473],[1.9675,49.10491],[1.96755,49.105],[1.96754,49.10525],[1.96739,49.10568],[1.96685,49.10676],[1.96673,49.10723],[1.96659,49.10755],[1.96615,49.10843],[1.9662,49.10849],[1.96664,49.1086],[1.96681,49.10883],[1.96689,49.10918],[1.96664,49.10957],[1.96657,49.10973],[1.96657,49.10993],[1.96663,49.11007],[1.96689,49.11032],[1.96699,49.11047],[1.96716,49.111],[1.96713,49.11127],[1.96699,49.11144],[1.96682,49.11156],[1.96669,49.11175],[1.96662,49.11195]],[[1.9856,49.08931],[1.98477,49.0897],[1.98464,49.08983],[1.9841,49.09011],[1.98371,49.09024],[1.98346,49.09048],[1.98322,49.09064],[1.98256,49.09089],[1.98198,49.09105],[1.98172,49.09102],[1.98144,49.09093],[1.98072,49.09117],[1.98031,49.09121],[1.98017,49.09138],[1.9798,49.09136],[1.97942,49.09147],[1.97938,49.09153],[1.97941,49.09167],[1.97931,49.09178],[1.97918,49.09176],[1.97892,49.09164],[1.97891,49.09158],[1.979,49.09147],[1.9788,49.09116],[1.97852,49.0911],[1.97834,49.0911],[1.97795,49.09119],[1.97699,49.09153],[1.97666,49.09158],[1.97611,49.0919],[1.97556,49.09203],[1.97545,49.09214],[1.97551,49.09226],[1.97544,49.09232],[1.97426,49.09272],[1.97379,49.09303],[1.97373,49.09321],[1.97351,49.09333],[1.97333,49.09374],[1.97322,49.0939],[1.97294,49.09412],[1.97282,49.0943],[1.97272,49.09474],[1.97278,49.09482],[1.97355,49.09517],[1.97397,49.09547],[1.97427,49.09576],[1.9744,49.09612],[1.97455,49.09639],[1.97481,49.09656],[1.97466,49.09706],[1.97462,49.09859],[1.97441,49.09948],[1.97433,49.0996],[1.97355,49.10002],[1.97337,49.10017],[1.97311,49.10061],[1.97281,49.1008],[1.97257,49.10088],[1.97227,49.10094],[1.97185,49.10096],[1.97168,49.10102],[1.97134,49.10124],[1.97062,49.10133],[1.97042,49.10145],[1.97066,49.10168],[1.97073,49.10178],[1.96878,49.1036],[1.96757,49.10623],[1.96786,49.10646],[1.96798,49.10663],[1.96791,49.10693],[1.96795,49.10704],[1.96815,49.10717],[1.96848,49.10745],[1.96856,49.10758],[1.96855,49.10775],[1.96861,49.10783],[1.96871,49.10789],[1.96919,49.10789],[1.96935,49.10795],[1.96947,49.10805],[1.96954,49.10816],[1.96955,49.10835],[1.96925,49.10858],[1.96911,49.10859],[1.96902,49.10864],[1.96899,49.10874],[1.96887,49.10888],[1.969,49.10895],[1.96912,49.10908],[1.96966,49.10916],[1.96999,49.10936],[1.97007,49.10954],[1.97007,49.10999],[1.96969,49.11027],[1.96925,49.11038],[1.96903,49.1105],[1.96909,49.11068],[1.96906,49.11078],[1.96897,49.11085],[1.96883,49.11085],[1.96853,49.11072],[1.96834,49.11072],[1.96817,49.11082],[1.96799,49.11105],[1.96794,49.11119],[1.96739,49.11186],[1.96701,49.11208],[1.96686,49.11205],[1.96679,49.11199],[1.96662,49.11195],[1.96647,49.11203],[1.96635,49.11206],[1.96579,49.1121],[1.96539,49.1122],[1.96473,49.11263],[1.96423,49.11284],[1.96398,49.11312],[1.96148,49.11454],[1.9607,49.11458],[1.96043,49.11466],[1.95597,49.11732],[1.95575,49.11742],[1.95557,49.11763],[1.95522,49.11793],[1.95421,49.11808],[1.95355,49.11821],[1.95229,49.119],[1.95206,49.11921],[1.95214,49.11942],[1.95142,49.1202],[1.95114,49.12098],[1.95093,49.12113],[1.95111,49.12135],[1.95104,49.12164],[1.95093,49.12195],[1.95074,49.12219],[1.95044,49.1229],[1.94997,49.12359],[1.94916,49.12457],[1.94895,49.12521],[1.94892,49.12549],[1.94918,49.12583]],[[1.90245,49.19551],[1.90298,49.19531],[1.90351,49.19486],[1.90496,49.19447],[1.90573,49.19434],[1.90772,49.19377],[1.90769,49.19367],[1.90774,49.19358],[1.90888,49.19329],[1.91038,49.19272],[1.91118,49.19203],[1.91151,49.19191],[1.91164,49.19177],[1.91188,49.19168],[1.91232,49.19133],[1.91257,49.19124],[1.9127,49.19126],[1.91279,49.19104],[1.91301,49.19094],[1.91325,49.19055],[1.91294,49.19071],[1.91207,49.19079],[1.91138,49.19103],[1.91059,49.19151],[1.9099,49.19212],[1.90924,49.19264],[1.90867,49.19303],[1.90552,49.19397],[1.90417,49.19448],[1.90351,49.19486]],[[1.99485,49.08364],[1.99496,49.08356],[1.99532,49.08341],[1.99582,49.08309],[1.99632,49.08283],[1.99678,49.08251],[1.99734,49.08204],[1.99767,49.08189],[1.99784,49.08177],[1.99798,49.08164],[1.99893,49.07991],[1.9996,49.07962],[2.0012,49.0792],[2.00215,49.07921],[2.00244,49.07919],[2.00285,49.0791],[2.00333,49.07914],[2.00371,49.07933],[2.0041,49.07943],[2.00474,49.07953],[2.00493,49.07953],[2.00507,49.07935],[2.00512,49.07934],[2.00525,49.07933],[2.00554,49.07941],[2.00586,49.07945],[2.00594,49.0794],[2.00597,49.07925],[2.00607,49.07915],[2.00693,49.07892],[2.00812,49.07882],[2.00824,49.07854],[2.00878,49.07844],[2.00901,49.07831],[2.00911,49.07821],[2.0097,49.07792],[2.00986,49.07789],[2.01036,49.0779],[2.01059,49.07779],[2.01113,49.07768],[2.01172,49.07747],[2.01256,49.07735],[2.01298,49.07741],[2.01384,49.07759],[2.01469,49.07768],[2.01563,49.07751],[2.01598,49.07743],[2.01643,49.07707],[2.01686,49.07679],[2.01726,49.07671],[2.01757,49.07652],[2.01793,49.07647],[2.01832,49.07623],[2.01885,49.07575],[2.01925,49.07553],[2.01957,49.07542],[2.01987,49.0754],[2.02067,49.07499],[2.02117,49.07489],[2.02231,49.07443],[2.02282,49.07428],[2.02341,49.07413],[2.02418,49.07403],[2.02513,49.07395],[2.02606,49.07391],[2.02693,49.07397],[2.02827,49.07413],[2.02945,49.07416],[2.03002,49.07398],[2.0304,49.07328],[2.03074,49.07312],[2.03093,49.07308]],[[1.90321,49.19606],[1.90282,49.19621],[1.90192,49.19634],[1.9006,49.19626],[1.89917,49.19606],[1.89863,49.19603],[1.89825,49.19607]]]}},
{"type":"Feature","properties":{"NOM":"Sans nom","ETAT":3,"CODE_MODIF":3,"DATE_MODIF":"2010-08-27","MODIFICATI":"TRACÉ","RAPPORT_UR":"\\\\Sbl95-03\\gb_cons\\EAU\\N_MASSE_EAU\\L_COURS_DEAU_L_095\\Multi_0006.jpg","ID_NOM":"N9999","ID_TRONCON":"T1211","ID_COURSDE":"N9999T1211","ORIGINE1":"TERRAIN","BCAE":"non","ZNT":"oui"},"geometry":{"type":"LineString","coordinates":[[1.69416,49.15217],[1.69494,49.15051],[1.69594,49.14996],[1.69597,49.14957]]}},
{"type":"Feature","properties":{"NOM":"Le Ru de la Couleuvre","ETAT":1,"CODE_MODIF":3,"DATE_MODIF":"2010-07-28","MODIFICATI":"TRACÉ","RAPPORT_UR":"\\\\Sbl95-03\\gb_cons\\EAU\\N_MASSE_EAU\\L_COURS_DEAU_L_095\\Multi_0007.doc","ID_NOM":"N0041","ID_TRONCON":"T1212","ID_COURSDE":"N0041T1212","ORIGINE1":"TERRAIN","BCAE":"oui","ZNT":"oui"},"geometry":{"type":"LineString","coordinates":[[1.91981,49.13771],[1.9197,49.13766],[1.91968,49.13761],[1.91974,49.13752],[1.91986,49.13743],[1.92006,49.13743]]}},
{"type":"Feature","properties":{"NOM":"Sans nom","ETAT":2,"CODE_MODIF":3,"DATE_MODIF":"2010-07-28","MODIFICATI":"TRACÉ","RAPPORT_UR":"\\\\Sbl95-03\\gb_cons\\EAU\\N_MASSE_EAU\\L_COURS_DEAU_L_095\\Multi_0007.doc","ID_NOM":"N9999","ID_TRONCON":"T1213","ID_COURSDE":"N9999T1213","ORIGINE1":"TERRAIN","BCAE":"non","ZNT":"oui"},"geometry":{"type":"LineString","coordinates":[[1.91958,49.13708],[1.91944,49.13721],[1.91908,49.13743]]}},
{"type":"Feature","properties":{"NOM":"Sans nom","ETAT":1,"CODE_MODIF":3,"DATE_MODIF":"2010-08-27","MODIFICATI":"TRACÉ","RAPPORT_UR":"\\\\Sbl95-03\\gb_cons\\EAU\\N_MASSE_EAU\\L_COURS_DEAU_L_095\\Multi_0006.jpg","ID_NOM":"N9999","ID_TRONCON":"T1214","ID_COURSDE":"N9999T1214","ORIGINE1":"TERRAIN","BCAE":"oui","ZNT":"oui"},"geometry":{"type":"LineString","coordinates":[[1.69597,49.14958],[1.69585,49.14689],[1.69567,49.14469],[1.69638,49.1421]]}},
{"type":"Feature","properties":{"NOM":"Sans nom","ETAT":3,"CODE_MODIF":3,"DATE_MODIF":"2010-08-27","MODIFICATI":"TRACÉ","RAPPORT_UR":"\\\\Sbl95-03\\gb_cons\\EAU\\N_MASSE_EAU\\L_COURS_DEAU_L_095\\Multi_0006.jpg","ID_NOM":"N9999","ID_TRONCON":"T1215","ID_COURSDE":"N9999T1215","ORIGINE1":"TERRAIN","BCAE":"non","ZNT":"oui"},"geometry":{"type":"LineString","coordinates":[[1.69597,49.14957],[1.69661,49.14977],[1.69687,49.15032],[1.69716,49.15174]]}},
{"type":"Feature","properties":{"NOM":"Sans nom","ETAT":2,"CODE_MODIF":3,"DATE_MODIF":"2010-08-27","MODIFICATI":"TRACÉ","RAPPORT_UR":"\\\\Sbl95-03\\gb_cons\\EAU\\N_MASSE_EAU\\L_COURS_DEAU_L_095\\N9999T1216.JPG","ID_NOM":"N9999","ID_TRONCON":"T1216","ID_COURSDE":"N9999T1216","ORIGINE1":"TERRAIN","BCAE":"non","ZNT":"oui"},"geometry":{"type":"LineString","coordinates":[[1.75169,49.1267],[1.75155,49.12663],[1.75129,49.1266],[1.75118,49.12655],[1.75113,49.12643]]}},
{"type":"Feature","properties":{"NOM":"Le Ru de Loïc","ETAT":2,"CODE_MODIF":3,"DATE_MODIF":"2010-08-27","MODIFICATI":"TRACÉ","RAPPORT_UR":"\\\\Sbl95-03\\gb_cons\\EAU\\N_MASSE_EAU\\L_COURS_DEAU_L_095\\N0105T1217.JPG","ID_NOM":"N0105","ID_TRONCON":"T1217","ID_COURSDE":"N0105T1217","ORIGINE1":"TERRAIN","BCAE":"non","ZNT":"oui"},"geometry":{"type":"MultiLineString","coordinates":[[[1.74169,49.1379],[1.74118,49.13794],[1.73862,49.13753],[1.73809,49.13738],[1.73816,49.13706],[1.73825,49.13691],[1.73669,49.13676]],[[1.73808,49.13739],[1.73685,49.13739]]]}},
{"type":"Feature","properties":{"NOM":"Sans nom","ETAT":1,"CODE_MODIF":3,"DATE_MODIF":"2010-09-21","MODIFICATI":"TRACÉ","RAPPORT_UR":null,"ID_NOM":"N9999","ID_TRONCON":"T1218","ID_COURSDE":"N9999T1218","ORIGINE1":"TERRAIN","BCAE":"oui","ZNT":"oui"},"geometry":{"type":"LineString","coordinates":[[1.82183,49.16431],[1.82153,49.16437],[1.82136,49.16426],[1.82126,49.16408],[1.82126,49.164],[1.82191,49.164],[1.82221,49.16392]]}},
{"type":"Feature","properties":{"NOM":"Sans nom","ETAT":2,"CODE_MODIF":3,"DATE_MODIF":"2010-09-21","MODIFICATI":"TRACÉ","RAPPORT_UR":null,"ID_NOM":"N9999","ID_TRONCON":"T1219","ID_COURSDE":"N9999T1219","ORIGINE1":"TERRAIN","BCAE":"non","ZNT":"oui"},"geometry":{"type":"LineString","coordinates":[[1.82222,49.16394],[1.82241,49.16393],[1.82279,49.16383]]}},
{"type":"Feature","properties":{"NOM":"Sans nom","ETAT":1,"CODE_MODIF":0,"DATE_MODIF":null,"MODIFICATI":null,"RAPPORT_UR":null,"ID_NOM":"N9999","ID_TRONCON":"T1220","ID_COURSDE":"N9999T1220","ORIGINE1":"SCAN25","BCAE":"oui","ZNT":"oui"},"geometry":{"type":"LineString","coordinates":[[1.91847,49.13993],[1.91827,49.14006],[1.91815,49.14006],[1.91752,49.14023],[1.91713,49.14048],[1.91605,49.14105],[1.91536,49.1413],[1.91527,49.14125],[1.9147,49.14114],[1.91362,49.14102],[1.91331,49.14086]]}},
{"type":"Feature","properties":{"NOM":"Sans nom","ETAT":1,"CODE_MODIF":3,"DATE_MODIF":"2010-09-21","MODIFICATI":"TRACÉ","RAPPORT_UR":null,"ID_NOM":"N9999","ID_TRONCON":"T1221","ID_COURSDE":"N9999T1221","ORIGINE1":"TERRAIN","BCAE":"oui","ZNT":"oui"},"geometry":{"type":"LineString","coordinates":[[1.92645,49.13488],[1.92641,49.13478],[1.92706,49.13462],[1.92695,49.13442],[1.9263,49.13431]]}},
{"type":"Feature","properties":{"NOM":"Sans nom","ETAT":1,"CODE_MODIF":3,"DATE_MODIF":"2010-09-21","MODIFICATI":"TRACÉ","RAPPORT_UR":null,"ID_NOM":"N9999","ID_TRONCON":"T1222","ID_COURSDE":"N9999T1222","ORIGINE1":"TERRAIN","BCAE":"oui","ZNT":"oui"},"geometry":{"type":"LineString","coordinates":[[2.03099,49.06757],[2.03121,49.06748],[2.03159,49.06743],[2.03254,49.06882],[2.03319,49.06943],[2.03385,49.06948]]}},
{"type":"Feature","properties":{"NOM":"Le Croult","ETAT":3,"CODE_MODIF":3,"DATE_MODIF":"2010-09-23","MODIFICATI":"TRACÉ","RAPPORT_UR":"\\\\Sbl95-03\\gb_cons\\EAU\\N_MASSE_EAU\\L_COURS_DEAU_L_095\\N0021T1223.jpg","ID_NOM":"N0021","ID_TRONCON":"T1223","ID_COURSDE":"N0021T1223","ORIGINE1":"TERRAIN","BCAE":"non","ZNT":"oui"},"geometry":{"type":"LineString","coordinates":[[2.47007,49.00763],[2.47043,49.00613],[2.47031,49.00544],[2.4707,49.00346],[2.47065,49.0033],[2.47073,49.0031],[2.47124,49.00262],[2.47131,49.00251],[2.47123,49.00245],[2.47117,49.00208],[2.47076,49.00194],[2.47066,49.00142]]}},
{"type":"Feature","properties":{"NOM":"Le Croult","ETAT":3,"CODE_MODIF":4,"DATE_MODIF":"2010-09-22","MODIFICATI":"ETAT 1 EN 3","RAPPORT_UR":null,"ID_NOM":"N0021","ID_TRONCON":"T1224","ID_COURSDE":"N0021T1224","ORIGINE1":"TERRAIN","BCAE":"non","ZNT":"oui"},"geometry":{"type":"LineString","coordinates":[[2.46897,49.00256],[2.47013,49.00181],[2.47066,49.00142]]}},
{"type":"Feature","properties":{"NOM":"Le Croult","ETAT":3,"CODE_MODIF":4,"DATE_MODIF":"2010-09-22","MODIFICATI":"ETAT 1 EN 3","RAPPORT_UR":null,"ID_NOM":"N0021","ID_TRONCON":"T1225","ID_COURSDE":"N0021T1225","ORIGINE1":"TERRAIN","BCAE":"non","ZNT":"oui"},"geometry":{"type":"LineString","coordinates":[[2.47066,49.00142],[2.47039,49.0009],[2.47034,49.00061],[2.47032,48.99928],[2.47028,48.99914],[2.46968,48.99869],[2.46932,48.99862]]}},
{"type":"Feature","properties":{"NOM":"Sans nom","ETAT":0,"CODE_MODIF":5,"DATE_MODIF":"2010-11-03","MODIFICATI":"SUPPRESSION","RAPPORT_UR":null,"ID_NOM":"N9999","ID_TRONCON":"T1226","ID_COURSDE":"N9999T1226","ORIGINE1":"TERRAIN","BCAE":"non","ZNT":"non"},"geometry":{"type":"LineString","coordinates":[[1.93004,49.1334],[1.93003,49.13351],[1.92974,49.13366],[1.92924,49.1341],[1.92897,49.13426],[1.92852,49.13459],[1.92752,49.13476],[1.92645,49.13488],[1.92563,49.13512],[1.92501,49.13538],[1.92476,49.13539],[1.92459,49.13543]]}},
{"type":"Feature","properties":{"NOM":"Sans nom","ETAT":1,"CODE_MODIF":0,"DATE_MODIF":null,"MODIFICATI":null,"RAPPORT_UR":null,"ID_NOM":"N9999","ID_TRONCON":"T1227","ID_COURSDE":"N9999T1227","ORIGINE1":"SCAN25","BCAE":"oui","ZNT":"oui"},"geometry":{"type":"MultiLineString","coordinates":[[[1.91764,49.1389],[1.91896,49.13823],[1.91957,49.13786],[1.91976,49.13781],[1.91983,49.13768],[1.9204,49.1371],[1.92073,49.13686],[1.92126,49.13658],[1.92211,49.13622],[1.92241,49.13615],[1.92313,49.1359],[1.924,49.13566],[1.92414,49.13538],[1.9241,49.13522],[1.92388,49.13507]],[[1.91976,49.13781],[1.91939,49.13869],[1.9187,49.13958],[1.91847,49.13993]]]}},
{"type":"Feature","properties":{"NOM":"Sans nom","ETAT":2,"CODE_MODIF":3,"DATE_MODIF":"2010-11-03","MODIFICATI":"TRACÉ","RAPPORT_UR":null,"ID_NOM":"N9999","ID_TRONCON":"T1228","ID_COURSDE":"N9999T1228","ORIGINE1":"TERRAIN","BCAE":"non","ZNT":"oui"},"geometry":{"type":"LineString","coordinates":[[1.92384,49.13506],[1.92293,49.1346]]}},
{"type":"Feature","properties":{"NOM":"Sans nom","ETAT":0,"CODE_MODIF":5,"DATE_MODIF":"2010-11-03","MODIFICATI":"SUPPRESSION","RAPPORT_UR":null,"ID_NOM":"N9999","ID_TRONCON":"T1229","ID_COURSDE":"N9999T1229","ORIGINE1":"TERRAIN","BCAE":"non","ZNT":"non"},"geometry":{"type":"LineString","coordinates":[[1.91362,49.14102],[1.91331,49.14086],[1.91224,49.14049],[1.91114,49.14029],[1.91071,49.14017],[1.91019,49.13977],[1.90954,49.13949],[1.90933,49.13951],[1.90896,49.13945],[1.90695,49.13882],[1.90678,49.1388],[1.90634,49.13859],[1.9058,49.13844],[1.90548,49.13813],[1.9051,49.13793],[1.90442,49.13783],[1.90288,49.1374],[1.90218,49.13724],[1.90112,49.13695],[1.90055,49.13677],[1.89923,49.13627]]}},
{"type":"Feature","properties":{"NOM":"Sans nom","ETAT":2,"CODE_MODIF":0,"DATE_MODIF":null,"MODIFICATI":null,"RAPPORT_UR":null,"ID_NOM":"N9999","ID_TRONCON":"T1230","ID_COURSDE":"N9999T1230","ORIGINE1":"SCAN25","BCAE":"non","ZNT":"oui"},"geometry":{"type":"LineString","coordinates":[[2.36591,49.12143],[2.36576,49.1212],[2.36569,49.12073]]}},
{"type":"Feature","properties":{"NOM":"Sans nom","ETAT":2,"CODE_MODIF":0,"DATE_MODIF":null,"MODIFICATI":null,"RAPPORT_UR":null,"ID_NOM":"N9999","ID_TRONCON":"T1231","ID_COURSDE":"N9999T1231","ORIGINE1":"SCAN25","BCAE":"non","ZNT":"oui"},"geometry":{"type":"LineString","coordinates":[[2.36561,49.12026],[2.36562,49.11995],[2.36588,49.11863],[2.36585,49.11808],[2.36567,49.11701],[2.36559,49.11684],[2.36556,49.11641],[2.36524,49.1161],[2.36521,49.11562],[2.36515,49.11554],[2.36514,49.11533],[2.36508,49.11514],[2.36516,49.11481],[2.3649,49.11453],[2.36491,49.1145],[2.36536,49.11421],[2.3654,49.1139],[2.36537,49.11381],[2.36488,49.1132],[2.36475,49.11284],[2.36437,49.11237],[2.36431,49.1122],[2.36429,49.11199],[2.36398,49.11153],[2.36315,49.11145],[2.36291,49.11139],[2.36264,49.11135]]}},
{"type":"Feature","properties":{"NOM":"Le Ru de Fréval","ETAT":0,"CODE_MODIF":6,"DATE_MODIF":"2010-11-04","MODIFICATI":"FOSSÉ","RAPPORT_UR":null,"ID_NOM":"N0033","ID_TRONCON":"T1232","ID_COURSDE":"N0033T1232","ORIGINE1":"TERRAIN","BCAE":"non","ZNT":"non"},"geometry":{"type":"MultiLineString","coordinates":[[[2.35588,49.1222],[2.35507,49.12195],[2.35473,49.1218],[2.35423,49.12148],[2.35407,49.12134],[2.35403,49.12107],[2.35389,49.12085],[2.35369,49.12074],[2.3534,49.12039],[2.35315,49.1202],[2.3529,49.12006],[2.35259,49.11998],[2.35202,49.1199],[2.35162,49.1198],[2.35128,49.11953],[2.35108,49.11942],[2.35086,49.11908],[2.35066,49.11888],[2.35056,49.11886],[2.3503,49.11889],[2.35017,49.11874],[2.34985,49.11859],[2.34934,49.11823],[2.34916,49.11803],[2.34928,49.11766],[2.34888,49.11691],[2.34858,49.11655],[2.34781,49.11504],[2.34749,49.11434],[2.34737,49.11371],[2.34722,49.11339],[2.34664,49.11287],[2.34614,49.11262],[2.34554,49.11226],[2.3454,49.11212]],[[2.33832,49.11577],[2.33886,49.11575],[2.33917,49.11579],[2.3395,49.11579],[2.33974,49.11585],[2.34013,49.11598],[2.34042,49.11615],[2.34054,49.11617],[2.3407,49.11631],[2.3409,49.1164],[2.341,49.11653],[2.34146,49.11673],[2.3416,49.11683],[2.34179,49.11684],[2.34234,49.11707],[2.34245,49.11695],[2.34255,49.11692],[2.34296,49.11694],[2.34358,49.11705],[2.3437,49.1171],[2.34265,49.11713],[2.34234,49.11707],[2.34183,49.11739],[2.34149,49.11747],[2.34116,49.1175],[2.34082,49.11749],[2.34052,49.11753],[2.34013,49.11743],[2.33961,49.11753],[2.33894,49.1176],[2.33795,49.11744],[2.33765,49.11742]],[[2.34249,49.11874],[2.34282,49.11875],[2.34367,49.11869],[2.34405,49.11863],[2.34456,49.11891],[2.34465,49.11894],[2.34483,49.11893],[2.34508,49.119],[2.34539,49.11899],[2.34553,49.11915],[2.34656,49.11948],[2.348,49.11969],[2.35022,49.11968],[2.3508,49.1197],[2.35106,49.11976],[2.35132,49.11973],[2.35159,49.11978]],[[2.34916,49.11803],[2.34887,49.11794],[2.3485,49.11789],[2.34806,49.11779],[2.34664,49.11759],[2.34608,49.11747],[2.34567,49.11733],[2.34544,49.11731],[2.34504,49.11734],[2.34482,49.11731],[2.34435,49.11719],[2.3437,49.1171]]]}},
{"type":"Feature","properties":{"NOM":"Le Ru à Lin","ETAT":2,"CODE_MODIF":0,"DATE_MODIF":null,"MODIFICATI":null,"RAPPORT_UR":null,"ID_NOM":"N0027","ID_TRONCON":"T1233","ID_COURSDE":"N0027T1233","ORIGINE1":"SCAN25","BCAE":"non","ZNT":"oui"},"geometry":{"type":"LineString","coordinates":[[1.98153,49.15434],[1.98124,49.15411],[1.98072,49.15379],[1.98046,49.15356],[1.98037,49.15343],[1.98027,49.15316],[1.98016,49.1526],[1.98004,49.15239],[1.97986,49.15218],[1.97981,49.15207],[1.9798,49.15183],[1.97929,49.15164],[1.97902,49.15169],[1.97826,49.15147],[1.97784,49.15131],[1.97325,49.14905],[1.97315,49.14894],[1.97288,49.1488],[1.97271,49.14874],[1.97216,49.14794]]}},
{"type":"Feature","properties":{"NOM":"Le Ru à Lin","ETAT":0,"CODE_MODIF":5,"DATE_MODIF":"2010-11-10","MODIFICATI":"SUPPRESSION","RAPPORT_UR":null,"ID_NOM":"N0027","ID_TRONCON":"T1234","ID_COURSDE":"N0027T1234","ORIGINE1":"TERRAIN","BCAE":"non","ZNT":"non"},"geometry":{"type":"LineString","coordinates":[[1.9721,49.14785],[1.9688,49.14574],[1.96845,49.1457],[1.96789,49.14575],[1.96671,49.14616],[1.96786,49.14678]]}},
{"type":"Feature","properties":{"NOM":"Le Ru à Lin","ETAT":2,"CODE_MODIF":0,"DATE_MODIF":null,"MODIFICATI":null,"RAPPORT_UR":null,"ID_NOM":"N0027","ID_TRONCON":"T1235","ID_COURSDE":"N0027T1235","ORIGINE1":"SCAN25","BCAE":"non","ZNT":"oui"},"geometry":{"type":"LineString","coordinates":[[1.96609,49.14619],[1.96433,49.14629],[1.96339,49.14641],[1.9626,49.14659],[1.96186,49.14682],[1.9606,49.1473],[1.95995,49.14751],[1.95902,49.1477],[1.9581,49.14775],[1.95719,49.14769],[1.95645,49.14756],[1.95565,49.14731],[1.95489,49.14694],[1.95464,49.14677],[1.95444,49.14674],[1.95436,49.14669],[1.95285,49.14547],[1.95259,49.14529],[1.95195,49.14493],[1.95159,49.14478],[1.95095,49.14457],[1.95008,49.14439],[1.9495,49.1443],[1.94888,49.14428],[1.94874,49.14425],[1.94777,49.14432],[1.94605,49.14468],[1.94526,49.14477],[1.94481,49.14477],[1.94285,49.14466],[1.94207,49.14472],[1.94125,49.14489],[1.94117,49.14496],[1.94118,49.14503],[1.94093,49.1451],[1.94085,49.14518],[1.94048,49.14532],[1.93998,49.14556],[1.93989,49.14552],[1.93968,49.14554],[1.93957,49.14562],[1.93896,49.14556],[1.93898,49.14183],[1.93906,49.14138],[1.93886,49.14136],[1.93863,49.14136],[1.93836,49.14107],[1.93823,49.14104]]}},
{"type":"Feature","properties":{"NOM":"Le Ru à Lin","ETAT":3,"CODE_MODIF":3,"DATE_MODIF":"2010-11-10","MODIFICATI":"TRACÉ","RAPPORT_UR":null,"ID_NOM":"N0027","ID_TRONCON":"T1236","ID_COURSDE":"N0027T1236","ORIGINE1":"TERRAIN","BCAE":"non","ZNT":"oui"},"geometry":{"type":"LineString","coordinates":[[1.97217,49.14793],[1.97206,49.14776],[1.97297,49.14741],[1.97112,49.14588],[1.97058,49.14591],[1.96882,49.14573]]}},
{"type":"Feature","properties":{"NOM":"Le Ru à Lin","ETAT":3,"CODE_MODIF":3,"DATE_MODIF":"2010-11-10","MODIFICATI":"TRACÉ","RAPPORT_UR":null,"ID_NOM":"N0027","ID_TRONCON":"T1237","ID_COURSDE":"N0027T1237","ORIGINE1":"TERRAIN","BCAE":"non","ZNT":"oui"},"geometry":{"type":"LineString","coordinates":[[1.96608,49.14618],[1.96678,49.14616]]}},
{"type":"Feature","properties":{"NOM":"Le Ru à Lin","ETAT":2,"CODE_MODIF":3,"DATE_MODIF":"2010-11-10","MODIFICATI":"TRACÉ","RAPPORT_UR":null,"ID_NOM":"N0027","ID_TRONCON":"T1238","ID_COURSDE":"N0027T1238","ORIGINE1":"TERRAIN","BCAE":"non","ZNT":"oui"},"geometry":{"type":"LineString","coordinates":[[1.96678,49.14616],[1.96801,49.14573],[1.96843,49.1457],[1.96882,49.14573]]}},
{"type":"Feature","properties":{"NOM":"Sans nom","ETAT":2,"CODE_MODIF":0,"DATE_MODIF":null,"MODIFICATI":null,"RAPPORT_UR":null,"ID_NOM":"N9999","ID_TRONCON":"T1239","ID_COURSDE":"N9999T1239","ORIGINE1":"SCAN25","BCAE":"non","ZNT":"oui"},"geometry":{"type":"LineString","coordinates":[[2.346,49.13762],[2.34489,49.1377],[2.34489,49.13779],[2.34484,49.13782],[2.34307,49.13808],[2.34224,49.13832],[2.33992,49.13906],[2.33969,49.13971],[2.33895,49.14063],[2.33737,49.14207],[2.33696,49.14241],[2.33676,49.14251],[2.33666,49.14289],[2.33627,49.14308]]}},
{"type":"Feature","properties":{"NOM":"Sans nom","ETAT":1,"CODE_MODIF":1,"DATE_MODIF":"2010-11-24","MODIFICATI":"ETAT 2 EN 1","RAPPORT_UR":"\\\\Sbl95-03\\gb_cons\\EAU\\N_MASSE_EAU\\L_COURS_DEAU_L_095\\N9999T1240.doc","ID_NOM":"N9999","ID_TRONCON":"T1240","ID_COURSDE":"N9999T1240","ORIGINE1":"TERRAIN","BCAE":"oui","ZNT":"oui"},"geometry":{"type":"LineString","coordinates":[[2.33627,49.14308],[2.33594,49.14322],[2.33597,49.14336],[2.33595,49.1434],[2.33588,49.14342],[2.33579,49.14337],[2.3357,49.14318],[2.33561,49.14314],[2.33554,49.14317],[2.33548,49.14331],[2.33511,49.1433],[2.33457,49.14375]]}},
{"type":"Feature","properties":{"NOM":"Ru de la Fontaine Plamond","ETAT":1,"CODE_MODIF":0,"DATE_MODIF":null,"MODIFICATI":null,"RAPPORT_UR":null,"ID_NOM":"N0071","ID_TRONCON":"T1241","ID_COURSDE":"N0071T1241","ORIGINE1":"SCAN25","BCAE":"oui","ZNT":"oui"},"geometry":{"type":"LineString","coordinates":[[2.42607,48.9716],[2.42549,48.9714],[2.42526,48.97136],[2.4244,48.97093],[2.4241,48.97067],[2.42376,48.97051],[2.42341,48.97039]]}},
{"type":"Feature","properties":{"NOM":"Ru de la Fontaine Plamond","ETAT":0,"CODE_MODIF":5,"DATE_MODIF":"2010-06-05","MODIFICATI":"SUPPRESSION","RAPPORT_UR":"\\\\Sbl95-03\\gb_cons\\EAU\\N_MASSE_EAU\\L_COURS_DEAU_L_095\\Multi_0005.jpg","ID_NOM":"N0071","ID_TRONCON":"T1242","ID_COURSDE":"N0071T1242","ORIGINE1":"TERRAIN","BCAE":"non","ZNT":"non"},"geometry":{"type":"LineString","coordinates":[[2.42341,48.97039],[2.42298,48.97032],[2.42267,48.9703],[2.42237,48.97024],[2.42188,48.97007],[2.42064,48.96949],[2.42034,48.96928],[2.41903,48.96786],[2.41896,48.96762],[2.41837,48.96678],[2.41821,48.96661],[2.41801,48.96617],[2.41792,48.96607],[2.41782,48.96578],[2.41773,48.96533],[2.41771,48.96471],[2.41788,48.96437],[2.41792,48.96404],[2.41811,48.96357],[2.41884,48.96287]]}},
{"type":"Feature","properties":{"NOM":"Ru de la Fontaine Plamond","ETAT":1,"CODE_MODIF":3,"DATE_MODIF":"2010-06-05","MODIFICATI":"TRACÉ","RAPPORT_UR":"\\\\Sbl95-03\\gb_cons\\EAU\\N_MASSE_EAU\\L_COURS_DEAU_L_095\\Multi_0005.jpg","ID_NOM":"N0071","ID_TRONCON":"T1243","ID_COURSDE":"N0071T1243","ORIGINE1":"TERRAIN","BCAE":"oui","ZNT":"oui"},"geometry":{"type":"LineString","coordinates":[[2.41838,48.9629],[2.4186,48.96292],[2.41884,48.96287],[2.41921,48.96229],[2.41924,48.96212],[2.41917,48.96199],[2.41878,48.96157],[2.41873,48.96142]]}},
{"type":"Feature","properties":{"NOM":"Ru de la Fontaine Plamond","ETAT":1,"CODE_MODIF":3,"DATE_MODIF":"2010-06-05","MODIFICATI":"TRACÉ","RAPPORT_UR":"\\\\Sbl95-03\\gb_cons\\EAU\\N_MASSE_EAU\\L_COURS_DEAU_L_095\\Multi_0005.jpg","ID_NOM":"N0071","ID_TRONCON":"T1244","ID_COURSDE":"N0071T1244","ORIGINE1":"TERRAIN","BCAE":"oui","ZNT":"oui"},"geometry":{"type":"LineString","coordinates":[[2.42339,48.97039],[2.42261,48.97108],[2.42237,48.97118],[2.42204,48.97102],[2.42175,48.97094],[2.42113,48.97068],[2.42104,48.97043],[2.4209,48.97023],[2.42002,48.96961],[2.41945,48.9691],[2.41855,48.96803],[2.41775,48.967],[2.41734,48.96628],[2.41712,48.96529],[2.41711,48.96472],[2.41713,48.96442],[2.41745,48.96331],[2.41762,48.9629],[2.41772,48.96285],[2.41788,48.96286]]}},
{"type":"Feature","properties":{"NOM":"Ru de la Fontaine Plamond","ETAT":1,"CODE_MODIF":3,"DATE_MODIF":"2010-06-05","MODIFICATI":"TRACÉ","RAPPORT_UR":"\\\\Sbl95-03\\gb_cons\\EAU\\N_MASSE_EAU\\L_COURS_DEAU_L_095\\Multi_0005.jpg","ID_NOM":"N0071","ID_TRONCON":"T1245","ID_COURSDE":"N0071T1245","ORIGINE1":"TERRAIN","BCAE":"oui","ZNT":"oui"},"geometry":{"type":"LineString","coordinates":[[2.41788,48.96286],[2.41838,48.9629]]}},
{"type":"Feature","properties":{"NOM":"Le Ru d'Arnoye","ETAT":2,"CODE_MODIF":0,"DATE_MODIF":null,"MODIFICATI":null,"RAPPORT_UR":null,"ID_NOM":"N0106","ID_TRONCON":"T1246","ID_COURSDE":"N0106T1246","ORIGINE1":"SCAN25","BCAE":"non","ZNT":"oui"},"geometry":{"type":"LineString","coordinates":[[1.99272,49.16359],[1.99267,49.16374],[1.99274,49.16386],[1.99299,49.16407],[1.99312,49.16423],[1.99343,49.16475],[1.99345,49.16492],[1.99337,49.16544],[1.99352,49.16581],[1.99389,49.16652],[1.99407,49.1668],[1.99447,49.16723],[1.99442,49.16739],[1.99565,49.16892],[1.99625,49.16995]]}},
{"type":"Feature","properties":{"NOM":"Le Ru d'Arnoye","ETAT":1,"CODE_MODIF":1,"DATE_MODIF":"2010-12-06","MODIFICATI":"ETAT 2 EN 1","RAPPORT_UR":"\\\\Sbl95-03\\gb_cons\\EAU\\N_MASSE_EAU\\L_COURS_DEAU_L_095\\Multi_0007.doc","ID_NOM":"N0106","ID_TRONCON":"T1247","ID_COURSDE":"N0106T1247","ORIGINE1":"TERRAIN","BCAE":"oui","ZNT":"oui"},"geometry":{"type":"LineString","coordinates":[[1.99625,49.16995],[1.99604,49.17009],[1.99511,49.17097],[1.99473,49.17123],[1.99455,49.17158],[1.99441,49.17172],[1.99426,49.17183],[1.99298,49.17234],[1.99226,49.17305],[1.99094,49.17417],[1.99075,49.17446],[1.99047,49.17687],[1.98958,49.17732],[1.98878,49.17786],[1.98904,49.17843],[1.98904,49.17851],[1.98817,49.17899],[1.9872,49.17931],[1.98546,49.17963],[1.98483,49.17968],[1.98416,49.17977],[1.98389,49.17983],[1.98371,49.17991],[1.98357,49.18001],[1.98317,49.18017],[1.98274,49.18055],[1.98262,49.1807],[1.98244,49.18105],[1.98222,49.18129],[1.98222,49.1814],[1.98241,49.18154],[1.98243,49.18164],[1.98141,49.18169],[1.98027,49.18194],[1.98006,49.18203],[1.97986,49.18216],[1.97933,49.18234],[1.97895,49.18254],[1.97777,49.18275],[1.97662,49.1833],[1.9754,49.18367],[1.97502,49.18364],[1.97471,49.18356],[1.97444,49.1836],[1.97398,49.1838],[1.97383,49.18382],[1.97362,49.18391]]}},
{"type":"Feature","properties":{"NOM":"le Ru de Breuil","ETAT":3,"CODE_MODIF":3,"DATE_MODIF":"2010-12-07","MODIFICATI":"TRACÉ","RAPPORT_UR":"\\\\Sbl95-03\\gb_cons\\EAU\\N_MASSE_EAU\\L_COURS_DEAU_L_095\\Multi_0004.doc","ID_NOM":"N0107","ID_TRONCON":"T1248","ID_COURSDE":"N0107T1248","ORIGINE1":"TERRAIN","BCAE":"non","ZNT":"oui"},"geometry":{"type":"LineString","coordinates":[[1.72233,49.21603],[1.72262,49.21605]]}},
{"type":"Feature","properties":{"NOM":"le Ru de Breuil","ETAT":1,"CODE_MODIF":3,"DATE_MODIF":"2010-12-07","MODIFICATI":"TRACÉ","RAPPORT_UR":"\\\\Sbl95-03\\gb_cons\\EAU\\N_MASSE_EAU\\L_COURS_DEAU_L_095\\Multi_0004.doc","ID_NOM":"N0107","ID_TRONCON":"T1249","ID_COURSDE":"N0107T1249","ORIGINE1":"TERRAIN","BCAE":"oui","ZNT":"oui"},"geometry":{"type":"LineString","coordinates":[[1.72262,49.21605],[1.72291,49.2158],[1.72318,49.21575],[1.72346,49.21564]]}},
{"type":"Feature","properties":{"NOM":"Ru de la Gargouille","ETAT":1,"CODE_MODIF":3,"DATE_MODIF":"2010-12-07","MODIFICATI":"TRACÉ","RAPPORT_UR":"\\\\Sbl95-03\\gb_cons\\EAU\\N_MASSE_EAU\\L_COURS_DEAU_L_095\\Multi_0007.doc","ID_NOM":"N0108","ID_TRONCON":"T1250","ID_COURSDE":"N0108T1250","ORIGINE1":"TERRAIN","BCAE":"oui","ZNT":"oui"},"geometry":{"type":"LineString","coordinates":[[1.63928,49.11226],[1.63612,49.11295],[1.63318,49.11103]]}},
{"type":"Feature","properties":{"NOM":"Le Ru de la Fontaine des Dours","ETAT":1,"CODE_MODIF":1,"DATE_MODIF":"2010-12-08","MODIFICATI":"ETAT 2 EN 1","RAPPORT_UR":"\\\\Sbl95-03\\gb_cons\\EAU\\N_MASSE_EAU\\L_COURS_DEAU_L_095\\Multi_0007.doc","ID_NOM":"N0109","ID_TRONCON":"T1251","ID_COURSDE":"N0109T1251","ORIGINE1":"TERRAIN","BCAE":"oui","ZNT":"oui"},"geometry":{"type":"LineString","coordinates":[[1.68883,49.12417],[1.68887,49.12446],[1.6888,49.12486],[1.68872,49.12498],[1.68876,49.12511]]}},
{"type":"Feature","properties":{"NOM":"Le Ru de la Fontaine des Dours","ETAT":3,"CODE_MODIF":4,"DATE_MODIF":"2010-12-08","MODIFICATI":"ETAT 1 EN 3","RAPPORT_UR":"\\\\Sbl95-03\\gb_cons\\EAU\\N_MASSE_EAU\\L_COURS_DEAU_L_095\\Multi_0007.doc","ID_NOM":"N0109","ID_TRONCON":"T1252","ID_COURSDE":"N0109T1252","ORIGINE1":"TERRAIN","BCAE":"non","ZNT":"oui"},"geometry":{"type":"LineString","coordinates":[[1.6888,49.1241],[1.68883,49.12417]]}},
{"type":"Feature","properties":{"NOM":"Le Ru de la Fontaine des Dours","ETAT":1,"CODE_MODIF":1,"DATE_MODIF":"2010-12-08","MODIFICATI":"ETAT 2 EN 1","RAPPORT_UR":"\\\\Sbl95-03\\gb_cons\\EAU\\N_MASSE_EAU\\L_COURS_DEAU_L_095\\Multi_0007.doc","ID_NOM":"N0109","ID_TRONCON":"T1253","ID_COURSDE":"N0109T1253","ORIGINE1":"TERRAIN","BCAE":"oui","ZNT":"oui"},"geometry":{"type":"LineString","coordinates":[[1.68887,49.12257],[1.68883,49.12275],[1.68854,49.12317],[1.68855,49.1234],[1.68868,49.12386],[1.6888,49.1241]]}},
{"type":"Feature","properties":{"NOM":"Le Ru de la Fontaine des Dours","ETAT":3,"CODE_MODIF":4,"DATE_MODIF":"2010-12-08","MODIFICATI":"ETAT 1 EN 3","RAPPORT_UR":"\\\\Sbl95-03\\gb_cons\\EAU\\N_MASSE_EAU\\L_COURS_DEAU_L_095\\Multi_0007.doc","ID_NOM":"N0109","ID_TRONCON":"T1254","ID_COURSDE":"N0109T1254","ORIGINE1":"TERRAIN","BCAE":"non","ZNT":"oui"},"geometry":{"type":"LineString","coordinates":[[1.68891,49.12249],[1.68887,49.12257]]}},
{"type":"Feature","properties":{"NOM":"Le Ru de la Fontaine des Dours","ETAT":1,"CODE_MODIF":1,"DATE_MODIF":"2010-12-08","MODIFICATI":"ETAT 2 EN 1","RAPPORT_UR":"\\\\Sbl95-03\\gb_cons\\EAU\\N_MASSE_EAU\\L_COURS_DEAU_L_095\\Multi_0007.doc","ID_NOM":"N0109","ID_TRONCON":"T1255","ID_COURSDE":"N0109T1255","ORIGINE1":"TERRAIN","BCAE":"oui","ZNT":"oui"},"geometry":{"type":"LineString","coordinates":[[1.68893,49.12229],[1.68891,49.12249]]}},
{"type":"Feature","properties":{"NOM":"Le Ru de la Fontaine des Dours","ETAT":3,"CODE_MODIF":4,"DATE_MODIF":"2010-12-08","MODIFICATI":"ETAT 1 EN 3","RAPPORT_UR":"\\\\Sbl95-03\\gb_cons\\EAU\\N_MASSE_EAU\\L_COURS_DEAU_L_095\\Multi_0007.doc","ID_NOM":"N0109","ID_TRONCON":"T1256","ID_COURSDE":"N0109T1256","ORIGINE1":"TERRAIN","BCAE":"non","ZNT":"oui"},"geometry":{"type":"LineString","coordinates":[[1.68891,49.12216],[1.68893,49.12229]]}},
{"type":"Feature","properties":{"NOM":"Le Ru de la Fontaine des Dours","ETAT":1,"CODE_MODIF":1,"DATE_MODIF":"2010-12-08","MODIFICATI":"ETAT 2 EN 1","RAPPORT_UR":"\\\\Sbl95-03\\gb_cons\\EAU\\N_MASSE_EAU\\L_COURS_DEAU_L_095\\Multi_0007.doc","ID_NOM":"N0109","ID_TRONCON":"T1257","ID_COURSDE":"N0109T1257","ORIGINE1":"TERRAIN","BCAE":"oui","ZNT":"oui"},"geometry":{"type":"LineString","coordinates":[[1.6888,49.12184],[1.68891,49.12216]]}},
{"type":"Feature","properties":{"NOM":"Le Ru de la Fontaine des Dours","ETAT":3,"CODE_MODIF":4,"DATE_MODIF":"2010-12-08","MODIFICATI":"ETAT 1 EN 3","RAPPORT_UR":"\\\\Sbl95-03\\gb_cons\\EAU\\N_MASSE_EAU\\L_COURS_DEAU_L_095\\Multi_0007.doc","ID_NOM":"N0109","ID_TRONCON":"T1258","ID_COURSDE":"N0109T1258","ORIGINE1":"TERRAIN","BCAE":"non","ZNT":"oui"},"geometry":{"type":"LineString","coordinates":[[1.68874,49.12164],[1.6888,49.12184]]}},
{"type":"Feature","properties":{"NOM":"Le Ru de la Fontaine des Dours","ETAT":1,"CODE_MODIF":1,"DATE_MODIF":"2010-12-08","MODIFICATI":"ETAT 2 EN 1","RAPPORT_UR":"\\\\Sbl95-03\\gb_cons\\EAU\\N_MASSE_EAU\\L_COURS_DEAU_L_095\\Multi_0007.doc","ID_NOM":"N0109","ID_TRONCON":"T1259","ID_COURSDE":"N0109T1259","ORIGINE1":"TERRAIN","BCAE":"oui","ZNT":"oui"},"geometry":{"type":"LineString","coordinates":[[1.68833,49.1213],[1.68874,49.12164]]}},
{"type":"Feature","properties":{"NOM":"Le Ru de la Fontaine des Dours","ETAT":1,"CODE_MODIF":1,"DATE_MODIF":"2010-12-08","MODIFICATI":"ETAT 2 EN 1","RAPPORT_UR":"\\\\Sbl95-03\\gb_cons\\EAU\\N_MASSE_EAU\\L_COURS_DEAU_L_095\\Multi_0007.doc","ID_NOM":"N0109","ID_TRONCON":"T1260","ID_COURSDE":"N0109T1260","ORIGINE1":"TERRAIN","BCAE":"oui","ZNT":"oui"},"geometry":{"type":"LineString","coordinates":[[1.6875,49.11574],[1.68735,49.11584],[1.68723,49.11599],[1.68686,49.11622],[1.6867,49.11628],[1.68663,49.1164],[1.68668,49.11652],[1.68686,49.11666],[1.68707,49.11692],[1.68701,49.1171],[1.68672,49.11761],[1.68666,49.11787],[1.68667,49.11844],[1.68695,49.11911],[1.68704,49.11924],[1.6875,49.11963],[1.68764,49.11982],[1.6884,49.12113]]}},
{"type":"Feature","properties":{"NOM":"Le Ru de la Fontaine des Dours","ETAT":3,"CODE_MODIF":4,"DATE_MODIF":"2010-12-08","MODIFICATI":"ETAT 1 EN 3","RAPPORT_UR":"\\\\Sbl95-03\\gb_cons\\EAU\\N_MASSE_EAU\\L_COURS_DEAU_L_095\\Multi_0007.doc","ID_NOM":"N0109","ID_TRONCON":"T1261","ID_COURSDE":"N0109T1261","ORIGINE1":"TERRAIN","BCAE":"non","ZNT":"oui"},"geometry":{"type":"LineString","coordinates":[[1.6884,49.12113],[1.68833,49.1213]]}},
{"type":"Feature","properties":{"NOM":"Sans nom","ETAT":0,"CODE_MODIF":5,"DATE_MODIF":"2010-11-10","MODIFICATI":"SUPPRESSION","RAPPORT_UR":"\\\\Sbl95-03\\gb_cons\\EAU\\N_MASSE_EAU\\L_COURS_DEAU_L_095\\Multi_0007.doc","ID_NOM":"N9999","ID_TRONCON":"T1262","ID_COURSDE":"N9999T1262","ORIGINE1":"TERRAIN","BCAE":"non","ZNT":"non"},"geometry":{"type":"LineString","coordinates":[[1.94381,49.134],[1.9436,49.13396],[1.94345,49.13387],[1.94347,49.13368],[1.94362,49.13342],[1.94363,49.13323]]}},
{"type":"Feature","properties":{"NOM":"Viosne","ETAT":0,"CODE_MODIF":5,"DATE_MODIF":"2010-12-10","MODIFICATI":"SUPPRESSION","RAPPORT_UR":"\\\\Sbl95-03\\gb_cons\\EAU\\N_MASSE_EAU\\L_COURS_DEAU_L_095\\Multi_0007.doc","ID_NOM":"N0089","ID_TRONCON":"T1263","ID_COURSDE":"N0089T1263","ORIGINE1":"TERRAIN","BCAE":"non","ZNT":"non"},"geometry":{"type":"LineString","coordinates":[[1.9484,49.12605],[1.94866,49.12602],[1.94903,49.12593],[1.94917,49.12582]]}},
{"type":"Feature","properties":{"NOM":"La Gouline","ETAT":1,"CODE_MODIF":3,"DATE_MODIF":"2010-12-10","MODIFICATI":"TRACÉ","RAPPORT_UR":"\\\\Sbl95-03\\gb_cons\\EAU\\N_MASSE_EAU\\L_COURS_DEAU_L_095\\Multi_0007.doc","ID_NOM":"N0110","ID_TRONCON":"T1264","ID_COURSDE":"N0110T1264","ORIGINE1":"TERRAIN","BCAE":"oui","ZNT":"oui"},"geometry":{"type":"LineString","coordinates":[[1.93074,49.13017],[1.9307,49.12993],[1.93097,49.12967],[1.93122,49.12965],[1.93168,49.12974],[1.93212,49.12969],[1.93244,49.12956],[1.93244,49.1294],[1.93273,49.12906],[1.93319,49.12864],[1.93391,49.12826],[1.93422,49.12795],[1.93452,49.12774],[1.93507,49.12745],[1.93524,49.12732],[1.93534,49.12705],[1.93574,49.12684],[1.93584,49.12667],[1.93588,49.12644],[1.93613,49.12633],[1.93627,49.12603],[1.93731,49.12521],[1.93796,49.12516]]}},
{"type":"Feature","properties":{"NOM":"Sans nom","ETAT":2,"CODE_MODIF":0,"DATE_MODIF":null,"MODIFICATI":null,"RAPPORT_UR":null,"ID_NOM":"N9999","ID_TRONCON":"T1265","ID_COURSDE":"N9999T1265","ORIGINE1":"SCAN25","BCAE":"non","ZNT":"oui"},"geometry":{"type":"LineString","coordinates":[[1.65951,49.14826],[1.66003,49.14816],[1.66185,49.14769],[1.66371,49.14701],[1.66504,49.14646]]}},
{"type":"Feature","properties":{"NOM":"Sans nom","ETAT":0,"CODE_MODIF":5,"DATE_MODIF":"2010-12-21","MODIFICATI":"SUPPRESSION","RAPPORT_UR":"\\\\Sbl95-03\\gb_cons\\EAU\\N_MASSE_EAU\\L_COURS_DEAU_L_095\\N9999T1266.jpg","ID_NOM":"N9999","ID_TRONCON":"T1266","ID_COURSDE":"N9999T1266","ORIGINE1":"TERRAIN","BCAE":"non","ZNT":"non"},"geometry":{"type":"LineString","coordinates":[[1.66504,49.14646],[1.66654,49.14582],[1.6668,49.14568],[1.66719,49.14517]]}},
{"type":"Feature","properties":{"NOM":"Sans nom","ETAT":1,"CODE_MODIF":3,"DATE_MODIF":"2010-12-21","MODIFICATI":"TRACÉ","RAPPORT_UR":"\\\\Sbl95-03\\gb_cons\\EAU\\N_MASSE_EAU\\L_COURS_DEAU_L_095\\Multi_0009.jpg","ID_NOM":"N9999","ID_TRONCON":"T1267","ID_COURSDE":"N9999T1267","ORIGINE1":"TERRAIN","BCAE":"oui","ZNT":"oui"},"geometry":{"type":"LineString","coordinates":[[1.78664,49.15838],[1.78599,49.15789],[1.78604,49.15753],[1.78569,49.15749]]}},
{"type":"Feature","properties":{"NOM":"Sans nom","ETAT":2,"CODE_MODIF":3,"DATE_MODIF":"2010-12-21","MODIFICATI":"TRACÉ","RAPPORT_UR":"\\\\Sbl95-03\\gb_cons\\EAU\\N_MASSE_EAU\\L_COURS_DEAU_L_095\\Multi_0009.jpg","ID_NOM":"N9999","ID_TRONCON":"T1268","ID_COURSDE":"N9999T1268","ORIGINE1":"TERRAIN","BCAE":"non","ZNT":"oui"},"geometry":{"type":"LineString","coordinates":[[1.78569,49.15749],[1.78458,49.15727]]}},
{"type":"Feature","properties":{"NOM":"Sans nom","ETAT":2,"CODE_MODIF":3,"DATE_MODIF":"2011-01-17","MODIFICATI":"TRACÉ","RAPPORT_UR":null,"ID_NOM":"N9999","ID_TRONCON":"T1269","ID_COURSDE":"N9999T1269","ORIGINE1":"TERRAIN","BCAE":"oui","ZNT":"oui"},"geometry":{"type":"LineString","coordinates":[[1.75801,49.07358],[1.75831,49.07379],[1.75852,49.07385],[1.75869,49.074],[1.7591,49.0742],[1.75939,49.07424],[1.75957,49.07439],[1.76011,49.07431],[1.7604,49.07461],[1.7607,49.07472],[1.76103,49.07492],[1.76148,49.0751]]}},
{"type":"Feature","properties":{"NOM":"le Ru de l'Aunay","ETAT":1,"CODE_MODIF":1,"DATE_MODIF":"2012-02-21","MODIFICATI":"ETAT 2 EN 1","RAPPORT_UR":null,"ID_NOM":"N0111","ID_TRONCON":"T1270","ID_COURSDE":"N0111T1270","ORIGINE1":"TERRAIN","BCAE":"oui","ZNT":"oui"},"geometry":{"type":"LineString","coordinates":[[1.72597,49.2202],[1.72531,49.22003],[1.7244,49.22004],[1.72403,49.22008],[1.72352,49.2202],[1.72327,49.22029],[1.72293,49.22035],[1.72229,49.22055],[1.72191,49.2206],[1.72123,49.22082],[1.72061,49.22093],[1.72011,49.22105],[1.7195,49.22136],[1.71915,49.22146],[1.71873,49.22167],[1.7185,49.22189],[1.71768,49.22203]]}},
{"type":"Feature","properties":{"NOM":"le Ru de Breuil","ETAT":1,"CODE_MODIF":1,"DATE_MODIF":"2010-12-07","MODIFICATI":"ETAT 2 EN 1","RAPPORT_UR":"\\\\Sbl95-03\\gb_cons\\EAU\\N_MASSE_EAU\\L_COURS_DEAU_L_095\\Multi_0007.doc","ID_NOM":"N0107","ID_TRONCON":"T1271","ID_COURSDE":"N0107T1271","ORIGINE1":"TERRAIN","BCAE":"oui","ZNT":"oui"},"geometry":{"type":"LineString","coordinates":[[1.72232,49.21603],[1.72198,49.21638],[1.72172,49.21684],[1.72158,49.21738],[1.72156,49.21767],[1.72167,49.21794],[1.7217,49.21821],[1.72187,49.2186],[1.72205,49.2188]]}},
{"type":"Feature","properties":{"NOM":"le Ru de Breuil","ETAT":1,"CODE_MODIF":0,"DATE_MODIF":null,"MODIFICATI":null,"RAPPORT_UR":null,"ID_NOM":"N0107","ID_TRONCON":"T1272","ID_COURSDE":"N0107T1272","ORIGINE1":"SCAN25","BCAE":"oui","ZNT":"oui"},"geometry":{"type":"LineString","coordinates":[[1.70604,49.22947],[1.70623,49.22953],[1.70642,49.22968],[1.70811,49.22919]]}},
{"type":"Feature","properties":{"NOM":"Le Ru de Presles","ETAT":0,"CODE_MODIF":5,"DATE_MODIF":"2011-02-01","MODIFICATI":"SUPPRESSION","RAPPORT_UR":null,"ID_NOM":"N0112","ID_TRONCON":"T1274","ID_COURSDE":"N0112T1274","ORIGINE1":"TERRAIN","BCAE":"non","ZNT":"non"},"geometry":{"type":"LineString","coordinates":[[2.35617,49.08456],[2.35673,49.08455],[2.35836,49.0847],[2.35956,49.08486],[2.35964,49.08493],[2.35979,49.08496],[2.36154,49.08514],[2.36241,49.08519],[2.36371,49.08521],[2.36383,49.0852],[2.36409,49.08511],[2.36504,49.08544],[2.36552,49.08507],[2.36681,49.08432],[2.36652,49.08405],[2.366,49.08342],[2.3659,49.08304],[2.36626,49.08194],[2.36629,49.08161],[2.36732,49.08085],[2.36832,49.08069],[2.3708,49.08072],[2.37115,49.08062],[2.37172,49.08055],[2.3734,49.0806],[2.37337,49.08089],[2.37365,49.081],[2.37401,49.08095],[2.37426,49.08131],[2.37476,49.08156],[2.37542,49.08201],[2.37598,49.08215],[2.37682,49.08279],[2.37688,49.0828],[2.37765,49.08336],[2.37855,49.08372],[2.3795,49.08425],[2.38087,49.0848],[2.38123,49.08488],[2.38168,49.08509],[2.38233,49.08525],[2.38354,49.08544],[2.38461,49.08512],[2.38477,49.0851],[2.38498,49.08516],[2.3855,49.08517],[2.38593,49.08495],[2.38797,49.08467],[2.38846,49.08457],[2.38906,49.08459],[2.39006,49.08484],[2.3907,49.08483],[2.39345,49.08599],[2.39394,49.08634],[2.39413,49.0866],[2.39456,49.08671],[2.39516,49.08719]]}},
{"type":"Feature","properties":{"NOM":"Ru du Marais","ETAT":2,"CODE_MODIF":3,"DATE_MODIF":"2011-03-09","MODIFICATI":"TRACÉ","RAPPORT_UR":null,"ID_NOM":"N0113","ID_TRONCON":"T1275","ID_COURSDE":"N0113T1275","ORIGINE1":"TERRAIN","BCAE":"non","ZNT":"oui"},"geometry":{"type":"LineString","coordinates":[[2.23759,49.06946],[2.23851,49.06927],[2.2387,49.06864],[2.23865,49.06746],[2.23904,49.06727],[2.23881,49.06687],[2.238,49.06627],[2.23744,49.06529]]}},
{"type":"Feature","properties":{"NOM":"Ru du Marais","ETAT":2,"CODE_MODIF":3,"DATE_MODIF":"2011-03-09","MODIFICATI":"TRACÉ","RAPPORT_UR":null,"ID_NOM":"N0113","ID_TRONCON":"T1276","ID_COURSDE":"N0113T1276","ORIGINE1":"TERRAIN","BCAE":"non","ZNT":"oui"},"geometry":{"type":"LineString","coordinates":[[2.23868,49.07394],[2.23913,49.07372]]}},
{"type":"Feature","properties":{"NOM":"Ru du Marais","ETAT":3,"CODE_MODIF":3,"DATE_MODIF":"2011-03-09","MODIFICATI":"TRACÉ","RAPPORT_UR":null,"ID_NOM":"N0113","ID_TRONCON":"T1277","ID_COURSDE":"N0113T1277","ORIGINE1":"TERRAIN","BCAE":"non","ZNT":"oui"},"geometry":{"type":"LineString","coordinates":[[2.23913,49.07372],[2.23852,49.07212],[2.23786,49.07085],[2.23759,49.06946]]}},
{"type":"Feature","properties":{"NOM":"Ru de Chaudry","ETAT":0,"CODE_MODIF":5,"DATE_MODIF":"2011-04-01","MODIFICATI":"SUPPRESSION","RAPPORT_UR":"\\\\Sbl95-03\\gb_cons\\EAU\\N_MASSE_EAU\\L_COURS_DEAU_L_095\\N0114T1278.jpg","ID_NOM":"N0114","ID_TRONCON":"T1278","ID_COURSDE":"N0114T1278","ORIGINE1":"TERRAIN","BCAE":"non","ZNT":"non"},"geometry":{"type":"LineString","coordinates":[[1.72206,49.08129],[1.72501,49.08298],[1.72553,49.08341],[1.72614,49.08385],[1.72651,49.084],[1.72692,49.08423],[1.72713,49.08443],[1.72732,49.08483],[1.72715,49.08538],[1.72776,49.08636],[1.72844,49.08693],[1.72986,49.0878],[1.73142,49.08935],[1.73307,49.09117]]}},
{"type":"Feature","properties":{"NOM":"Ru de Chaudry","ETAT":2,"CODE_MODIF":0,"DATE_MODIF":null,"MODIFICATI":null,"RAPPORT_UR":null,"ID_NOM":"N0114","ID_TRONCON":"T1279","ID_COURSDE":"N0114T1279","ORIGINE1":"SCAN25","BCAE":"oui","ZNT":"oui"},"geometry":{"type":"LineString","coordinates":[[1.71757,49.07596],[1.71784,49.07647],[1.71794,49.07654],[1.71806,49.07671],[1.71814,49.07707],[1.71849,49.07768],[1.71857,49.07801],[1.71834,49.07836],[1.71841,49.07844],[1.71839,49.07856],[1.71872,49.07911],[1.71894,49.07931],[1.7196,49.0796],[1.71999,49.07994],[1.72018,49.08018],[1.72096,49.08083],[1.72152,49.08111],[1.72206,49.08129]]}},
{"type":"Feature","properties":{"NOM":"Ru de Chaudry","ETAT":1,"CODE_MODIF":1,"DATE_MODIF":"2011-04-01","MODIFICATI":"ETAT 2 EN 1","RAPPORT_UR":"\\\\Sbl95-03\\gb_cons\\EAU\\N_MASSE_EAU\\L_COURS_DEAU_L_095\\N0114T1280.JPG","ID_NOM":"N0114","ID_TRONCON":"T1280","ID_COURSDE":"N0114T1280","ORIGINE1":"TERRAIN","BCAE":"oui","ZNT":"oui"},"geometry":{"type":"LineString","coordinates":[[1.71727,49.07525],[1.71741,49.07562],[1.71738,49.07581],[1.71757,49.07596]]}},
{"type":"Feature","properties":{"NOM":"Ru de Chaudry","ETAT":1,"CODE_MODIF":1,"DATE_MODIF":null,"MODIFICATI":"ETAT 2 EN 1","RAPPORT_UR":null,"ID_NOM":"N0114","ID_TRONCON":"T1281","ID_COURSDE":"N0114T1281","ORIGINE1":"TERRAIN","BCAE":"oui","ZNT":"oui"},"geometry":{"type":"LineString","coordinates":[[1.71718,49.07179],[1.71682,49.07206],[1.71664,49.07225],[1.71715,49.07418]]}},
{"type":"Feature","properties":{"NOM":"Ru de Chaudry","ETAT":3,"CODE_MODIF":7,"DATE_MODIF":"2011-04-01","MODIFICATI":"ETAT 2 EN 3","RAPPORT_UR":"\\\\Sbl95-03\\gb_cons\\EAU\\N_MASSE_EAU\\L_COURS_DEAU_L_095\\N0114T1282.JPG","ID_NOM":"N0114","ID_TRONCON":"T1282","ID_COURSDE":"N0114T1282","ORIGINE1":"TERRAIN","BCAE":"non","ZNT":"oui"},"geometry":{"type":"LineString","coordinates":[[1.71715,49.07418],[1.71733,49.07468],[1.71736,49.07519],[1.71734,49.07524],[1.71727,49.07525]]}},
{"type":"Feature","properties":{"NOM":"Sans nom","ETAT":2,"CODE_MODIF":3,"DATE_MODIF":"2011-01-17","MODIFICATI":"TRACÉ","RAPPORT_UR":"\\\\Sbl95-03\\gb_cons\\EAU\\N_MASSE_EAU\\L_COURS_DEAU_L_095\\N9999T1283.jpg","ID_NOM":"N9999","ID_TRONCON":"T1283","ID_COURSDE":"N9999T1283","ORIGINE1":"TERRAIN","BCAE":"oui","ZNT":"oui"},"geometry":{"type":"LineString","coordinates":[[1.73761,49.06089],[1.7385,49.06084],[1.7398,49.06042],[1.7406,49.05964],[1.74036,49.05917],[1.74091,49.05894]]}},
{"type":"Feature","properties":{"NOM":"Le Ru du Vieux Moutiers","ETAT":2,"CODE_MODIF":0,"DATE_MODIF":null,"MODIFICATI":null,"RAPPORT_UR":null,"ID_NOM":"N0063","ID_TRONCON":"T1284","ID_COURSDE":"N0063T1284","ORIGINE1":"SCAN25","BCAE":"non","ZNT":"oui"},"geometry":{"type":"LineString","coordinates":[[2.23351,49.07619],[2.23353,49.07601],[2.23403,49.07584],[2.23607,49.07546],[2.23645,49.07546],[2.23719,49.07477],[2.23742,49.07416],[2.23761,49.07395],[2.23791,49.07384],[2.23825,49.07383],[2.23868,49.07394],[2.23943,49.07422],[2.24085,49.07442],[2.241,49.07433],[2.24334,49.07522],[2.24377,49.07532],[2.24455,49.07542],[2.24492,49.07531],[2.24503,49.07518],[2.24434,49.07482],[2.24435,49.07456],[2.24404,49.0738],[2.24494,49.07336],[2.24607,49.07224],[2.24681,49.07157],[2.24734,49.07127],[2.24796,49.071],[2.24842,49.07076],[2.24859,49.07063],[2.24895,49.07012],[2.2491,49.07004],[2.24952,49.07],[2.24975,49.07004],[2.25105,49.07054]]}},
{"type":"Feature","properties":{"NOM":"Le Ru du Vieux Moutiers","ETAT":1,"CODE_MODIF":3,"DATE_MODIF":"2011-04-15","MODIFICATI":"TRACÉ","RAPPORT_UR":null,"ID_NOM":"N0063","ID_TRONCON":"T1285","ID_COURSDE":"N0063T1285","ORIGINE1":"TERRAIN","BCAE":"oui","ZNT":"oui"},"geometry":{"type":"MultiLineString","coordinates":[[[2.22781,49.07874],[2.228,49.07862],[2.22869,49.07845],[2.22912,49.07844],[2.22955,49.0784],[2.23063,49.07841],[2.23091,49.07834],[2.231,49.0782],[2.23112,49.0781],[2.23145,49.07791],[2.23155,49.07778],[2.23164,49.07754],[2.23181,49.07743],[2.23183,49.07733],[2.23201,49.07728],[2.23212,49.07723],[2.23238,49.07689],[2.23255,49.07678],[2.2326,49.07672],[2.23274,49.07662],[2.23277,49.07659],[2.23277,49.07659]],[[2.23277,49.07659],[2.23277,49.07659],[2.23289,49.07657],[2.2332,49.07641],[2.23349,49.07632],[2.23371,49.07615],[2.23436,49.07589],[2.2365,49.07556],[2.23684,49.07533]]]}},
{"type":"Feature","properties":{"NOM":"Sans nom","ETAT":2,"CODE_MODIF":3,"DATE_MODIF":"2011-04-15","MODIFICATI":"TRACÉ","RAPPORT_UR":null,"ID_NOM":"N9999","ID_TRONCON":"T1286","ID_COURSDE":"N9999T1286","ORIGINE1":"TERRAIN","BCAE":"non","ZNT":"oui"},"geometry":{"type":"LineString","coordinates":[[2.22929,49.07907],[2.22945,49.07905]]}},
{"type":"Feature","properties":{"NOM":"Sans nom","ETAT":1,"CODE_MODIF":3,"DATE_MODIF":"2011-04-15","MODIFICATI":"TRACÉ","RAPPORT_UR":null,"ID_NOM":"N9999","ID_TRONCON":"T1287","ID_COURSDE":"N9999T1287","ORIGINE1":"TERRAIN","BCAE":"oui","ZNT":"oui"},"geometry":{"type":"LineString","coordinates":[[2.22524,49.08155],[2.22488,49.08153],[2.22423,49.08196],[2.22394,49.08239],[2.22372,49.0834]]}},
{"type":"Feature","properties":{"NOM":"Le Ru de Moussy","ETAT":1,"CODE_MODIF":0,"DATE_MODIF":null,"MODIFICATI":null,"RAPPORT_UR":null,"ID_NOM":"N0115","ID_TRONCON":"T1288","ID_COURSDE":"N0115T1288","ORIGINE1":"SCAN25","BCAE":"oui","ZNT":"oui"},"geometry":{"type":"LineString","coordinates":[[1.91516,49.12674],[1.91659,49.12729],[1.9182,49.12773],[1.91853,49.12784],[1.91966,49.12802],[1.92055,49.12806],[1.92206,49.1282],[1.92231,49.12828],[1.92291,49.12839],[1.9231,49.12825]]}},
{"type":"Feature","properties":{"NOM":"Le Ru de Moussy","ETAT":3,"CODE_MODIF":3,"DATE_MODIF":"2011-05-20","MODIFICATI":"TRACÉ","RAPPORT_UR":null,"ID_NOM":"N0115","ID_TRONCON":"T1289","ID_COURSDE":"N0115T1289","ORIGINE1":"TERRAIN","BCAE":"non","ZNT":"oui"},"geometry":{"type":"LineString","coordinates":[[1.9231,49.12825],[1.92324,49.12828]]}},
{"type":"Feature","properties":{"NOM":"Le Ru de Moussy","ETAT":1,"CODE_MODIF":0,"DATE_MODIF":null,"MODIFICATI":null,"RAPPORT_UR":null,"ID_NOM":"N0115","ID_TRONCON":"T1290","ID_COURSDE":"N0115T1290","ORIGINE1":"SCAN25","BCAE":"oui","ZNT":"oui"},"geometry":{"type":"LineString","coordinates":[[1.92324,49.12828],[1.92331,49.12841],[1.92352,49.12853],[1.92401,49.12838],[1.9242,49.12826],[1.92449,49.12822],[1.9257,49.12863],[1.92652,49.12888],[1.92727,49.12916],[1.92804,49.12939],[1.9287,49.12967],[1.92945,49.12987],[1.93025,49.13023]]}},
{"type":"Feature","properties":{"NOM":"Ru de Presles","ETAT":1,"CODE_MODIF":0,"DATE_MODIF":null,"MODIFICATI":null,"RAPPORT_UR":null,"ID_NOM":"N0116","ID_TRONCON":"T1292","ID_COURSDE":"N0116T1292","ORIGINE1":"SCAN25","BCAE":"oui","ZNT":"oui"},"geometry":{"type":"LineString","coordinates":[[2.2628,49.13481],[2.26311,49.13472],[2.26361,49.13463],[2.26409,49.13492],[2.26448,49.13575],[2.26452,49.13582],[2.26464,49.13584],[2.26484,49.1358],[2.26487,49.13568],[2.26496,49.13556],[2.26529,49.13532],[2.26554,49.13523],[2.26604,49.13516],[2.26728,49.13519],[2.2678,49.13498],[2.26827,49.13468],[2.26865,49.13451],[2.26869,49.13441],[2.26882,49.13432],[2.26875,49.13415],[2.26907,49.13372],[2.26922,49.13367],[2.26963,49.13365],[2.26979,49.13352],[2.27,49.1335],[2.27041,49.13312],[2.27059,49.13285],[2.27088,49.13263],[2.27128,49.13165],[2.27141,49.13115],[2.27143,49.13078],[2.27128,49.13056],[2.27124,49.1304],[2.2711,49.13011],[2.27106,49.12969],[2.27094,49.12952],[2.27095,49.12902],[2.27054,49.1285],[2.27051,49.12832],[2.27054,49.12811],[2.27061,49.12801],[2.27171,49.12735],[2.27195,49.12726],[2.27218,49.12723],[2.27261,49.12725],[2.27357,49.12722],[2.2742,49.12693],[2.27428,49.12695],[2.27444,49.12712],[2.27461,49.12721],[2.2749,49.12725],[2.27505,49.12746],[2.27549,49.1275],[2.27588,49.1273],[2.27613,49.12726],[2.27628,49.12719],[2.2765,49.12719],[2.27667,49.12716],[2.27747,49.12675],[2.27758,49.12665],[2.2778,49.12652],[2.27788,49.12635],[2.27824,49.12603],[2.27848,49.12594],[2.27859,49.12583],[2.2788,49.12578],[2.27891,49.12572],[2.27962,49.12576],[2.27992,49.12563],[2.28005,49.12546],[2.28002,49.12526],[2.27966,49.12506],[2.27939,49.1247],[2.27934,49.12444],[2.27941,49.12418],[2.27926,49.12403],[2.2794,49.12393],[2.27942,49.12387],[2.2792,49.12368],[2.27927,49.12345],[2.27914,49.12321],[2.27921,49.12298],[2.27935,49.12279],[2.28039,49.12184],[2.28062,49.1218],[2.28089,49.1218],[2.28117,49.12198],[2.28141,49.12206],[2.28272,49.1222],[2.28292,49.12224],[2.28301,49.1223],[2.28316,49.12255],[2.2833,49.12267],[2.2836,49.12272],[2.28389,49.12269],[2.28408,49.12254],[2.28447,49.12238],[2.28517,49.12235],[2.2856,49.1224],[2.28602,49.12239],[2.28657,49.1223],[2.2868,49.12229],[2.28729,49.12216],[2.28736,49.12197],[2.28757,49.12181],[2.28762,49.12174],[2.28755,49.12134],[2.28773,49.12111],[2.28777,49.12092],[2.28769,49.12078],[2.28745,49.12054],[2.28742,49.1203],[2.28729,49.12015],[2.28713,49.11977],[2.28696,49.11963],[2.2869,49.11933],[2.28676,49.11909],[2.28612,49.11845],[2.28563,49.11816],[2.28513,49.118],[2.2841,49.11776],[2.28375,49.11765],[2.2837,49.11763],[2.2837,49.11751],[2.2835,49.11743],[2.28324,49.11746],[2.2837,49.11763]]}},
{"type":"Feature","properties":{"NOM":"Ru de Presles","ETAT":1,"CODE_MODIF":0,"DATE_MODIF":null,"MODIFICATI":null,"RAPPORT_UR":null,"ID_NOM":"N0116","ID_TRONCON":"T1293","ID_COURSDE":"N0116T1293","ORIGINE1":"SCAN25","BCAE":"oui","ZNT":"oui"},"geometry":{"type":"LineString","coordinates":[[2.2696,49.13367],[2.26963,49.13365]]}},
{"type":"Feature","properties":{"NOM":"Ru de Presles","ETAT":1,"CODE_MODIF":0,"DATE_MODIF":null,"MODIFICATI":null,"RAPPORT_UR":null,"ID_NOM":"N0116","ID_TRONCON":"T1294","ID_COURSDE":"N0116T1294","ORIGINE1":"SCAN25","BCAE":"oui","ZNT":"oui"},"geometry":{"type":"LineString","coordinates":[[2.32108,49.094],[2.32131,49.09409],[2.3229,49.0939],[2.32344,49.09391],[2.32389,49.09367],[2.32418,49.09341],[2.32432,49.09337],[2.32472,49.09313],[2.32543,49.09297],[2.32576,49.09298],[2.32693,49.09344],[2.32724,49.09351],[2.32753,49.09351],[2.32785,49.09358],[2.32882,49.09409],[2.32909,49.09419],[2.32961,49.09452],[2.33007,49.09488],[2.33098,49.09546],[2.33137,49.09607],[2.33158,49.09627],[2.33198,49.09653],[2.33249,49.09676],[2.33267,49.09675],[2.33297,49.09668],[2.33308,49.09669]]}},
{"type":"Feature","properties":{"NOM":"Ru de Presles","ETAT":1,"CODE_MODIF":0,"DATE_MODIF":null,"MODIFICATI":null,"RAPPORT_UR":null,"ID_NOM":"N0116","ID_TRONCON":"T1295","ID_COURSDE":"N0116T1295","ORIGINE1":"SCAN25","BCAE":"oui","ZNT":"oui"},"geometry":{"type":"LineString","coordinates":[[2.30559,49.10253],[2.30568,49.10283],[2.30566,49.10309],[2.30539,49.10331],[2.30515,49.10366],[2.30491,49.1039],[2.30434,49.10426],[2.3033,49.10471],[2.30292,49.10484],[2.30283,49.1049],[2.30181,49.10511],[2.30134,49.10516],[2.30015,49.10512],[2.29952,49.10536],[2.29935,49.10551],[2.29911,49.10561],[2.29743,49.10605],[2.29689,49.10626],[2.29671,49.10626]]}},
{"type":"Feature","properties":{"NOM":"Le Ru de Liesse","ETAT":1,"CODE_MODIF":0,"DATE_MODIF":null,"MODIFICATI":null,"RAPPORT_UR":null,"ID_NOM":"N0049","ID_TRONCON":"T1296","ID_COURSDE":"N0049T1296","ORIGINE1":"SCAN25","BCAE":"oui","ZNT":"oui"},"geometry":{"type":"LineString","coordinates":[[2.11963,49.04411],[2.1194,49.0443],[2.11783,49.04606],[2.11736,49.04632]]}},
{"type":"Feature","properties":{"NOM":"Le Ru de Liesse","ETAT":3,"CODE_MODIF":4,"DATE_MODIF":"2011-08-03","MODIFICATI":"ETAT 1 EN 3","RAPPORT_UR":null,"ID_NOM":"N0049","ID_TRONCON":"T1297","ID_COURSDE":"N0049T1297","ORIGINE1":"TERRAIN","BCAE":"non","ZNT":"oui"},"geometry":{"type":"LineString","coordinates":[[2.11736,49.04632],[2.11709,49.04669],[2.11685,49.04683],[2.11683,49.04691],[2.11708,49.04716],[2.11721,49.04771]]}},
{"type":"Feature","properties":{"NOM":"Le Ru de Liesse","ETAT":1,"CODE_MODIF":0,"DATE_MODIF":null,"MODIFICATI":null,"RAPPORT_UR":null,"ID_NOM":"N0049","ID_TRONCON":"T1298","ID_COURSDE":"N0049T1298","ORIGINE1":"SCAN25","BCAE":"oui","ZNT":"oui"},"geometry":{"type":"LineString","coordinates":[[2.11721,49.04771],[2.11725,49.04785]]}},
{"type":"Feature","properties":{"NOM":"Ru Saint Martin","ETAT":1,"CODE_MODIF":0,"DATE_MODIF":null,"MODIFICATI":null,"RAPPORT_UR":null,"ID_NOM":"N0117","ID_TRONCON":"T1299","ID_COURSDE":"N0117T1299","ORIGINE1":"SCAN25","BCAE":"oui","ZNT":"oui"},"geometry":{"type":"LineString","coordinates":[[1.72387,49.1457],[1.72395,49.14588],[1.72389,49.14603],[1.72392,49.14624],[1.72401,49.1463]]}},
{"type":"Feature","properties":{"NOM":"Ru Saint Martin","ETAT":1,"CODE_MODIF":0,"DATE_MODIF":null,"MODIFICATI":null,"RAPPORT_UR":null,"ID_NOM":"N0117","ID_TRONCON":"T1300","ID_COURSDE":"N0117T1300","ORIGINE1":"SCAN25","BCAE":"oui","ZNT":"oui"},"geometry":{"type":"LineString","coordinates":[[1.72396,49.14515],[1.72373,49.14543],[1.72371,49.14555],[1.7238,49.14594],[1.72389,49.14603]]}},
{"type":"Feature","properties":{"NOM":"Ru Saint Martin","ETAT":3,"CODE_MODIF":3,"DATE_MODIF":"2011-09-07","MODIFICATI":"TRACÉ","RAPPORT_UR":null,"ID_NOM":"N0117","ID_TRONCON":"T1301","ID_COURSDE":"N0117T1301","ORIGINE1":"TERRAIN","BCAE":"non","ZNT":"oui"},"geometry":{"type":"LineString","coordinates":[[1.72401,49.1463],[1.72386,49.14623]]}},
{"type":"Feature","properties":{"NOM":"Ru Saint Martin","ETAT":3,"CODE_MODIF":3,"DATE_MODIF":"2011-09-07","MODIFICATI":"TRACÉ","RAPPORT_UR":null,"ID_NOM":"N0117","ID_TRONCON":"T1302","ID_COURSDE":"N0117T1302","ORIGINE1":"TERRAIN","BCAE":"non","ZNT":"oui"},"geometry":{"type":"LineString","coordinates":[[1.7245,49.14759],[1.72457,49.14699],[1.72452,49.14678]]}},
{"type":"Feature","properties":{"NOM":"Ru Saint Martin","ETAT":1,"CODE_MODIF":0,"DATE_MODIF":null,"MODIFICATI":null,"RAPPORT_UR":null,"ID_NOM":"N0117","ID_TRONCON":"T1303","ID_COURSDE":"N0117T1303","ORIGINE1":"SCAN25","BCAE":"oui","ZNT":"oui"},"geometry":{"type":"LineString","coordinates":[[1.72452,49.14678],[1.72435,49.14651],[1.72401,49.1463]]}},
{"type":"Feature","properties":{"NOM":"Sans nom","ETAT":1,"CODE_MODIF":3,"DATE_MODIF":"2011-03-15","MODIFICATI":"TRACÉ","RAPPORT_UR":"\\\\Sbl95-03\\gb_cons\\EAU\\N_MASSE_EAU\\L_COURS_DEAU_L_095\\Multi_0007.doc","ID_NOM":"N9999","ID_TRONCON":"T1304","ID_COURSDE":"N9999T1304","ORIGINE1":"TERRAIN","BCAE":"oui","ZNT":"oui"},"geometry":{"type":"MultiLineString","coordinates":[[[1.99568,49.08418],[1.99551,49.08424],[1.99517,49.08405],[1.99471,49.08393]],[[1.99451,49.08412],[1.99459,49.08413],[1.99502,49.08403]]]}},
{"type":"Feature","properties":{"NOM":"Ru de la Vallée du Roy","ETAT":1,"CODE_MODIF":3,"DATE_MODIF":"2011-04-01","MODIFICATI":"TRACÉ","RAPPORT_UR":"\\\\Sbl95-03\\gb_cons\\EAU\\N_MASSE_EAU\\L_COURS_DEAU_L_095\\N0118T1305.jpg","ID_NOM":"N0118","ID_TRONCON":"T1305","ID_COURSDE":"N0118T1305","ORIGINE1":"TERRAIN","BCAE":"oui","ZNT":"oui"},"geometry":{"type":"LineString","coordinates":[[1.7335,49.06676],[1.73348,49.06653],[1.73322,49.06623],[1.73316,49.06602],[1.73331,49.06581],[1.73297,49.06529],[1.73289,49.06507],[1.73246,49.06482],[1.73165,49.06488],[1.73129,49.06497],[1.73002,49.06496],[1.72989,49.0649],[1.72904,49.06479],[1.72834,49.06478],[1.72734,49.06491],[1.72666,49.06497],[1.7263,49.06491],[1.72447,49.06509],[1.72309,49.06508],[1.7226,49.06511],[1.72239,49.0651],[1.72177,49.06498],[1.7207,49.06498],[1.71986,49.06482],[1.71971,49.06518],[1.71944,49.06533],[1.71899,49.06543],[1.71857,49.06546],[1.71803,49.06542],[1.71768,49.06536],[1.71675,49.06505],[1.71641,49.06474],[1.7162,49.06446]]}},
{"type":"Feature","properties":{"NOM":"Le Ru de la Vallée du Roy","ETAT":1,"CODE_MODIF":3,"DATE_MODIF":"2011-04-01","MODIFICATI":"TRACÉ","RAPPORT_UR":null,"ID_NOM":"N0048","ID_TRONCON":"T1306","ID_COURSDE":"N0048T1306","ORIGINE1":"TERRAIN","BCAE":"oui","ZNT":"oui"},"geometry":{"type":"LineString","coordinates":[[1.69895,49.06162],[1.70029,49.06182],[1.70044,49.06161],[1.70121,49.06169],[1.70205,49.0616],[1.70243,49.06166],[1.70293,49.06179],[1.70354,49.0619],[1.70508,49.06215],[1.70545,49.06225],[1.70625,49.06268],[1.7075,49.0629],[1.70859,49.06321],[1.70991,49.06317],[1.71276,49.0638],[1.71389,49.06418],[1.71526,49.0642]]}},
{"type":"Feature","properties":{"NOM":"Le Ru de la Vallée du Roy","ETAT":3,"CODE_MODIF":3,"DATE_MODIF":"2011-04-01","MODIFICATI":"TRACÉ","RAPPORT_UR":null,"ID_NOM":"N0048","ID_TRONCON":"T1307","ID_COURSDE":"N0048T1307","ORIGINE1":"TERRAIN","BCAE":"non","ZNT":"oui"},"geometry":{"type":"LineString","coordinates":[[1.71526,49.0642],[1.7162,49.06446]]}},
{"type":"Feature","properties":{"NOM":"Sans nom","ETAT":1,"CODE_MODIF":3,"DATE_MODIF":"2011-04-01","MODIFICATI":"TRACÉ","RAPPORT_UR":null,"ID_NOM":"N9999","ID_TRONCON":"T1308","ID_COURSDE":"N9999T1308","ORIGINE1":"TERRAIN","BCAE":"oui","ZNT":"oui"},"geometry":{"type":"LineString","coordinates":[[1.71986,49.06482],[1.71906,49.06477],[1.71894,49.06466],[1.71873,49.06455],[1.71852,49.06451],[1.71844,49.06445],[1.71841,49.06437],[1.71882,49.06379],[1.71882,49.06373],[1.71874,49.06362],[1.71842,49.06336],[1.71834,49.06319],[1.7183,49.06297],[1.71833,49.06275],[1.71854,49.06223],[1.71891,49.06198],[1.71948,49.06168],[1.71948,49.06132],[1.71964,49.06046],[1.72009,49.05928],[1.72008,49.05882]]}},
{"type":"Feature","properties":{"NOM":"Le Ru de la Vallée du Roy","ETAT":1,"CODE_MODIF":0,"DATE_MODIF":null,"MODIFICATI":null,"RAPPORT_UR":null,"ID_NOM":"N0048","ID_TRONCON":"T1309","ID_COURSDE":"N0048T1309","ORIGINE1":"SCAN25","BCAE":"oui","ZNT":"oui"},"geometry":{"type":"LineString","coordinates":[[1.71721,49.06632],[1.71682,49.06619],[1.7163,49.06608],[1.71357,49.06563],[1.71328,49.06556],[1.71266,49.06519],[1.71242,49.06509],[1.71091,49.06486],[1.71062,49.06484],[1.71014,49.0649]]}},
{"type":"Feature","properties":{"NOM":"Le Ru de la Vallée du Roy","ETAT":3,"CODE_MODIF":4,"DATE_MODIF":"2012-01-12","MODIFICATI":"ETAT 1 EN","RAPPORT_UR":null,"ID_NOM":"N0048","ID_TRONCON":"T1310","ID_COURSDE":"N0048T1310","ORIGINE1":"TERRAIN","BCAE":"non","ZNT":"oui"},"geometry":{"type":"LineString","coordinates":[[1.71014,49.0649],[1.70998,49.0649],[1.7074,49.06463]]}},
{"type":"Feature","properties":{"NOM":"Le Ru de la Vallée du Roy","ETAT":1,"CODE_MODIF":0,"DATE_MODIF":null,"MODIFICATI":null,"RAPPORT_UR":null,"ID_NOM":"N0048","ID_TRONCON":"T1311","ID_COURSDE":"N0048T1311","ORIGINE1":"SCAN25","BCAE":"oui","ZNT":"oui"},"geometry":{"type":"LineString","coordinates":[[1.7074,49.06463],[1.70651,49.06455],[1.70613,49.06447],[1.70596,49.06434],[1.70594,49.06425],[1.70578,49.06419],[1.70446,49.0642],[1.70375,49.06413]]}},
{"type":"Feature","properties":{"NOM":"Sans nom","ETAT":2,"CODE_MODIF":3,"DATE_MODIF":null,"MODIFICATI":"TRACÉ","RAPPORT_UR":null,"ID_NOM":"N9999","ID_TRONCON":"T1312","ID_COURSDE":"N9999T1312","ORIGINE1":"TERRAIN","BCAE":"non","ZNT":"oui"},"geometry":{"type":"LineString","coordinates":[[1.72386,49.14623],[1.72366,49.14617],[1.72352,49.14607],[1.72346,49.14596],[1.72351,49.14567],[1.72346,49.14528],[1.72326,49.14502],[1.72326,49.14494]]}},
{"type":"Feature","properties":{"NOM":"Sans nom","ETAT":0,"CODE_MODIF":5,"DATE_MODIF":"2011-03-01","MODIFICATI":"SUPPRESSION","RAPPORT_UR":null,"ID_NOM":"N9999","ID_TRONCON":"T1313","ID_COURSDE":"N9999T1313","ORIGINE1":"TERRAIN","BCAE":"non","ZNT":"non"},"geometry":{"type":"MultiLineString","coordinates":[[[2.47445,49.06312],[2.47478,49.06298],[2.47626,49.06251],[2.47646,49.06237],[2.47663,49.06203],[2.4769,49.06183],[2.477,49.06166],[2.47695,49.06118],[2.47683,49.06095],[2.47688,49.06055],[2.47696,49.06038],[2.47722,49.06021],[2.47726,49.06005],[2.47696,49.05912],[2.47718,49.05856],[2.47717,49.05828],[2.47729,49.05794],[2.47729,49.05781],[2.47711,49.05737],[2.47723,49.05705],[2.47721,49.0565],[2.47712,49.05628],[2.47688,49.05613],[2.47685,49.05585],[2.47675,49.05559],[2.47661,49.05543],[2.47609,49.05501],[2.47594,49.05481],[2.47568,49.05413],[2.47552,49.05393],[2.47532,49.05381],[2.47509,49.05342],[2.47435,49.0526],[2.47413,49.05251],[2.47392,49.05172],[2.47386,49.05164],[2.47341,49.05114],[2.47249,49.0504],[2.47178,49.0497],[2.47105,49.0488],[2.47089,49.04853],[2.47082,49.04781]],[[2.47082,49.04781],[2.47081,49.04753],[2.4706,49.04592],[2.47061,49.04567],[2.47076,49.04501],[2.47076,49.04444],[2.47058,49.04393],[2.47012,49.0435]],[[2.47082,49.04781],[2.47007,49.0488],[2.46982,49.04894],[2.46951,49.04929],[2.46889,49.05042],[2.4683,49.05094],[2.46814,49.05143],[2.468,49.05164],[2.4679,49.0517]]]}},
{"type":"Feature","properties":{"NOM":"Sans nom","ETAT":0,"CODE_MODIF":5,"DATE_MODIF":"2011-03-01","MODIFICATI":"SUPPRESSION","RAPPORT_UR":null,"ID_NOM":"N9999","ID_TRONCON":"T1314","ID_COURSDE":"N9999T1314","ORIGINE1":"TERRAIN","BCAE":"non","ZNT":"non"},"geometry":{"type":"MultiLineString","coordinates":[[[2.46872,49.06185],[2.46861,49.06105],[2.46845,49.06064],[2.46813,49.06031],[2.46787,49.06021],[2.46756,49.05993],[2.46717,49.0594],[2.46714,49.05906],[2.46684,49.0586],[2.46667,49.05815],[2.46587,49.05701],[2.46416,49.05602],[2.46336,49.05548],[2.463,49.05516]],[[2.463,49.05516],[2.46094,49.0526],[2.46087,49.05245],[2.46083,49.05209],[2.46079,49.05015]],[[2.463,49.05516],[2.46291,49.05536],[2.46237,49.05944],[2.46231,49.05964]]]}},
{"type":"Feature","properties":{"NOM":"Sans nom","ETAT":2,"CODE_MODIF":3,"DATE_MODIF":"2011-10-19","MODIFICATI":"TRACÉ","RAPPORT_UR":null,"ID_NOM":"N9999","ID_TRONCON":"T1315","ID_COURSDE":"N9999T1315","ORIGINE1":"TERRAIN","BCAE":"non","ZNT":"oui"},"geometry":{"type":"LineString","coordinates":[[1.7289,49.14548],[1.72862,49.14591],[1.72856,49.14626],[1.7287,49.14653],[1.7287,49.14686]]}},
{"type":"Feature","properties":{"NOM":"Sans nom","ETAT":3,"CODE_MODIF":3,"DATE_MODIF":"2011-10-19","MODIFICATI":"TRACÉ","RAPPORT_UR":null,"ID_NOM":"N9999","ID_TRONCON":"T1316","ID_COURSDE":"N9999T1316","ORIGINE1":"TERRAIN","BCAE":"non","ZNT":"oui"},"geometry":{"type":"LineString","coordinates":[[1.7287,49.14686],[1.7287,49.14731],[1.72855,49.14772]]}},
{"type":"Feature","properties":{"NOM":"Sans nom","ETAT":1,"CODE_MODIF":3,"DATE_MODIF":"2011-10-19","MODIFICATI":"TRACÉ","RAPPORT_UR":null,"ID_NOM":"N9999","ID_TRONCON":"T1317","ID_COURSDE":"N9999T1317","ORIGINE1":"TERRAIN","BCAE":"oui","ZNT":"oui"},"geometry":{"type":"LineString","coordinates":[[1.72855,49.14772],[1.72843,49.14807]]}},
{"type":"Feature","properties":{"NOM":"Sans nom","ETAT":1,"CODE_MODIF":3,"DATE_MODIF":"2011-10-19","MODIFICATI":"TRACÉ","RAPPORT_UR":null,"ID_NOM":"N9999","ID_TRONCON":"T1318","ID_COURSDE":"N9999T1318","ORIGINE1":"TERRAIN","BCAE":"oui","ZNT":"oui"},"geometry":{"type":"LineString","coordinates":[[1.71193,49.14937],[1.71072,49.14957],[1.71028,49.14944],[1.70991,49.14952]]}},
{"type":"Feature","properties":{"NOM":"Ru de Montlignon","ETAT":1,"CODE_MODIF":0,"DATE_MODIF":null,"MODIFICATI":null,"RAPPORT_UR":null,"ID_NOM":"N0091","ID_TRONCON":"T1319","ID_COURSDE":"N0091T1319","ORIGINE1":"SCAN25","BCAE":"oui","ZNT":"oui"},"geometry":{"type":"LineString","coordinates":[[2.28737,49.00954],[2.28733,49.00906],[2.28697,49.00838],[2.28664,49.00819],[2.28635,49.00819],[2.28624,49.00767],[2.28609,49.00763],[2.28616,49.00727],[2.28569,49.00647],[2.28596,49.00489],[2.28591,49.00482],[2.28551,49.00474],[2.28519,49.00442],[2.28484,49.00429],[2.28463,49.00392],[2.28421,49.00374],[2.28419,49.00339],[2.2832,49.00306],[2.28287,49.00266],[2.28253,49.00193],[2.28369,49.00154],[2.28349,49.00123],[2.28349,49.00063],[2.28318,49.00015],[2.28258,48.99962],[2.28206,48.99926]]}},
{"type":"Feature","properties":{"NOM":"Ru de Montlignon","ETAT":3,"CODE_MODIF":0,"DATE_MODIF":null,"MODIFICATI":null,"RAPPORT_UR":null,"ID_NOM":"N0091","ID_TRONCON":"T1320","ID_COURSDE":"N0091T1320","ORIGINE1":"SCAN25","BCAE":"non","ZNT":"oui"},"geometry":{"type":"LineString","coordinates":[[2.28206,48.99926],[2.2821,48.99895],[2.28139,48.9984],[2.28113,48.99788],[2.2813,48.99764],[2.28118,48.99717],[2.28114,48.99664],[2.28094,48.99576],[2.28082,48.99488]]}},
{"type":"Feature","properties":{"NOM":"le Ru de Breuil","ETAT":1,"CODE_MODIF":3,"DATE_MODIF":"2010-12-07","MODIFICATI":"TRACÉ","RAPPORT_UR":"\\\\Sbl95-03\\gb_cons\\EAU\\N_MASSE_EAU\\L_COURS_DEAU_L_095\\Multi_0004.doc","ID_NOM":"N0107","ID_TRONCON":"T1321","ID_COURSDE":"N0107T1321","ORIGINE1":"TERRAIN","BCAE":"oui","ZNT":"oui"},"geometry":{"type":"MultiLineString","coordinates":[[[1.72205,49.2188],[1.72187,49.21917],[1.72172,49.21928],[1.71888,49.22027],[1.71836,49.22048],[1.71785,49.22075],[1.71797,49.22084],[1.71703,49.2216],[1.71768,49.22203],[1.71722,49.22278],[1.71692,49.22292],[1.71694,49.22322],[1.7169,49.22351],[1.71582,49.22672],[1.7156,49.22722],[1.71497,49.22841]],[[1.71307,49.22864],[1.71135,49.2279],[1.71117,49.22785],[1.71088,49.22783],[1.7106,49.22789],[1.70866,49.22915],[1.70851,49.22919],[1.70842,49.22912],[1.70811,49.22919]]]}},
{"type":"Feature","properties":{"NOM":"le Ru de Breuil","ETAT":3,"CODE_MODIF":3,"DATE_MODIF":"2012-02-21","MODIFICATI":"TRACÉ","RAPPORT_UR":null,"ID_NOM":"N0107","ID_TRONCON":"T1322","ID_COURSDE":"N0107T1322","ORIGINE1":"TERRAIN","BCAE":"non","ZNT":"oui"},"geometry":{"type":"LineString","coordinates":[[1.71497,49.22841],[1.71307,49.22864]]}},
{"type":"Feature","properties":{"NOM":"la Côte Barbot","ETAT":2,"CODE_MODIF":3,"DATE_MODIF":"2012-02-21","MODIFICATI":"TRACÉ","RAPPORT_UR":null,"ID_NOM":"N0119","ID_TRONCON":"T1323","ID_COURSDE":"N0119T1323","ORIGINE1":"TERRAIN","BCAE":"non","ZNT":"oui"},"geometry":{"type":"LineString","coordinates":[[1.72407,49.22867],[1.72488,49.22874],[1.72518,49.22874]]}},
{"type":"Feature","properties":{"NOM":"la Côte Barbot","ETAT":1,"CODE_MODIF":1,"DATE_MODIF":"2012-02-21","MODIFICATI":"ETAT 2 EN 1","RAPPORT_UR":null,"ID_NOM":"N0119","ID_TRONCON":"T1324","ID_COURSDE":"N0119T1324","ORIGINE1":"TERRAIN","BCAE":"oui","ZNT":"oui"},"geometry":{"type":"MultiLineString","coordinates":[[[1.72407,49.22867],[1.72369,49.22866],[1.7234,49.22874],[1.72322,49.22898],[1.72283,49.22921],[1.72219,49.22936],[1.72044,49.23007],[1.71989,49.23026],[1.7184,49.23018],[1.71713,49.22971],[1.71652,49.22942],[1.71455,49.22887],[1.71468,49.22874]],[[1.71497,49.22841],[1.71468,49.22874]]]}},
{"type":"Feature","properties":{"NOM":"Ru d'Enghien","ETAT":3,"CODE_MODIF":3,"DATE_MODIF":"2012-05-22","MODIFICATI":"TRACÉ","RAPPORT_UR":null,"ID_NOM":"N0120","ID_TRONCON":"T1325","ID_COURSDE":"N0120T1325","ORIGINE1":"TERRAIN","BCAE":"non","ZNT":"oui"},"geometry":{"type":"LineString","coordinates":[[2.30265,48.96739],[2.30376,48.96654],[2.30568,48.9654],[2.30695,48.96481],[2.30859,48.96395],[2.30859,48.96373]]}},
{"type":"Feature","properties":{"NOM":"Sans nom","ETAT":0,"CODE_MODIF":5,"DATE_MODIF":"2012-08-30","MODIFICATI":"SUPPRESSION","RAPPORT_UR":null,"ID_NOM":"N9999","ID_TRONCON":"T1326","ID_COURSDE":"N9999T1326","ORIGINE1":"TERRAIN","BCAE":"non","ZNT":"non"},"geometry":{"type":"LineString","coordinates":[[1.67346,49.17181],[1.67345,49.17244],[1.67338,49.1728],[1.67303,49.17311],[1.67275,49.17347],[1.67273,49.175],[1.67293,49.17531],[1.67334,49.17559],[1.67389,49.17574]]}},
{"type":"Feature","properties":{"NOM":"Sans nom","ETAT":1,"CODE_MODIF":3,"DATE_MODIF":"2012-08-30","MODIFICATI":"TRACÉ","RAPPORT_UR":null,"ID_NOM":"N9999","ID_TRONCON":"T1327","ID_COURSDE":"N9999T1327","ORIGINE1":"TERRAIN","BCAE":"oui","ZNT":"oui"},"geometry":{"type":"LineString","coordinates":[[1.67097,49.17551],[1.67329,49.17582],[1.67373,49.17571],[1.67436,49.17587],[1.67717,49.1762],[1.67744,49.17626],[1.67786,49.17656],[1.68,49.17688],[1.6808,49.17694],[1.68173,49.1773],[1.68221,49.1778],[1.68261,49.17805],[1.68344,49.1783],[1.68441,49.17836],[1.68497,49.1782],[1.6854,49.17818],[1.6858,49.1781],[1.68629,49.17805],[1.68663,49.17796],[1.68692,49.17781],[1.68771,49.17715]]}},
{"type":"Feature","properties":{"NOM":"Sans nom","ETAT":0,"CODE_MODIF":5,"DATE_MODIF":"2012-08-30","MODIFICATI":"SUPPRESSION","RAPPORT_UR":null,"ID_NOM":"N9999","ID_TRONCON":"T1328","ID_COURSDE":"N9999T1328","ORIGINE1":"TERRAIN","BCAE":"non","ZNT":"non"},"geometry":{"type":"MultiLineString","coordinates":[[[1.67318,49.17029],[1.67267,49.1692],[1.67006,49.16884],[1.66947,49.16904]],[[1.67318,49.17029],[1.6702,49.17005],[1.67012,49.17002]],[[1.67347,49.17116],[1.66928,49.1707]],[[1.67347,49.17116],[1.67347,49.17091],[1.67318,49.17029]],[[1.67346,49.17181],[1.67347,49.17116]]]}},
{"type":"Feature","properties":{"NOM":"Sans nom","ETAT":0,"CODE_MODIF":6,"DATE_MODIF":null,"MODIFICATI":"FOSSÉ","RAPPORT_UR":null,"ID_NOM":"N9999","ID_TRONCON":"T1329","ID_COURSDE":"N9999T1329","ORIGINE1":"TERRAIN","BCAE":"non","ZNT":"non"},"geometry":{"type":"LineString","coordinates":[[1.98784,49.14192],[1.98905,49.14133],[1.99021,49.14087],[1.99096,49.14123],[1.99124,49.14131],[1.9918,49.14162],[1.99266,49.14218],[1.99302,49.14236],[1.99413,49.14277],[1.99728,49.14361],[1.99788,49.14385],[1.99813,49.14406],[1.99883,49.14434],[1.9989,49.14438],[1.99892,49.14451]]}},
{"type":"Feature","properties":{"NOM":"Sans nom","ETAT":2,"CODE_MODIF":0,"DATE_MODIF":null,"MODIFICATI":null,"RAPPORT_UR":null,"ID_NOM":"N9999","ID_TRONCON":"T1330","ID_COURSDE":"N9999T1330","ORIGINE1":"SCAN25","BCAE":"non","ZNT":"oui"},"geometry":{"type":"LineString","coordinates":[[1.99285,49.14497],[1.99271,49.1451]]}},
{"type":"Feature","properties":{"NOM":"Sans nom","ETAT":0,"CODE_MODIF":5,"DATE_MODIF":"2012-08-31","MODIFICATI":"SUPPRESSION","RAPPORT_UR":null,"ID_NOM":"N9999","ID_TRONCON":"T1331","ID_COURSDE":"N9999T1331","ORIGINE1":"TERRAIN","BCAE":"non","ZNT":"non"},"geometry":{"type":"LineString","coordinates":[[1.96521,49.12062],[1.9662,49.12099],[1.96756,49.12156],[1.9678,49.12155],[1.96794,49.12159],[1.96859,49.12164],[1.96881,49.12172],[1.96914,49.12177],[1.97003,49.12204],[1.97018,49.12221],[1.97062,49.12247],[1.97128,49.12268],[1.97196,49.12296],[1.97217,49.12302],[1.97291,49.12349],[1.97299,49.12359],[1.97317,49.12362],[1.97336,49.12373],[1.9739,49.12413],[1.97441,49.12426],[1.97462,49.1244],[1.97499,49.12487],[1.97505,49.12502],[1.97524,49.12523],[1.9752,49.12536],[1.97578,49.12577],[1.97639,49.12608],[1.97747,49.12629],[1.97779,49.12639],[1.97785,49.12645],[1.97787,49.12652],[1.97813,49.12674],[1.97883,49.1279],[1.97877,49.12809],[1.97896,49.12835],[1.97893,49.12843],[1.97898,49.12867],[1.97913,49.12888],[1.97923,49.12894],[1.97937,49.12913],[1.97965,49.12935],[1.98043,49.12975],[1.98085,49.13005],[1.98116,49.13046]]}},
{"type":"Feature","properties":{"NOM":"Sans nom","ETAT":2,"CODE_MODIF":0,"DATE_MODIF":null,"MODIFICATI":null,"RAPPORT_UR":null,"ID_NOM":"N9999","ID_TRONCON":"T1332","ID_COURSDE":"N9999T1332","ORIGINE1":"SCAN25","BCAE":"non","ZNT":"oui"},"geometry":{"type":"LineString","coordinates":[[1.994,49.14584],[1.99324,49.14512],[1.99285,49.14497],[1.99226,49.14465],[1.98999,49.14373],[1.98989,49.14362],[1.98996,49.1433],[1.98989,49.14325],[1.98959,49.14307],[1.98837,49.14213],[1.98815,49.14209],[1.98784,49.14192],[1.98737,49.1414],[1.98612,49.14045],[1.98548,49.14043],[1.98514,49.14038]]}},
{"type":"Feature","properties":{"NOM":"Sans nom","ETAT":0,"CODE_MODIF":5,"DATE_MODIF":"2012-08-31","MODIFICATI":"SUPPRESSION","RAPPORT_UR":null,"ID_NOM":"N9999","ID_TRONCON":"T1333","ID_COURSDE":"N9999T1333","ORIGINE1":"TERRAIN","BCAE":"non","ZNT":"non"},"geometry":{"type":"LineString","coordinates":[[1.98514,49.14038],[1.98389,49.13998],[1.98415,49.13975],[1.98438,49.13918],[1.98478,49.1376],[1.98477,49.13737],[1.98466,49.13707],[1.9841,49.13653],[1.98307,49.13564],[1.98177,49.13483],[1.98143,49.13449],[1.98146,49.13427],[1.98063,49.13349],[1.98074,49.13226],[1.98068,49.13222],[1.98077,49.13199],[1.981,49.13161],[1.98063,49.13134]]}},
{"type":"Feature","properties":{"NOM":"Sans nom","ETAT":0,"CODE_MODIF":5,"DATE_MODIF":"2012-08-31","MODIFICATI":"SUPPRESSION","RAPPORT_UR":null,"ID_NOM":"N9999","ID_TRONCON":"T1334","ID_COURSDE":"N9999T1334","ORIGINE1":"TERRAIN","BCAE":"non","ZNT":"non"},"geometry":{"type":"LineString","coordinates":[[2.0789,49.15912],[2.07869,49.15904],[2.07804,49.1585],[2.07721,49.15742],[2.07659,49.15676],[2.07612,49.15615],[2.07512,49.15447],[2.07528,49.15427],[2.07543,49.15417],[2.07544,49.15393]]}},
{"type":"Feature","properties":{"NOM":"Sans nom","ETAT":2,"CODE_MODIF":0,"DATE_MODIF":null,"MODIFICATI":null,"RAPPORT_UR":null,"ID_NOM":"N9999","ID_TRONCON":"T1335","ID_COURSDE":"N9999T1335","ORIGINE1":"SCAN25","BCAE":"non","ZNT":"oui"},"geometry":{"type":"LineString","coordinates":[[2.07544,49.15393],[2.07553,49.15369]]}},
{"type":"Feature","properties":{"NOM":"Sans nom","ETAT":2,"CODE_MODIF":0,"DATE_MODIF":null,"MODIFICATI":null,"RAPPORT_UR":null,"ID_NOM":"N9999","ID_TRONCON":"T1336","ID_COURSDE":"N9999T1336","ORIGINE1":"SCAN25","BCAE":"non","ZNT":"oui"},"geometry":{"type":"LineString","coordinates":[[1.86584,49.08343],[1.86604,49.08367],[1.86666,49.08405],[1.86669,49.08414]]}},
{"type":"Feature","properties":{"NOM":"Sans nom","ETAT":2,"CODE_MODIF":0,"DATE_MODIF":null,"MODIFICATI":null,"RAPPORT_UR":null,"ID_NOM":"N9999","ID_TRONCON":"T1337","ID_COURSDE":"N9999T1337","ORIGINE1":"SCAN25","BCAE":"non","ZNT":"oui"},"geometry":{"type":"LineString","coordinates":[[1.84657,49.07639],[1.84808,49.0761]]}},
{"type":"Feature","properties":{"NOM":"Sans nom","ETAT":0,"CODE_MODIF":5,"DATE_MODIF":"2012-09-10","MODIFICATI":"SUPPRESSION","RAPPORT_UR":"\\\\Sbl95-03\\gb_cons\\EAU\\N_MASSE_EAU\\L_COURS_DEAU_L_095\\N9999T1338.pdf","ID_NOM":"N9999","ID_TRONCON":"T1338","ID_COURSDE":"N9999T1338","ORIGINE1":"TERRAIN","BCAE":"non","ZNT":"non"},"geometry":{"type":"LineString","coordinates":[[1.84808,49.0761],[1.84879,49.07589],[1.84903,49.07558],[1.84914,49.07535],[1.84918,49.07491],[1.849,49.07443],[1.84914,49.07412],[1.8494,49.07401],[1.85017,49.07408],[1.85065,49.07401],[1.85105,49.07402],[1.85188,49.07394],[1.85223,49.07394],[1.85315,49.07398],[1.85349,49.07408],[1.85363,49.07419],[1.85442,49.07445],[1.85481,49.0747],[1.85683,49.07578],[1.85735,49.07592],[1.85824,49.07602],[1.85842,49.0761],[1.86006,49.07756],[1.86109,49.07807],[1.86152,49.07832],[1.86189,49.07861],[1.86294,49.07924],[1.86332,49.07966],[1.86367,49.07994],[1.86387,49.08016],[1.86414,49.0803],[1.86445,49.08036],[1.86585,49.08089],[1.86595,49.08098],[1.86621,49.08141],[1.86576,49.08189],[1.86571,49.082],[1.86586,49.08239],[1.86577,49.08252],[1.86576,49.08303],[1.86584,49.08343]]}},
{"type":"Feature","properties":{"NOM":"Le Ru du Popelin","ETAT":0,"CODE_MODIF":5,"DATE_MODIF":"2012-10-08","MODIFICATI":"SUPPRESSION","RAPPORT_UR":null,"ID_NOM":"N0062","ID_TRONCON":"T1339","ID_COURSDE":"N0062T1339","ORIGINE1":"TERRAIN","BCAE":"non","ZNT":"non"},"geometry":{"type":"LineString","coordinates":[[2.40463,49.10977],[2.40452,49.1097],[2.40446,49.10952],[2.40429,49.10945],[2.40422,49.10913],[2.40406,49.10893],[2.40378,49.10879],[2.40223,49.1084],[2.4019,49.10822],[2.40143,49.10775],[2.40133,49.10751],[2.40121,49.10735],[2.40123,49.10705],[2.40138,49.10677],[2.40156,49.1061],[2.40167,49.10586],[2.40157,49.10567],[2.40159,49.10553],[2.40147,49.10516],[2.40117,49.10492],[2.40106,49.10449],[2.40089,49.10426],[2.4009,49.10413],[2.40125,49.10403],[2.40144,49.10389],[2.40167,49.1036],[2.40174,49.10342]]}},
{"type":"Feature","properties":{"NOM":"Le Ru du Popelin","ETAT":0,"CODE_MODIF":5,"DATE_MODIF":"2012-09-11","MODIFICATI":"SUPPRESSION","RAPPORT_UR":null,"ID_NOM":"N0062","ID_TRONCON":"T1340","ID_COURSDE":"N0062T1340","ORIGINE1":"TERRAIN","BCAE":"non","ZNT":"non"},"geometry":{"type":"LineString","coordinates":[[2.40174,49.10342],[2.40136,49.10296],[2.40129,49.10269],[2.40217,49.10229],[2.40243,49.10204],[2.40242,49.10178],[2.40224,49.10143],[2.40199,49.10113],[2.40136,49.10059],[2.40091,49.10014],[2.40035,49.09972],[2.40024,49.09951],[2.40017,49.09908]]}},
{"type":"Feature","properties":{"NOM":"Sans nom","ETAT":0,"CODE_MODIF":6,"DATE_MODIF":"2012-09-13","MODIFICATI":"FOSSÉ","RAPPORT_UR":null,"ID_NOM":"N9999","ID_TRONCON":"T1341","ID_COURSDE":"N9999T1341","ORIGINE1":"TERRAIN","BCAE":"non","ZNT":"non"},"geometry":{"type":"LineString","coordinates":[[2.27949,49.0906],[2.27969,49.091],[2.2797,49.09165],[2.27978,49.09193],[2.27979,49.09226],[2.27958,49.09293]]}},
{"type":"Feature","properties":{"NOM":"Sans nom","ETAT":0,"CODE_MODIF":6,"DATE_MODIF":"2012-12-13","MODIFICATI":"FOSSÉ","RAPPORT_UR":null,"ID_NOM":"N9999","ID_TRONCON":"T1342","ID_COURSDE":"N9999T1342","ORIGINE1":"TERRAIN","BCAE":"non","ZNT":"non"},"geometry":{"type":"LineString","coordinates":[[2.27958,49.09293],[2.27945,49.09342],[2.27944,49.09397],[2.27959,49.09476],[2.27971,49.09512],[2.27983,49.09534],[2.28024,49.0957]]}},
{"type":"Feature","properties":{"NOM":"Sans nom","ETAT":3,"CODE_MODIF":3,"DATE_MODIF":"2012-10-05","MODIFICATI":"TRACÉ","RAPPORT_UR":"\\\\Sbl95-03\\gb_cons\\EAU\\N_MASSE_EAU\\L_COURS_DEAU_L_095\\Multi_0010.pdf","ID_NOM":"N9999","ID_TRONCON":"T1343","ID_COURSDE":"N9999T1343","ORIGINE1":"TERRAIN","BCAE":"non","ZNT":"oui"},"geometry":{"type":"LineString","coordinates":[[2.25332,49.12002],[2.25199,49.11974]]}},
{"type":"Feature","properties":{"NOM":"Sans nom","ETAT":1,"CODE_MODIF":3,"DATE_MODIF":"2012-10-05","MODIFICATI":"TRACÉ","RAPPORT_UR":"\\\\Sbl95-03\\gb_cons\\EAU\\N_MASSE_EAU\\L_COURS_DEAU_L_095\\Multi_0010.pdf","ID_NOM":"N9999","ID_TRONCON":"T1344","ID_COURSDE":"N9999T1344","ORIGINE1":"TERRAIN","BCAE":"oui","ZNT":"oui"},"geometry":{"type":"LineString","coordinates":[[2.252,49.11975],[2.25113,49.1177]]}},
{"type":"Feature","properties":{"NOM":"Sans nom","ETAT":1,"CODE_MODIF":3,"DATE_MODIF":"2012-10-05","MODIFICATI":"TRACÉ","RAPPORT_UR":"\\\\Sbl95-03\\gb_cons\\EAU\\N_MASSE_EAU\\L_COURS_DEAU_L_095\\Multi_0010.pdf","ID_NOM":"N9999","ID_TRONCON":"T1345","ID_COURSDE":"N9999T1345","ORIGINE1":"TERRAIN","BCAE":"oui","ZNT":"oui"},"geometry":{"type":"LineString","coordinates":[[2.25111,49.1177],[2.25103,49.11333]]}},
{"type":"Feature","properties":{"NOM":"L'Ysieux","ETAT":1,"CODE_MODIF":0,"DATE_MODIF":null,"MODIFICATI":null,"RAPPORT_UR":null,"ID_NOM":"N0010","ID_TRONCON":"T1346","ID_COURSDE":"N0010T1346","ORIGINE1":"SCAN25","BCAE":"oui","ZNT":"oui"},"geometry":{"type":"LineString","coordinates":[[2.37184,49.14683],[2.37198,49.14696],[2.37245,49.14715],[2.37276,49.14733],[2.3732,49.14768],[2.37336,49.14785],[2.37372,49.14797],[2.374,49.1481],[2.37421,49.14827],[2.3744,49.14831],[2.37461,49.14832],[2.37565,49.14817],[2.37748,49.148],[2.37772,49.14801],[2.37797,49.14818],[2.37942,49.14954],[2.37949,49.14957],[2.38278,49.1492],[2.38387,49.14911],[2.3842,49.14901],[2.38526,49.14827],[2.38531,49.14811],[2.38533,49.14687],[2.3852,49.14674],[2.38526,49.14667],[2.38527,49.14607],[2.38536,49.14583],[2.38558,49.14573],[2.38739,49.14536],[2.38805,49.14519],[2.3882,49.14507],[2.38861,49.1446],[2.38908,49.14421],[2.38889,49.14409],[2.38867,49.14336],[2.38844,49.14308],[2.38821,49.14272],[2.38809,49.14239],[2.38868,49.14142],[2.38869,49.14126],[2.38887,49.1407],[2.38882,49.14057],[2.38893,49.1404],[2.38896,49.14021],[2.38911,49.14007],[2.38912,49.13966],[2.3892,49.13952],[2.38919,49.13938],[2.38934,49.13892],[2.3893,49.13891],[2.38862,49.13915],[2.38838,49.13929],[2.38762,49.13956],[2.38704,49.13984],[2.387,49.13989],[2.38701,49.13997],[2.38491,49.14176],[2.38476,49.14209],[2.38464,49.14227],[2.38442,49.14237],[2.38442,49.14243],[2.38461,49.14245],[2.38457,49.14261],[2.38443,49.14267],[2.38437,49.14275],[2.38426,49.14316],[2.38006,49.14469],[2.37945,49.14479],[2.37923,49.14475],[2.37911,49.14478],[2.37898,49.14487],[2.37894,49.14498],[2.37896,49.14516],[2.37936,49.14564],[2.3794,49.14582],[2.37934,49.14594],[2.37911,49.14615],[2.37884,49.14626],[2.37876,49.14638],[2.37851,49.14659],[2.37835,49.14678],[2.37832,49.14694],[2.37839,49.14699],[2.37908,49.14713],[2.37912,49.14722],[2.37907,49.14729],[2.37851,49.14748],[2.37835,49.14759],[2.37834,49.14783],[2.37778,49.14804],[2.37734,49.14763],[2.37514,49.14721],[2.37248,49.14663],[2.3723,49.14666],[2.37165,49.14688],[2.37142,49.14703],[2.37135,49.1471],[2.37125,49.1474],[2.37051,49.14811],[2.3705,49.14827],[2.3701,49.14853],[2.36983,49.14863],[2.36996,49.14887],[2.3705,49.14936],[2.37102,49.14989],[2.37115,49.15007],[2.37127,49.15027],[2.37108,49.15065],[2.37145,49.15114],[2.37284,49.15205],[2.37317,49.15207],[2.3758,49.15114],[2.37748,49.15004],[2.37785,49.14934],[2.37903,49.14967],[2.37935,49.14962],[2.37949,49.14957]]}},
{"type":"Feature","properties":{"NOM":"L'Ysieux","ETAT":1,"CODE_MODIF":0,"DATE_MODIF":null,"MODIFICATI":null,"RAPPORT_UR":null,"ID_NOM":"N0010","ID_TRONCON":"T1347","ID_COURSDE":"N0010T1347","ORIGINE1":"SCAN25","BCAE":"oui","ZNT":"oui"},"geometry":{"type":"LineString","coordinates":[[2.49362,49.09447],[2.4943,49.09439],[2.49512,49.0944],[2.49532,49.09442],[2.49561,49.09452],[2.496,49.09428],[2.49655,49.09408],[2.49684,49.09391],[2.49707,49.09386]]}},
{"type":"Feature","properties":{"NOM":"L'Ysieux","ETAT":1,"CODE_MODIF":0,"DATE_MODIF":null,"MODIFICATI":null,"RAPPORT_UR":null,"ID_NOM":"N0010","ID_TRONCON":"T1348","ID_COURSDE":"N0010T1348","ORIGINE1":"SCAN25","BCAE":"oui","ZNT":"oui"},"geometry":{"type":"LineString","coordinates":[[2.36399,49.15241],[2.36459,49.15232],[2.36518,49.15231],[2.36542,49.15221],[2.36572,49.152],[2.36588,49.15181],[2.36624,49.15153],[2.36637,49.15137],[2.36665,49.15122],[2.36725,49.15061],[2.36751,49.15046],[2.36768,49.15028],[2.36833,49.14988],[2.36904,49.14927],[2.36939,49.14908],[2.36964,49.14875],[2.36983,49.14863]]}},
{"type":"Feature","properties":{"NOM":"L'Ysieux","ETAT":1,"CODE_MODIF":0,"DATE_MODIF":null,"MODIFICATI":null,"RAPPORT_UR":null,"ID_NOM":"N0010","ID_TRONCON":"T1349","ID_COURSDE":"N0010T1349","ORIGINE1":"SCAN25","BCAE":"oui","ZNT":"oui"},"geometry":{"type":"LineString","coordinates":[[2.38934,49.13892],[2.38973,49.13844],[2.3903,49.1381],[2.39055,49.1379],[2.39084,49.13753],[2.39092,49.13734],[2.39121,49.13721],[2.3913,49.13713],[2.39153,49.13714],[2.39169,49.13709],[2.39202,49.13708],[2.39264,49.1369],[2.39342,49.13676],[2.39365,49.13668],[2.39532,49.13647],[2.39571,49.13639],[2.39643,49.13632],[2.39644,49.13627],[2.39649,49.1362],[2.39665,49.13616],[2.39662,49.13589],[2.39681,49.13566],[2.39717,49.13562],[2.39743,49.13552],[2.39787,49.13555],[2.39826,49.1357],[2.3984,49.13582],[2.39852,49.136],[2.39853,49.13609],[2.39877,49.13616],[2.39915,49.13641],[2.39904,49.1366],[2.39918,49.13675],[2.39919,49.13678],[2.3991,49.1368],[2.39909,49.13683],[2.39915,49.13701],[2.39892,49.13699],[2.39859,49.13635],[2.39849,49.13626],[2.39823,49.1361],[2.39755,49.13612],[2.39694,49.13628],[2.39644,49.13627]]}},
{"type":"Feature","properties":{"NOM":"L'Ysieux","ETAT":1,"CODE_MODIF":0,"DATE_MODIF":null,"MODIFICATI":null,"RAPPORT_UR":null,"ID_NOM":"N0010","ID_TRONCON":"T1350","ID_COURSDE":"N0010T1350","ORIGINE1":"SCAN25","BCAE":"oui","ZNT":"oui"},"geometry":{"type":"LineString","coordinates":[[2.39915,49.13701],[2.39948,49.13695],[2.40072,49.13661],[2.40152,49.1365],[2.40191,49.13636],[2.40224,49.13633],[2.40275,49.13616],[2.40345,49.13619],[2.40376,49.13618],[2.404,49.13612],[2.40432,49.13614],[2.40456,49.13609],[2.40494,49.13607],[2.40523,49.13596],[2.40548,49.13592],[2.4058,49.13575],[2.40659,49.1356],[2.40685,49.13551],[2.40715,49.13548],[2.40753,49.13535],[2.40792,49.1353],[2.40844,49.13491],[2.40862,49.13474],[2.40924,49.13455],[2.40954,49.13454],[2.40972,49.13449],[2.41014,49.13431],[2.41057,49.13424],[2.41079,49.13412],[2.41099,49.13395],[2.4116,49.13378],[2.4121,49.13373],[2.41227,49.13374],[2.41282,49.13356],[2.41356,49.13348],[2.41385,49.13335],[2.41433,49.13333],[2.41446,49.13319],[2.41452,49.13318],[2.41501,49.13317],[2.41526,49.13324],[2.41553,49.13316],[2.41604,49.13318],[2.41687,49.13307],[2.41711,49.13299],[2.41749,49.13272],[2.4177,49.13251],[2.41785,49.132],[2.41808,49.13171],[2.41852,49.13144],[2.41875,49.13124],[2.41921,49.13105],[2.41941,49.13083],[2.41963,49.13075],[2.41979,49.1306],[2.42093,49.13007],[2.42108,49.12985],[2.42121,49.12984],[2.4214,49.12976],[2.42161,49.1297],[2.42202,49.12942],[2.42226,49.12932],[2.42249,49.12929],[2.42256,49.12925],[2.42263,49.12905],[2.42268,49.12902],[2.42295,49.12895],[2.4231,49.12886],[2.42332,49.12882],[2.4236,49.12867],[2.42394,49.12856],[2.42414,49.12843],[2.42467,49.12831],[2.42482,49.12818],[2.42507,49.12811],[2.42536,49.12793],[2.42556,49.12793],[2.42591,49.12785],[2.42613,49.12769],[2.4273,49.12664],[2.42739,49.1265],[2.4276,49.12635],[2.42769,49.12613],[2.42794,49.12588],[2.4281,49.12564],[2.42826,49.12549],[2.42844,49.12541],[2.42906,49.12472],[2.42929,49.12453],[2.42946,49.12433],[2.42971,49.12423],[2.43005,49.12376],[2.42988,49.12338],[2.42991,49.12314],[2.43009,49.12298],[2.43041,49.12278],[2.43059,49.12256],[2.43138,49.12198],[2.4317,49.12161],[2.43231,49.12136],[2.43262,49.12115],[2.43355,49.12031],[2.4353,49.11903],[2.43542,49.11886],[2.43554,49.11857],[2.43569,49.1185],[2.43578,49.11837],[2.43601,49.11822],[2.43609,49.11796],[2.43654,49.11754],[2.43656,49.11741],[2.43643,49.11729],[2.43434,49.11862],[2.4339,49.11887],[2.43325,49.1194],[2.43296,49.11954],[2.43208,49.11985],[2.43176,49.12006],[2.43146,49.12035],[2.4313,49.12064],[2.43124,49.12092],[2.43134,49.1212],[2.43133,49.12129],[2.43128,49.12135]]}},
{"type":"Feature","properties":{"NOM":"L'Ysieux","ETAT":1,"CODE_MODIF":0,"DATE_MODIF":null,"MODIFICATI":null,"RAPPORT_UR":null,"ID_NOM":"N0010","ID_TRONCON":"T1351","ID_COURSDE":"N0010T1351","ORIGINE1":"SCAN25","BCAE":"oui","ZNT":"oui"},"geometry":{"type":"LineString","coordinates":[[2.4316,49.12107],[2.43148,49.12111],[2.43135,49.12133],[2.43034,49.12166],[2.43009,49.12182],[2.43004,49.12188],[2.42988,49.1223],[2.42975,49.1228],[2.42937,49.12306],[2.42897,49.12325],[2.42867,49.12355],[2.42847,49.12367],[2.42824,49.12393],[2.42805,49.124],[2.42787,49.12401],[2.42769,49.12418],[2.42764,49.12444],[2.42729,49.12482],[2.42662,49.1258],[2.42644,49.12596],[2.42609,49.12639],[2.42517,49.12757],[2.42464,49.12796],[2.42398,49.1284],[2.4238,49.12856],[2.4236,49.12867]]}},
{"type":"Feature","properties":{"NOM":"L'Ysieux","ETAT":1,"CODE_MODIF":0,"DATE_MODIF":null,"MODIFICATI":null,"RAPPORT_UR":null,"ID_NOM":"N0010","ID_TRONCON":"T1352","ID_COURSDE":"N0010T1352","ORIGINE1":"SCAN25","BCAE":"oui","ZNT":"oui"},"geometry":{"type":"LineString","coordinates":[[2.43643,49.11729],[2.4367,49.1171],[2.43699,49.11704],[2.43736,49.11702],[2.43754,49.11687],[2.43779,49.1168],[2.43806,49.11666],[2.4383,49.11663],[2.43849,49.11653],[2.43908,49.11647],[2.43933,49.11649],[2.43943,49.11646],[2.43968,49.11633],[2.44094,49.11549],[2.44115,49.1153],[2.44141,49.11522],[2.44161,49.11524],[2.44175,49.1152],[2.44193,49.11512],[2.44238,49.11479],[2.44253,49.11473],[2.44375,49.11451],[2.44454,49.1143],[2.44482,49.1142],[2.44513,49.11403],[2.44517,49.11388],[2.44514,49.11372],[2.44528,49.11368],[2.44532,49.11364],[2.44532,49.11358],[2.44527,49.11354],[2.44517,49.11352],[2.44514,49.11348],[2.44514,49.11342],[2.44532,49.11334],[2.44535,49.11328],[2.44531,49.11324],[2.4452,49.11324],[2.44514,49.11319],[2.44517,49.11311],[2.4453,49.11303],[2.4453,49.11285],[2.44523,49.11279],[2.445,49.11268],[2.44495,49.11262],[2.445,49.11247],[2.44494,49.11229],[2.44505,49.11207],[2.44495,49.11183],[2.44495,49.11165],[2.44486,49.11146],[2.44488,49.11138],[2.44483,49.11124],[2.44486,49.11109],[2.44466,49.11079],[2.44452,49.11048],[2.44417,49.11031],[2.44426,49.11018],[2.44418,49.10995],[2.44411,49.10986],[2.44386,49.10973],[2.44374,49.10957],[2.44369,49.10937],[2.44361,49.10928],[2.44331,49.10924],[2.44321,49.10917],[2.44307,49.10885],[2.44286,49.1088],[2.44272,49.10841],[2.44252,49.10823],[2.44218,49.10812],[2.44207,49.10792],[2.44188,49.10772],[2.44178,49.10755],[2.4417,49.10696],[2.44148,49.10628],[2.44114,49.10614],[2.44112,49.10611],[2.44115,49.10589],[2.44148,49.10507],[2.4413,49.10494],[2.44115,49.10473],[2.44056,49.10425],[2.44038,49.10406],[2.44023,49.10394],[2.44016,49.10392],[2.43996,49.10373],[2.43986,49.10358],[2.43961,49.10337],[2.43955,49.10327],[2.43981,49.10249],[2.43997,49.1025],[2.44075,49.10272],[2.4408,49.10271],[2.44097,49.10258],[2.4411,49.10225],[2.44126,49.10208],[2.4417,49.10194]]}},
{"type":"Feature","properties":{"NOM":"L'Ysieux","ETAT":1,"CODE_MODIF":0,"DATE_MODIF":null,"MODIFICATI":null,"RAPPORT_UR":null,"ID_NOM":"N0010","ID_TRONCON":"T1353","ID_COURSDE":"N0010T1353","ORIGINE1":"SCAN25","BCAE":"oui","ZNT":"oui"},"geometry":{"type":"LineString","coordinates":[[2.44233,49.10189],[2.44182,49.10195],[2.4417,49.10194],[2.44198,49.10207],[2.44213,49.1021],[2.44225,49.10209],[2.4423,49.10203],[2.44236,49.10177],[2.44236,49.10172],[2.44255,49.1015],[2.44264,49.10117],[2.44281,49.10073],[2.44308,49.10048],[2.44325,49.10019],[2.44378,49.0997],[2.44407,49.09953],[2.44472,49.09923],[2.44503,49.09914],[2.44531,49.09911],[2.44545,49.09906],[2.44595,49.09901],[2.44602,49.09896],[2.44632,49.09898],[2.4473,49.09868],[2.44794,49.09866],[2.44839,49.0986],[2.44882,49.09863],[2.44892,49.09857],[2.44944,49.09846],[2.4496,49.09847],[2.44976,49.09862],[2.45029,49.09884],[2.45031,49.099],[2.45038,49.09904],[2.45074,49.09904],[2.45109,49.099],[2.45147,49.0991],[2.4516,49.0991]]}},
{"type":"Feature","properties":{"NOM":"L'Ysieux","ETAT":1,"CODE_MODIF":0,"DATE_MODIF":null,"MODIFICATI":null,"RAPPORT_UR":null,"ID_NOM":"N0010","ID_TRONCON":"T1354","ID_COURSDE":"N0010T1354","ORIGINE1":"SCAN25","BCAE":"oui","ZNT":"oui"},"geometry":{"type":"LineString","coordinates":[[2.47409,49.09534],[2.47378,49.09551],[2.47192,49.09597],[2.47171,49.09594],[2.4716,49.09579],[2.47143,49.09581],[2.47125,49.09575],[2.47072,49.09536],[2.4706,49.0952],[2.47029,49.09534],[2.46908,49.09575],[2.46867,49.09593],[2.46851,49.09593],[2.46833,49.09584],[2.46804,49.09588]]}},
{"type":"Feature","properties":{"NOM":"L'Ysieux","ETAT":1,"CODE_MODIF":0,"DATE_MODIF":null,"MODIFICATI":null,"RAPPORT_UR":null,"ID_NOM":"N0010","ID_TRONCON":"T1355","ID_COURSDE":"N0010T1355","ORIGINE1":"SCAN25","BCAE":"oui","ZNT":"oui"},"geometry":{"type":"LineString","coordinates":[[2.46867,49.09593],[2.4684,49.0954],[2.469,49.09524],[2.46938,49.09511],[2.47026,49.09518],[2.47205,49.09509],[2.4738,49.09464],[2.4739,49.0947],[2.47409,49.09534],[2.47426,49.09531],[2.47437,49.09518],[2.47457,49.09515],[2.47479,49.09516],[2.47505,49.09509],[2.47524,49.09509],[2.47533,49.09505],[2.47561,49.09505],[2.47573,49.09489],[2.47595,49.09476],[2.47626,49.09475],[2.47655,49.09467],[2.47714,49.09467],[2.47722,49.09465],[2.47755,49.09446],[2.47778,49.0944],[2.47797,49.09439],[2.47852,49.0941],[2.47921,49.09413],[2.47925,49.09405],[2.47944,49.0941],[2.47973,49.09425],[2.4801,49.09436],[2.48026,49.09435],[2.48025,49.09448],[2.48028,49.09457],[2.48036,49.09463],[2.48049,49.09464],[2.48073,49.09455],[2.48093,49.0946],[2.48106,49.09469],[2.48215,49.0945],[2.4827,49.0945],[2.48291,49.09457],[2.4838,49.09449],[2.48386,49.09438],[2.48429,49.09434],[2.48498,49.09434],[2.48514,49.0943],[2.48544,49.09439],[2.48561,49.09449],[2.48574,49.09449],[2.48681,49.09433],[2.48712,49.09433],[2.48726,49.09425],[2.48739,49.09425],[2.48771,49.09431],[2.48789,49.09445],[2.48852,49.09461],[2.48895,49.09477],[2.48921,49.09483],[2.48928,49.09488],[2.48968,49.09496],[2.48989,49.09492],[2.49002,49.09501],[2.49064,49.09514],[2.49175,49.09523],[2.49189,49.0952],[2.49211,49.09509],[2.49226,49.09505],[2.49245,49.09492],[2.49266,49.0949],[2.49292,49.09474],[2.49348,49.09464],[2.49375,49.09435],[2.49382,49.09417],[2.49404,49.09402],[2.49461,49.09372],[2.49494,49.09364],[2.49638,49.09339],[2.49722,49.09313],[2.49753,49.09299],[2.4977,49.09266],[2.49812,49.09233],[2.49835,49.09223]]}},
{"type":"Feature","properties":{"NOM":"L'Ysieux","ETAT":1,"CODE_MODIF":0,"DATE_MODIF":null,"MODIFICATI":null,"RAPPORT_UR":null,"ID_NOM":"N0010","ID_TRONCON":"T1356","ID_COURSDE":"N0010T1356","ORIGINE1":"SCAN25","BCAE":"oui","ZNT":"oui"},"geometry":{"type":"LineString","coordinates":[[2.46764,49.0956],[2.4684,49.0954]]}},
{"type":"Feature","properties":{"NOM":"L'Ysieux","ETAT":1,"CODE_MODIF":0,"DATE_MODIF":null,"MODIFICATI":null,"RAPPORT_UR":null,"ID_NOM":"N0010","ID_TRONCON":"T1357","ID_COURSDE":"N0010T1357","ORIGINE1":"SCAN25","BCAE":"oui","ZNT":"oui"},"geometry":{"type":"LineString","coordinates":[[2.4707,49.09516],[2.4706,49.0952]]}},
{"type":"Feature","properties":{"NOM":"L'Ysieux","ETAT":1,"CODE_MODIF":0,"DATE_MODIF":null,"MODIFICATI":null,"RAPPORT_UR":null,"ID_NOM":"N0010","ID_TRONCON":"T1358","ID_COURSDE":"N0010T1358","ORIGINE1":"SCAN25","BCAE":"oui","ZNT":"oui"},"geometry":{"type":"LineString","coordinates":[[2.45336,49.09912],[2.4516,49.0991],[2.45198,49.09898],[2.45288,49.09847],[2.45302,49.09835],[2.45301,49.09832],[2.45292,49.09833],[2.45292,49.09828],[2.45391,49.09788],[2.45439,49.0978],[2.4547,49.09779],[2.45522,49.09786],[2.45586,49.09785],[2.45629,49.09791],[2.4573,49.09815],[2.45759,49.09811],[2.4579,49.09817],[2.45834,49.09821],[2.45857,49.0982],[2.45938,49.09808],[2.45986,49.09809],[2.46041,49.09805],[2.46055,49.09799],[2.46057,49.0979],[2.46063,49.09786],[2.46077,49.09786],[2.46098,49.09776],[2.46107,49.09775],[2.46136,49.09785],[2.46148,49.09781],[2.46159,49.09766],[2.46214,49.0976],[2.46239,49.09752],[2.4625,49.09752],[2.46259,49.09757],[2.46267,49.09755],[2.46302,49.09733],[2.4632,49.09739],[2.46351,49.09726],[2.46373,49.09723],[2.46387,49.09716],[2.46408,49.09718],[2.46437,49.09706],[2.46448,49.09706],[2.46471,49.09696],[2.46494,49.09678],[2.46512,49.09651],[2.46516,49.0963],[2.46752,49.09568],[2.46764,49.09561],[2.4678,49.09561],[2.46804,49.09588],[2.46781,49.09596],[2.46767,49.09611],[2.46754,49.09638],[2.4671,49.0966],[2.46621,49.0968],[2.46583,49.09676],[2.46568,49.09655]]}},
{"type":"Feature","properties":{"NOM":"L'Ysieux","ETAT":0,"CODE_MODIF":5,"DATE_MODIF":"2012-10-08","MODIFICATI":"SUPPRESSION","RAPPORT_UR":"\\\\Sbl95-03\\gb_cons\\EAU\\N_MASSE_EAU\\L_COURS_DEAU_L_095\\Multi_0008.PDF","ID_NOM":"N0010","ID_TRONCON":"T1359","ID_COURSDE":"N0010T1359","ORIGINE1":"TERRAIN","BCAE":"non","ZNT":"non"},"geometry":{"type":"LineString","coordinates":[[2.46591,49.0968],[2.46575,49.09682],[2.4652,49.09715]]}},
{"type":"Feature","properties":{"NOM":"Sans nom","ETAT":1,"CODE_MODIF":0,"DATE_MODIF":null,"MODIFICATI":null,"RAPPORT_UR":null,"ID_NOM":"N9999","ID_TRONCON":"T1360","ID_COURSDE":"N9999T1360","ORIGINE1":"SCAN25","BCAE":"oui","ZNT":"oui"},"geometry":{"type":"MultiLineString","coordinates":[[[2.46553,49.09802],[2.4653,49.09794],[2.4654,49.09762],[2.46525,49.09733],[2.4652,49.09715],[2.46505,49.09727],[2.46459,49.09822],[2.46359,49.09864],[2.46335,49.09866],[2.46312,49.09863],[2.463,49.09869],[2.46269,49.09875],[2.46239,49.0986],[2.46206,49.09857],[2.46173,49.09866],[2.46095,49.09881],[2.45934,49.09894],[2.45816,49.09908]],[[2.45816,49.09908],[2.45789,49.09922],[2.45776,49.09926],[2.45764,49.09926],[2.45758,49.09929],[2.45745,49.09931],[2.45705,49.09932],[2.45601,49.09914],[2.45553,49.09919],[2.45448,49.09921],[2.4541,49.09916],[2.45336,49.09912],[2.45355,49.09895],[2.45378,49.09895],[2.45404,49.09888],[2.45432,49.09873],[2.45454,49.09872],[2.45494,49.0988],[2.45544,49.09872],[2.45611,49.09869],[2.45771,49.09896],[2.45816,49.09908]]]}},
{"type":"Feature","properties":{"NOM":"L'Ysieux","ETAT":2,"CODE_MODIF":0,"DATE_MODIF":"2012-10-08","MODIFICATI":"TRACÉ","RAPPORT_UR":"\\\\Sbl95-03\\gb_cons\\EAU\\N_MASSE_EAU\\L_COURS_DEAU_L_095\\Multi_0008.PDF","ID_NOM":"N0010","ID_TRONCON":"T1361","ID_COURSDE":"N0010T1361","ORIGINE1":"SCAN25","BCAE":"non","ZNT":"oui"},"geometry":{"type":"LineString","coordinates":[[2.46568,49.09655],[2.46546,49.09623]]}},
{"type":"Feature","properties":{"NOM":"Sans nom","ETAT":3,"CODE_MODIF":4,"DATE_MODIF":"2012-10-19","MODIFICATI":"ETAT 2 EN 3","RAPPORT_UR":null,"ID_NOM":"N9999","ID_TRONCON":"T1362","ID_COURSDE":"N9999T1362","ORIGINE1":"TERRAIN","BCAE":"non","ZNT":"oui"},"geometry":{"type":"LineString","coordinates":[[1.98017,49.17132],[1.9805,49.17204],[1.98115,49.17316],[1.98148,49.17365],[1.98165,49.17555]]}},
{"type":"Feature","properties":{"NOM":"Sans nom","ETAT":2,"CODE_MODIF":0,"DATE_MODIF":null,"MODIFICATI":null,"RAPPORT_UR":null,"ID_NOM":"N9999","ID_TRONCON":"T1363","ID_COURSDE":"N9999T1363","ORIGINE1":"SCAN25","BCAE":"non","ZNT":"oui"},"geometry":{"type":"LineString","coordinates":[[1.98165,49.17555],[1.9813,49.17588],[1.9805,49.17642],[1.97943,49.1773],[1.97907,49.17784],[1.97882,49.17847],[1.9787,49.17933],[1.97833,49.18033],[1.97822,49.18081],[1.97829,49.181],[1.97868,49.18123],[1.97887,49.18141],[1.97933,49.18234]]}},
{"type":"Feature","properties":{"NOM":"Sans nom","ETAT":2,"CODE_MODIF":0,"DATE_MODIF":null,"MODIFICATI":null,"RAPPORT_UR":null,"ID_NOM":"N9999","ID_TRONCON":"T1364","ID_COURSDE":"N9999T1364","ORIGINE1":"SCAN25","BCAE":"non","ZNT":"oui"},"geometry":{"type":"LineString","coordinates":[[1.98578,49.16635],[1.98634,49.16731],[1.98676,49.16788],[1.98702,49.16801],[1.98809,49.16825],[1.98914,49.16863],[1.9896,49.16891],[1.99038,49.16958],[1.99064,49.17003],[1.99076,49.1705],[1.99079,49.17094],[1.99077,49.17115],[1.99066,49.17149],[1.99037,49.17184],[1.99022,49.17292]]}},
{"type":"Feature","properties":{"NOM":"Sans nom","ETAT":3,"CODE_MODIF":4,"DATE_MODIF":"2012-10-19","MODIFICATI":"ETAT 2 EN 3","RAPPORT_UR":null,"ID_NOM":"N9999","ID_TRONCON":"T1365","ID_COURSDE":"N9999T1365","ORIGINE1":"TERRAIN","BCAE":"non","ZNT":"oui"},"geometry":{"type":"LineString","coordinates":[[1.99022,49.17292],[1.99048,49.17319],[1.99048,49.17336],[1.99078,49.17371],[1.99093,49.17384],[1.99118,49.17396]]}},
{"type":"Feature","properties":{"NOM":"Sans nom","ETAT":2,"CODE_MODIF":0,"DATE_MODIF":null,"MODIFICATI":null,"RAPPORT_UR":null,"ID_NOM":"N9999","ID_TRONCON":"T1366","ID_COURSDE":"N9999T1366","ORIGINE1":"SCAN25","BCAE":"non","ZNT":"oui"},"geometry":{"type":"LineString","coordinates":[[2.4392,49.0909],[2.43894,49.09087],[2.43815,49.09086],[2.43787,49.09081],[2.43732,49.09081],[2.43674,49.09026],[2.43621,49.08998],[2.43585,49.08969],[2.43539,49.08923],[2.43522,49.08893],[2.43479,49.08845],[2.43454,49.08811],[2.4342,49.08779],[2.43396,49.08763],[2.43349,49.08754],[2.4334,49.08742],[2.43299,49.0867],[2.43285,49.0863],[2.43256,49.08577],[2.43195,49.08444],[2.43186,49.08431],[2.43152,49.08404],[2.4308,49.08334],[2.43055,49.08316],[2.42925,49.08247]]}},
{"type":"Feature","properties":{"NOM":"Sans nom","ETAT":2,"CODE_MODIF":0,"DATE_MODIF":null,"MODIFICATI":null,"RAPPORT_UR":null,"ID_NOM":"N9999","ID_TRONCON":"T1367","ID_COURSDE":"N9999T1367","ORIGINE1":"SCAN25","BCAE":"non","ZNT":"oui"},"geometry":{"type":"LineString","coordinates":[[2.44644,49.09269],[2.44626,49.09262],[2.44533,49.09252],[2.44444,49.09215],[2.4425,49.09153]]}},
{"type":"Feature","properties":{"NOM":"Sans nom","ETAT":0,"CODE_MODIF":5,"DATE_MODIF":"2012-12-13","MODIFICATI":"SUPPRESSION","RAPPORT_UR":null,"ID_NOM":"N9999","ID_TRONCON":"T1368","ID_COURSDE":"N9999T1368","ORIGINE1":"TERRAIN","BCAE":"non","ZNT":"non"},"geometry":{"type":"LineString","coordinates":[[2.4425,49.09153],[2.44153,49.09138],[2.44083,49.09114],[2.44023,49.09107],[2.43996,49.09098],[2.43942,49.09095],[2.4392,49.0909]]}},
{"type":"Feature","properties":{"NOM":"Le Ru de Dalibray","ETAT":1,"CODE_MODIF":0,"DATE_MODIF":null,"MODIFICATI":null,"RAPPORT_UR":null,"ID_NOM":"N0121","ID_TRONCON":"T1369","ID_COURSDE":"N0121T1369","ORIGINE1":"SCAN25","BCAE":"oui","ZNT":"oui"},"geometry":{"type":"LineString","coordinates":[[1.86132,49.01831],[1.86141,49.0184],[1.86136,49.01863],[1.86137,49.01899],[1.86099,49.01945],[1.8614,49.01985],[1.86202,49.01994],[1.86235,49.02017],[1.86266,49.02027],[1.86287,49.02043],[1.8629,49.02053],[1.86287,49.02071],[1.86325,49.02089],[1.86379,49.02125],[1.86396,49.02133],[1.86494,49.02163],[1.86644,49.02219],[1.8689,49.02334],[1.86944,49.02349],[1.8697,49.02376],[1.86985,49.02406],[1.87031,49.02443],[1.87069,49.02453],[1.87175,49.025],[1.87201,49.02513],[1.87232,49.02537],[1.87315,49.02566],[1.87337,49.02592],[1.87361,49.02605]]}},
{"type":"Feature","properties":{"NOM":"Le Ru de Dalibray","ETAT":3,"CODE_MODIF":4,"DATE_MODIF":"2013-01-07","MODIFICATI":"ETAT 1 EN 3","RAPPORT_UR":null,"ID_NOM":"N0121","ID_TRONCON":"T1370","ID_COURSDE":"N0121T1370","ORIGINE1":"TERRAIN","BCAE":"non","ZNT":"oui"},"geometry":{"type":"LineString","coordinates":[[1.87361,49.02605],[1.87382,49.0261]]}},
{"type":"Feature","properties":{"NOM":"Viosne","ETAT":1,"CODE_MODIF":0,"DATE_MODIF":null,"MODIFICATI":null,"RAPPORT_UR":null,"ID_NOM":"N0089","ID_TRONCON":"T1371","ID_COURSDE":"N0089T1371","ORIGINE1":"SCAN25","BCAE":"oui","ZNT":"oui"},"geometry":{"type":"LineString","coordinates":[[1.97518,49.09914],[1.97504,49.09896],[1.97509,49.09771],[1.97487,49.09754],[1.97465,49.09749]]}},
{"type":"Feature","properties":{"NOM":"Viosne","ETAT":1,"CODE_MODIF":0,"DATE_MODIF":null,"MODIFICATI":null,"RAPPORT_UR":null,"ID_NOM":"N0089","ID_TRONCON":"T1372","ID_COURSDE":"N0089T1372","ORIGINE1":"SCAN25","BCAE":"oui","ZNT":"oui"},"geometry":{"type":"LineString","coordinates":[[1.97317,49.1007],[1.97326,49.10064],[1.97374,49.10059],[1.97432,49.10018],[1.97442,49.10003],[1.97441,49.09995]]}},
{"type":"Feature","properties":{"NOM":"Sans nom","ETAT":0,"CODE_MODIF":5,"DATE_MODIF":"2013-01-31","MODIFICATI":"SUPPRESSION","RAPPORT_UR":null,"ID_NOM":"N9999","ID_TRONCON":"T1373","ID_COURSDE":"N9999T1373","ORIGINE1":"TERRAIN","BCAE":"non","ZNT":"non"},"geometry":{"type":"LineString","coordinates":[[1.97454,49.10002],[1.97489,49.0998],[1.9751,49.09974],[1.97531,49.09975],[1.97551,49.09982],[1.97536,49.0993],[1.97518,49.09914]]}},
{"type":"Feature","properties":{"NOM":"Sans nom","ETAT":3,"CODE_MODIF":3,"DATE_MODIF":"2013-01-31","MODIFICATI":"TRACÉ","RAPPORT_UR":null,"ID_NOM":"N9999","ID_TRONCON":"T1374","ID_COURSDE":"N9999T1374","ORIGINE1":"TERRAIN","BCAE":"non","ZNT":"oui"},"geometry":{"type":"LineString","coordinates":[[1.97441,49.09995],[1.97386,49.0996]]}},
{"type":"Feature","properties":{"NOM":"Sans nom","ETAT":1,"CODE_MODIF":0,"DATE_MODIF":"2013-02-15","MODIFICATI":"TRACÉ","RAPPORT_UR":null,"ID_NOM":"N9999","ID_TRONCON":"T1375","ID_COURSDE":"N9999T1375","ORIGINE1":"SCAN25","BCAE":"oui","ZNT":"oui"},"geometry":{"type":"LineString","coordinates":[[2.05029,49.06584],[2.05019,49.06515]]}},
{"type":"Feature","properties":{"NOM":"Le Ru de La Gouline","ETAT":1,"CODE_MODIF":0,"DATE_MODIF":null,"MODIFICATI":null,"RAPPORT_UR":null,"ID_NOM":"N0044","ID_TRONCON":"T1376","ID_COURSDE":"N0044T1376","ORIGINE1":"SCAN25","BCAE":"oui","ZNT":"oui"},"geometry":{"type":"LineString","coordinates":[[1.9134,49.12521],[1.91105,49.12529],[1.90985,49.12531]]}},
{"type":"Feature","properties":{"NOM":"Le Ru de La Gouline","ETAT":0,"CODE_MODIF":5,"DATE_MODIF":"2013-04-24","MODIFICATI":"SUPPRESSION","RAPPORT_UR":null,"ID_NOM":"N0044","ID_TRONCON":"T1377","ID_COURSDE":"N0044T1377","ORIGINE1":"TERRAIN","BCAE":"non","ZNT":"non"},"geometry":{"type":"LineString","coordinates":[[1.90985,49.12531],[1.9084,49.12481],[1.90742,49.12426],[1.90715,49.12391],[1.90682,49.12326],[1.90618,49.12319],[1.90547,49.12299]]}},
{"type":"Feature","properties":{"NOM":"Ru de la Gouline","ETAT":1,"CODE_MODIF":3,"DATE_MODIF":"2013-04-24","MODIFICATI":"TRACÉ","RAPPORT_UR":null,"ID_NOM":"N0122","ID_TRONCON":"T1378","ID_COURSDE":"N0122T1378","ORIGINE1":"TERRAIN","BCAE":"oui","ZNT":"oui"},"geometry":{"type":"LineString","coordinates":[[1.90946,49.1244],[1.9102,49.12458],[1.90985,49.12531]]}},
{"type":"Feature","properties":{"NOM":"L'Aubette de Magny","ETAT":0,"CODE_MODIF":5,"DATE_MODIF":"2013-04-11","MODIFICATI":"SUPPRESSION","RAPPORT_UR":null,"ID_NOM":"N0006","ID_TRONCON":"T1379","ID_COURSDE":"N0006T1379","ORIGINE1":"TERRAIN","BCAE":"non","ZNT":"non"},"geometry":{"type":"LineString","coordinates":[[1.77224,49.14914],[1.77168,49.1491],[1.77145,49.14894],[1.77109,49.14885],[1.7708,49.14868],[1.7703,49.14849],[1.7694,49.14822],[1.76895,49.14797],[1.76877,49.14779],[1.76807,49.14738]]}},
{"type":"Feature","properties":{"NOM":"L'Aubette de Magny","ETAT":1,"CODE_MODIF":0,"DATE_MODIF":null,"MODIFICATI":null,"RAPPORT_UR":null,"ID_NOM":"N0006","ID_TRONCON":"T1380","ID_COURSDE":"N0006T1380","ORIGINE1":"SCAN25","BCAE":"oui","ZNT":"oui"},"geometry":{"type":"LineString","coordinates":[[1.76807,49.14738],[1.76782,49.14731],[1.76712,49.14702],[1.76613,49.14684],[1.76552,49.14667],[1.76517,49.14661]]}},
{"type":"Feature","properties":{"NOM":"Le Ru du Lavoir","ETAT":0,"CODE_MODIF":5,"DATE_MODIF":"2013-04-11","MODIFICATI":null,"RAPPORT_UR":null,"ID_NOM":"N0060","ID_TRONCON":"T1381","ID_COURSDE":"N0060T1381","ORIGINE1":"TERRAIN","BCAE":"non","ZNT":"non"},"geometry":{"type":"LineString","coordinates":[[1.7724,49.14914],[1.77241,49.14908],[1.77292,49.14851],[1.77466,49.14733],[1.77633,49.14627],[1.77686,49.14587],[1.78178,49.14329],[1.7829,49.14265],[1.78349,49.14224],[1.78386,49.14189],[1.78412,49.1416],[1.78431,49.14122],[1.78445,49.1408],[1.78454,49.1399],[1.78478,49.13932],[1.78502,49.13907],[1.78576,49.13854],[1.78628,49.13837],[1.78883,49.13786],[1.79039,49.13726],[1.79119,49.1373],[1.79126,49.13723],[1.7916,49.13704]]}},
{"type":"Feature","properties":{"NOM":"Le Ru du Lavoir","ETAT":2,"CODE_MODIF":0,"DATE_MODIF":null,"MODIFICATI":null,"RAPPORT_UR":null,"ID_NOM":"N0060","ID_TRONCON":"T1382","ID_COURSDE":"N0060T1382","ORIGINE1":"SCAN25","BCAE":"non","ZNT":"oui"},"geometry":{"type":"LineString","coordinates":[[1.7916,49.13704],[1.79213,49.13677],[1.7937,49.1363],[1.79407,49.13622],[1.79437,49.13619],[1.79457,49.13623],[1.79648,49.13581]]}},
{"type":"Feature","properties":{"NOM":"L'Epte","ETAT":2,"CODE_MODIF":3,"DATE_MODIF":"2013-05-13","MODIFICATI":"TRACÉ","RAPPORT_UR":null,"ID_NOM":"N0008","ID_TRONCON":"T1383","ID_COURSDE":"N0008T1383","ORIGINE1":"TERRAIN","BCAE":"non","ZNT":"oui"},"geometry":{"type":"LineString","coordinates":[[1.65481,49.13771],[1.65498,49.13778],[1.65526,49.13779],[1.65556,49.13803],[1.65574,49.1381],[1.65636,49.13811]]}},
{"type":"Feature","properties":{"NOM":"Sans nom","ETAT":2,"CODE_MODIF":0,"DATE_MODIF":null,"MODIFICATI":null,"RAPPORT_UR":null,"ID_NOM":"N9999","ID_TRONCON":"T1384","ID_COURSDE":"N9999T1384","ORIGINE1":"SCAN25","BCAE":"non","ZNT":"oui"},"geometry":{"type":"LineString","coordinates":[[2.02887,49.16772],[2.02879,49.16769],[2.02896,49.16733],[2.02901,49.16713],[2.02899,49.16625],[2.03067,49.165]]}},
{"type":"Feature","properties":{"NOM":"Sans nom","ETAT":3,"CODE_MODIF":7,"DATE_MODIF":"2013-08-21","MODIFICATI":"ETAT 2 EN 3","RAPPORT_UR":null,"ID_NOM":"N9999","ID_TRONCON":"T1385","ID_COURSDE":"N9999T1385","ORIGINE1":"TERRAIN","BCAE":"non","ZNT":"oui"},"geometry":{"type":"LineString","coordinates":[[2.03067,49.165],[2.03095,49.16493],[2.03174,49.1648]]}},
{"type":"Feature","properties":{"NOM":"Sans nom","ETAT":2,"CODE_MODIF":0,"DATE_MODIF":null,"MODIFICATI":null,"RAPPORT_UR":null,"ID_NOM":"N9999","ID_TRONCON":"T1386","ID_COURSDE":"N9999T1386","ORIGINE1":"SCAN25","BCAE":"non","ZNT":"oui"},"geometry":{"type":"LineString","coordinates":[[2.03174,49.1648],[2.03289,49.16357],[2.03317,49.16306],[2.03338,49.1624],[2.03384,49.16173],[2.03412,49.16156]]}},
{"type":"Feature","properties":{"NOM":"Le Ru du Vieux Moutiers","ETAT":2,"CODE_MODIF":0,"DATE_MODIF":null,"MODIFICATI":null,"RAPPORT_UR":null,"ID_NOM":"N0063","ID_TRONCON":"T1387","ID_COURSDE":"N0063T1387","ORIGINE1":"SCAN25","BCAE":"non","ZNT":"oui"},"geometry":{"type":"LineString","coordinates":[[2.28103,49.0658],[2.28119,49.06582],[2.28163,49.0663],[2.28233,49.06688],[2.28277,49.06737],[2.28277,49.06752],[2.28246,49.06835]]}},
{"type":"Feature","properties":{"NOM":"Le Ru du Vieux Moutiers","ETAT":0,"CODE_MODIF":5,"DATE_MODIF":"2013-11-08","MODIFICATI":"SUPPRESSION","RAPPORT_UR":"\\\\Sbl95-03\\gb_cons\\EAU\\N_MASSE_EAU\\L_COURS_DEAU_L_095\\N0063T1388.jpg","ID_NOM":"N0063","ID_TRONCON":"T1388","ID_COURSDE":"N0063T1388","ORIGINE1":"TERRAIN","BCAE":"non","ZNT":"non"},"geometry":{"type":"LineString","coordinates":[[2.28246,49.06835],[2.28262,49.06857],[2.28393,49.07137],[2.28396,49.07149],[2.28385,49.07169],[2.28385,49.07179],[2.2842,49.07209],[2.28441,49.07241],[2.28459,49.07256],[2.2857,49.07267],[2.28619,49.07275],[2.28635,49.0728],[2.28751,49.0734],[2.28757,49.07346],[2.28769,49.07387],[2.28827,49.07523],[2.28878,49.07604],[2.28879,49.07617],[2.28865,49.07628],[2.2882,49.07635],[2.28806,49.07663],[2.28795,49.07675],[2.28789,49.0771],[2.2878,49.07736],[2.28768,49.07754],[2.28724,49.07797],[2.28692,49.07821],[2.28652,49.07828],[2.28606,49.07856],[2.28575,49.07891],[2.28556,49.07905],[2.28522,49.07916],[2.28482,49.07953]]}},
{"type":"Feature","properties":{"NOM":"Sans nom","ETAT":2,"CODE_MODIF":0,"DATE_MODIF":null,"MODIFICATI":null,"RAPPORT_UR":null,"ID_NOM":"N9999","ID_TRONCON":"T1389","ID_COURSDE":"N9999T1389","ORIGINE1":"SCAN25","BCAE":"non","ZNT":"oui"},"geometry":{"type":"LineString","coordinates":[[1.70113,49.22448],[1.69968,49.22349],[1.69106,49.21794],[1.68877,49.21643]]}},
{"type":"Feature","properties":{"NOM":"Sans nom","ETAT":0,"CODE_MODIF":5,"DATE_MODIF":"2014-02-03","MODIFICATI":"SUPPRESSION","RAPPORT_UR":null,"ID_NOM":"N9999","ID_TRONCON":"T1390","ID_COURSDE":"N9999T1390","ORIGINE1":"TERRAIN","BCAE":"non","ZNT":"non"},"geometry":{"type":"LineString","coordinates":[[1.68877,49.21643],[1.68728,49.21741]]}},
{"type":"Feature","properties":{"NOM":"Sans nom","ETAT":2,"CODE_MODIF":3,"DATE_MODIF":"2015-05-13","MODIFICATI":"TRACÉ","RAPPORT_UR":null,"ID_NOM":"N9999","ID_TRONCON":"T1411","ID_COURSDE":"N9999T1411","ORIGINE1":"TERRAIN","BCAE":"non","ZNT":"oui"},"geometry":{"type":"LineString","coordinates":[[1.6648,49.1538],[1.66728,49.15364]]}},
{"type":"Feature","properties":{"NOM":"Ru de la Michelette","ETAT":2,"CODE_MODIF":0,"DATE_MODIF":null,"MODIFICATI":null,"RAPPORT_UR":null,"ID_NOM":"N0096","ID_TRONCON":"T1160","ID_COURSDE":"N0096T1160","ORIGINE1":"SCAN25","BCAE":"non","ZNT":"oui"},"geometry":{"type":"LineString","coordinates":[[2.54792,49.04789],[2.54859,49.04708],[2.5474,49.04628],[2.54619,49.04573],[2.54523,49.04443],[2.54418,49.0427]]}},
{"type":"Feature","properties":{"NOM":"Ru de la Michelette","ETAT":0,"CODE_MODIF":0,"DATE_MODIF":"2015-01-01","MODIFICATI":"FOSSÉ","RAPPORT_UR":"\\\\Sbl95-03\\gb_cons\\EAU\\N_MASSE_EAU\\L_COURS_DEAU_L_095\\UDr20150522Rhin_Louvres","ID_NOM":"N0096","ID_TRONCON":"T1391","ID_COURSDE":"N0096T1391","ORIGINE1":"SCAN25","BCAE":"non","ZNT":"non"},"geometry":{"type":"LineString","coordinates":[[2.54418,49.0427],[2.543,49.04227],[2.54249,49.04212],[2.54188,49.04184],[2.54155,49.04158],[2.54126,49.04151],[2.53983,49.04041],[2.53852,49.03953],[2.53805,49.03938],[2.53555,49.03884],[2.53375,49.03823],[2.53303,49.03801],[2.53259,49.03792],[2.53216,49.03793],[2.531,49.03803],[2.52967,49.03796],[2.52892,49.03798],[2.52837,49.03807],[2.52721,49.03854],[2.52661,49.03866],[2.52513,49.03859],[2.52472,49.03863],[2.52403,49.03897]]}},
{"type":"Feature","properties":{"NOM":"Sans nom","ETAT":0,"CODE_MODIF":6,"DATE_MODIF":"2015-01-02","MODIFICATI":"FOSSÉ","RAPPORT_UR":null,"ID_NOM":"N9999","ID_TRONCON":"T1392","ID_COURSDE":"N9999T1392","ORIGINE1":"TERRAIN","BCAE":"non","ZNT":"non"},"geometry":{"type":"LineString","coordinates":[[2.03035,49.15061],[2.03577,49.14988],[2.04338,49.14847],[2.04389,49.14836],[2.04408,49.14823],[2.04551,49.14794],[2.04587,49.14791],[2.04685,49.148],[2.04705,49.14806],[2.04769,49.14834]]}},
{"type":"Feature","properties":{"NOM":"Sans nom","ETAT":2,"CODE_MODIF":0,"DATE_MODIF":null,"MODIFICATI":null,"RAPPORT_UR":null,"ID_NOM":"N9999","ID_TRONCON":"T1121","ID_COURSDE":"N9999T1121","ORIGINE1":"SCAN25","BCAE":"non","ZNT":"oui"},"geometry":{"type":"LineString","coordinates":[[2.04769,49.14834],[2.05464,49.1513],[2.05497,49.15149],[2.05538,49.15181],[2.05592,49.15216],[2.05612,49.15232],[2.05628,49.15251],[2.05671,49.15276],[2.05702,49.15293],[2.0581,49.15325]]}},
{"type":"Feature","properties":{"NOM":"Le Ru de Presles","ETAT":2,"CODE_MODIF":0,"DATE_MODIF":null,"MODIFICATI":null,"RAPPORT_UR":null,"ID_NOM":"N0112","ID_TRONCON":"T1273","ID_COURSDE":"N0112T1273","ORIGINE1":"SCAN25","BCAE":"non","ZNT":"oui"},"geometry":{"type":"LineString","coordinates":[[2.34807,49.08769],[2.34879,49.0875],[2.34904,49.0874],[2.34928,49.08739],[2.34955,49.08714],[2.34986,49.08707],[2.35011,49.08712],[2.35114,49.08721],[2.35156,49.08721],[2.35175,49.08703],[2.35163,49.08681],[2.35167,49.08674],[2.35108,49.0859],[2.35069,49.08562],[2.3503,49.08522],[2.35023,49.085],[2.35023,49.08482],[2.35008,49.08473],[2.35007,49.08449],[2.35031,49.08443],[2.35058,49.08445],[2.35063,49.08388],[2.35101,49.08374],[2.35152,49.08374],[2.35193,49.08368],[2.35213,49.08368],[2.35238,49.08373],[2.35262,49.08388],[2.3527,49.08397],[2.35278,49.08448],[2.35304,49.08461],[2.35327,49.08466],[2.35425,49.08472],[2.35462,49.08479],[2.35511,49.0847],[2.35538,49.08458],[2.35586,49.08447],[2.35603,49.0845],[2.35617,49.08456]]}},
{"type":"Feature","properties":{"NOM":"Le Ru de Presles","ETAT":2,"CODE_MODIF":0,"DATE_MODIF":"2015-05-18","MODIFICATI":null,"RAPPORT_UR":null,"ID_NOM":"N0112","ID_TRONCON":"T1394","ID_COURSDE":"N0112T1394","ORIGINE1":"SCAN25","BCAE":"non","ZNT":"oui"},"geometry":{"type":"LineString","coordinates":[[2.32445,49.09276],[2.32472,49.09264],[2.32478,49.09251],[2.32471,49.09239],[2.32454,49.09219],[2.32451,49.09207],[2.32475,49.09139],[2.32486,49.09076],[2.32513,49.09026],[2.32532,49.09013],[2.32571,49.08999],[2.32594,49.08995],[2.32619,49.08994],[2.32687,49.08975],[2.32707,49.08973],[2.32731,49.08976],[2.32768,49.08985],[2.32776,49.08984],[2.32812,49.08964],[2.32844,49.08952],[2.32869,49.08948],[2.3292,49.08951],[2.32961,49.08964],[2.32989,49.08969],[2.33098,49.08945],[2.33151,49.08963],[2.33221,49.08994],[2.33231,49.09005]]}},
{"type":"Feature","properties":{"NOM":"Le Ru de Presles","ETAT":0,"CODE_MODIF":5,"DATE_MODIF":"2015-05-18","MODIFICATI":"SUPPRESSION","RAPPORT_UR":null,"ID_NOM":"N0112","ID_TRONCON":"T1393","ID_COURSDE":"N0112T1393","ORIGINE1":"TERRAIN","BCAE":"non","ZNT":"non"},"geometry":{"type":"LineString","coordinates":[[2.33244,49.08988],[2.3329,49.09006],[2.33307,49.09008],[2.33387,49.08997],[2.33402,49.08987],[2.33424,49.08982],[2.33629,49.08986],[2.33706,49.0899],[2.33723,49.08995],[2.33748,49.08995],[2.33906,49.0896],[2.33923,49.08961],[2.33929,49.08979],[2.34084,49.08974],[2.3448,49.08998],[2.34699,49.0897],[2.34708,49.08974],[2.34731,49.08957],[2.34734,49.0894],[2.34722,49.08929],[2.34726,49.08917],[2.34698,49.08884],[2.3475,49.08815],[2.34783,49.08792],[2.34807,49.08769]]}},
{"type":"Feature","properties":{"NOM":"Ru de Presles","ETAT":1,"CODE_MODIF":3,"DATE_MODIF":"2015-05-18","MODIFICATI":"TRACÉ","RAPPORT_UR":null,"ID_NOM":"N0116","ID_TRONCON":"T1291","ID_COURSDE":"N0116T1291","ORIGINE1":"TERRAIN","BCAE":"oui","ZNT":"oui"},"geometry":{"type":"LineString","coordinates":[[2.32445,49.09276],[2.32415,49.09296],[2.32371,49.09314],[2.32346,49.0935],[2.32337,49.09355],[2.32295,49.09357],[2.32234,49.09374],[2.32125,49.09398],[2.32084,49.09402],[2.32011,49.09417],[2.3199,49.09427],[2.31972,49.09428],[2.31923,49.09466],[2.31915,49.09478],[2.31873,49.09497],[2.3179,49.09557],[2.31699,49.09595],[2.31663,49.09599],[2.31565,49.09631],[2.31516,49.09651],[2.31501,49.0966],[2.31433,49.0969],[2.31386,49.09719],[2.31331,49.09748],[2.31303,49.09759],[2.31275,49.09775],[2.3122,49.09795],[2.31194,49.0981],[2.31174,49.09833],[2.31097,49.09881],[2.3109,49.09893],[2.30998,49.0991],[2.30981,49.09916],[2.30959,49.09932],[2.30947,49.09933],[2.30851,49.09976],[2.30834,49.10016],[2.30819,49.10035],[2.30812,49.10061],[2.30794,49.10085],[2.30765,49.10149],[2.30677,49.10191],[2.30534,49.10266],[2.30492,49.10282],[2.30307,49.10306],[2.30227,49.10327],[2.30209,49.10329],[2.30185,49.10346],[2.30111,49.10356],[2.301,49.10365],[2.30072,49.10371],[2.30055,49.10381],[2.29994,49.10388],[2.29976,49.10398],[2.29944,49.104],[2.29919,49.10412],[2.29883,49.10419],[2.29872,49.10442],[2.29918,49.10507],[2.29929,49.10517],[2.29943,49.10542]]}},
{"type":"Feature","properties":{"NOM":"Ru de Presles","ETAT":0,"CODE_MODIF":5,"DATE_MODIF":null,"MODIFICATI":"SUPPRESSION","RAPPORT_UR":null,"ID_NOM":"N0116","ID_TRONCON":"T1396","ID_COURSDE":"N0116T1396","ORIGINE1":"TERRAIN","BCAE":"non","ZNT":"non"},"geometry":{"type":"LineString","coordinates":[[2.29823,49.10452],[2.29807,49.10465],[2.29772,49.10477],[2.29688,49.10526],[2.29632,49.10551],[2.29631,49.10557],[2.2964,49.1057]]}},
{"type":"Feature","properties":{"NOM":"Ru de Presles","ETAT":1,"CODE_MODIF":0,"DATE_MODIF":null,"MODIFICATI":null,"RAPPORT_UR":null,"ID_NOM":"N0116","ID_TRONCON":"T1395","ID_COURSDE":"N0116T1395","ORIGINE1":"SCAN25","BCAE":"oui","ZNT":"oui"},"geometry":{"type":"LineString","coordinates":[[2.2964,49.1057],[2.29671,49.10626],[2.2962,49.10631],[2.29583,49.10641],[2.29542,49.10646],[2.2943,49.10676],[2.29474,49.10695],[2.29489,49.10706],[2.29496,49.10718],[2.29497,49.10732],[2.29488,49.10742],[2.2944,49.10759],[2.2937,49.1077],[2.29345,49.10778],[2.29335,49.10787],[2.29332,49.1082],[2.29308,49.10828],[2.29306,49.10834],[2.29287,49.10833],[2.2926,49.10825],[2.29247,49.10824],[2.29238,49.10831],[2.29238,49.1084],[2.29231,49.10845],[2.29196,49.10856],[2.2916,49.10858],[2.29094,49.10874],[2.29031,49.1088],[2.28965,49.1088],[2.28917,49.10871],[2.28894,49.10883],[2.28875,49.10886],[2.28816,49.10887],[2.28758,49.10877],[2.28696,49.10875],[2.2869,49.10881],[2.28694,49.10925],[2.2868,49.1094],[2.28659,49.10942],[2.28651,49.10946],[2.28647,49.10958],[2.2864,49.10961],[2.28621,49.10961],[2.28604,49.10958],[2.28468,49.10975],[2.28424,49.10977],[2.2836,49.10998],[2.28331,49.11013],[2.28316,49.11056],[2.28323,49.1111],[2.28309,49.11116],[2.283,49.11136],[2.28275,49.11139],[2.2826,49.11162],[2.28247,49.11196],[2.28247,49.11217],[2.2826,49.11257],[2.28258,49.1127],[2.28247,49.11282],[2.28203,49.113],[2.28199,49.11314],[2.28208,49.11383],[2.28206,49.11409],[2.28241,49.1148],[2.28241,49.11497],[2.28258,49.11536],[2.2826,49.11586],[2.28252,49.11624],[2.28258,49.11662],[2.28276,49.11671],[2.28308,49.11676],[2.28336,49.11695],[2.28341,49.11727],[2.28322,49.1174],[2.28324,49.11746]]}},
{"type":"Feature","properties":{"NOM":"Sans nom","ETAT":2,"CODE_MODIF":0,"DATE_MODIF":null,"MODIFICATI":null,"RAPPORT_UR":null,"ID_NOM":"N9999","ID_TRONCON":"T1397","ID_COURSDE":"N9999T1397","ORIGINE1":"SCAN25","BCAE":"non","ZNT":"oui"},"geometry":{"type":"LineString","coordinates":[[2.15323,49.17358],[2.15293,49.17349],[2.1527,49.17349],[2.15219,49.1734]]}},
{"type":"Feature","properties":{"NOM":"Sans nom","ETAT":1,"CODE_MODIF":1,"DATE_MODIF":"2012-08-31","MODIFICATI":"ETAT 2 EN 1","RAPPORT_UR":null,"ID_NOM":"N9999","ID_TRONCON":"T1042","ID_COURSDE":"N9999T1042","ORIGINE1":"TERRAIN","BCAE":"oui","ZNT":"oui"},"geometry":{"type":"LineString","coordinates":[[2.15219,49.1734],[2.15195,49.17334],[2.15119,49.17334],[2.15059,49.17322],[2.15028,49.17321],[2.14993,49.17291],[2.14891,49.17261],[2.14872,49.17251],[2.14836,49.1724],[2.14657,49.17211],[2.14579,49.17181],[2.14517,49.17164]]}},
{"type":"Feature","properties":{"NOM":"Sans nom","ETAT":1,"CODE_MODIF":3,"DATE_MODIF":"2012-08-31","MODIFICATI":"TRACÉ","RAPPORT_UR":null,"ID_NOM":"N9999","ID_TRONCON":"T1398","ID_COURSDE":"N9999T1398","ORIGINE1":"TERRAIN","BCAE":"oui","ZNT":"oui"},"geometry":{"type":"LineString","coordinates":[[2.14993,49.17291],[2.15011,49.17266],[2.15243,49.17283]]}},
{"type":"Feature","properties":{"NOM":"Sans nom","ETAT":1,"CODE_MODIF":3,"DATE_MODIF":"2012-08-31","MODIFICATI":"TRACÉ","RAPPORT_UR":null,"ID_NOM":"N9999","ID_TRONCON":"T1399","ID_COURSDE":"N9999T1399","ORIGINE1":"TERRAIN","BCAE":"oui","ZNT":"oui"},"geometry":{"type":"LineString","coordinates":[[2.15219,49.1734],[2.15243,49.17283]]}},
{"type":"Feature","properties":{"NOM":"Sans nom","ETAT":2,"CODE_MODIF":3,"DATE_MODIF":"2012-08-31","MODIFICATI":"TRACÉ","RAPPORT_UR":null,"ID_NOM":"N9999","ID_TRONCON":"T1400","ID_COURSDE":"N9999T1400","ORIGINE1":"TERRAIN","BCAE":"non","ZNT":"oui"},"geometry":{"type":"LineString","coordinates":[[2.15243,49.17283],[2.15305,49.17266]]}},
{"type":"Feature","properties":{"NOM":"Sans nom","ETAT":2,"CODE_MODIF":3,"DATE_MODIF":"2012-08-31","MODIFICATI":"TRACÉ","RAPPORT_UR":null,"ID_NOM":"N9999","ID_TRONCON":"T1401","ID_COURSDE":"N9999T1401","ORIGINE1":"TERRAIN","BCAE":"non","ZNT":"oui"},"geometry":{"type":"LineString","coordinates":[[2.15061,49.17269],[2.15142,49.17211]]}},
{"type":"Feature","properties":{"NOM":"Le Ru d'Hédouville","ETAT":1,"CODE_MODIF":1,"DATE_MODIF":"2012-08-31","MODIFICATI":"ETAT 2 EN 1","RAPPORT_UR":null,"ID_NOM":"N0030","ID_TRONCON":"T0233","ID_COURSDE":"N0030T0233","ORIGINE1":"TERRAIN","BCAE":"oui","ZNT":"oui"},"geometry":{"type":"LineString","coordinates":[[2.1656,49.14992],[2.16529,49.15063],[2.16536,49.1508],[2.16549,49.15152],[2.16591,49.15237],[2.16598,49.15279],[2.16642,49.15331],[2.16672,49.15358],[2.16776,49.15411],[2.16862,49.1546],[2.16921,49.15501],[2.1696,49.1554],[2.16981,49.15553],[2.17016,49.15568],[2.17056,49.15604],[2.17092,49.15619],[2.17181,49.15672],[2.17208,49.15692],[2.17302,49.15732]]}},
{"type":"Feature","properties":{"NOM":"Le Ru d'Hédouville","ETAT":1,"CODE_MODIF":1,"DATE_MODIF":"2012-08-31","MODIFICATI":"ETAT 2 EN 1","RAPPORT_UR":null,"ID_NOM":"N0030","ID_TRONCON":"T1402","ID_COURSDE":"N0030T1402","ORIGINE1":"TERRAIN","BCAE":"oui","ZNT":"oui"},"geometry":{"type":"LineString","coordinates":[[2.17,49.15406],[2.16976,49.15413],[2.16967,49.15393],[2.16948,49.15382],[2.16935,49.15368],[2.1678,49.15293],[2.16762,49.15286],[2.16738,49.15281],[2.16713,49.15268],[2.16659,49.15212],[2.16626,49.15152],[2.16623,49.15136]]}},
{"type":"Feature","properties":{"NOM":"Le Ru d'Hédouville","ETAT":1,"CODE_MODIF":1,"DATE_MODIF":"2012-08-31","MODIFICATI":"ETAT 2 EN 1","RAPPORT_UR":null,"ID_NOM":"N0030","ID_TRONCON":"T1403","ID_COURSDE":"N0030T1403","ORIGINE1":"TERRAIN","BCAE":"oui","ZNT":"oui"},"geometry":{"type":"LineString","coordinates":[[2.16976,49.15413],[2.16968,49.15447],[2.17038,49.15509],[2.17047,49.15533],[2.17083,49.15551],[2.17093,49.15563],[2.17163,49.15598]]}},
{"type":"Feature","properties":{"NOM":"Le Ru d'Hédouville","ETAT":2,"CODE_MODIF":0,"DATE_MODIF":null,"MODIFICATI":null,"RAPPORT_UR":null,"ID_NOM":"N0030","ID_TRONCON":"T1404","ID_COURSDE":"N0030T1404","ORIGINE1":"SCAN25","BCAE":"non","ZNT":"oui"},"geometry":{"type":"LineString","coordinates":[[2.16371,49.15481],[2.1641,49.15482],[2.16456,49.15472],[2.16501,49.15446],[2.16523,49.15443],[2.16543,49.1543],[2.16562,49.15405],[2.16589,49.15404],[2.16592,49.15396],[2.16577,49.15377],[2.16588,49.15355],[2.16581,49.1531],[2.16614,49.15298]]}},
{"type":"Feature","properties":{"NOM":"Sans nom","ETAT":2,"CODE_MODIF":3,"DATE_MODIF":"2012-08-31","MODIFICATI":"TRACÉ","RAPPORT_UR":null,"ID_NOM":"N0030","ID_TRONCON":"T1405","ID_COURSDE":"N0030T1405","ORIGINE1":"TERRAIN","BCAE":"non","ZNT":"oui"},"geometry":{"type":"LineString","coordinates":[[2.16477,49.14814],[2.16528,49.14834],[2.16565,49.14886],[2.16601,49.14924],[2.16656,49.14972]]}},
{"type":"Feature","properties":{"NOM":"Sans nom","ETAT":2,"CODE_MODIF":3,"DATE_MODIF":"2012-08-31","MODIFICATI":"TRACÉ","RAPPORT_UR":null,"ID_NOM":"N0030","ID_TRONCON":"T1406","ID_COURSDE":"N0030T1406","ORIGINE1":"TERRAIN","BCAE":"non","ZNT":"oui"},"geometry":{"type":"LineString","coordinates":[[2.16601,49.14924],[2.16708,49.14938]]}},
{"type":"Feature","properties":{"NOM":"Sans nom","ETAT":2,"CODE_MODIF":3,"DATE_MODIF":"2012-08-31","MODIFICATI":"TRACÉ","RAPPORT_UR":null,"ID_NOM":"N0030","ID_TRONCON":"T1407","ID_COURSDE":"N0030T1407","ORIGINE1":"TERRAIN","BCAE":"non","ZNT":"oui"},"geometry":{"type":"LineString","coordinates":[[2.16601,49.14924],[2.16589,49.14972]]}},
{"type":"Feature","properties":{"NOM":"Ru du Rhin","ETAT":1,"CODE_MODIF":0,"DATE_MODIF":null,"MODIFICATI":null,"RAPPORT_UR":null,"ID_NOM":"N0021","ID_TRONCON":"T1408","ID_COURSDE":"N0021T1408","ORIGINE1":"SCAN25","BCAE":"oui","ZNT":"oui"},"geometry":{"type":"LineString","coordinates":[[2.49793,49.03798],[2.49788,49.03784],[2.49729,49.03777],[2.4964,49.03759],[2.49566,49.03738],[2.49511,49.03704],[2.49349,49.03641],[2.49308,49.0364],[2.49273,49.03653],[2.49201,49.03619],[2.49109,49.03564],[2.48962,49.03495],[2.48855,49.03497],[2.48713,49.03465],[2.48642,49.03455],[2.48587,49.03428]]}},
{"type":"Feature","properties":{"NOM":"Ru du Rhin","ETAT":3,"CODE_MODIF":0,"DATE_MODIF":null,"MODIFICATI":null,"RAPPORT_UR":null,"ID_NOM":"N0021","ID_TRONCON":"T1409","ID_COURSDE":"N0021T1409","ORIGINE1":"SCAN25","BCAE":"non","ZNT":"oui"},"geometry":{"type":"LineString","coordinates":[[2.48358,49.0261],[2.48474,49.02625],[2.48523,49.02652],[2.48568,49.02702],[2.4858,49.02734],[2.48561,49.02785]]}},
{"type":"Feature","properties":{"NOM":"Le Petit Rosne","ETAT":3,"CODE_MODIF":0,"DATE_MODIF":null,"MODIFICATI":null,"RAPPORT_UR":null,"ID_NOM":"N0025","ID_TRONCON":"T1410","ID_COURSDE":"N0025T1410","ORIGINE1":"SCAN25","BCAE":"non","ZNT":"oui"},"geometry":{"type":"LineString","coordinates":[[2.35897,49.03415],[2.35961,49.03399],[2.36077,49.0339],[2.3614,49.03403],[2.36177,49.03399],[2.36445,49.03273],[2.36472,49.03262],[2.36499,49.03262],[2.36576,49.03231],[2.36644,49.03195],[2.36707,49.03154],[2.36817,49.03098],[2.36915,49.03065],[2.36928,49.03058],[2.37014,49.03038],[2.37106,49.03013],[2.3714,49.03002],[2.37274,49.02868],[2.37251,49.02801],[2.37015,49.02724],[2.36843,49.02615],[2.36774,49.02554],[2.36739,49.0254],[2.36705,49.02486],[2.36658,49.02436],[2.36592,49.02375],[2.36533,49.02295],[2.36511,49.02192]]}},
{"type":"Feature","properties":{"NOM":"Le Petit Rosne","ETAT":3,"CODE_MODIF":0,"DATE_MODIF":null,"MODIFICATI":null,"RAPPORT_UR":null,"ID_NOM":"N0025","ID_TRONCON":"T0220","ID_COURSDE":"N0025T0220","ORIGINE1":"SCAN25","BCAE":"non","ZNT":"oui"},"geometry":{"type":"LineString","coordinates":[[2.32909,49.05112],[2.32924,49.05107],[2.32942,49.05106],[2.33065,49.05071],[2.33196,49.05021],[2.3325,49.04995],[2.33406,49.0493],[2.33436,49.04901],[2.33504,49.04775],[2.33554,49.04748],[2.33568,49.04746],[2.33583,49.04738],[2.33625,49.04737],[2.33654,49.04731],[2.33703,49.04712],[2.33868,49.04672]]}},
{"type":"Feature","properties":{"NOM":"Le Petit Rosne","ETAT":2,"CODE_MODIF":0,"DATE_MODIF":null,"MODIFICATI":null,"RAPPORT_UR":null,"ID_NOM":"N0025","ID_TRONCON":"T1412","ID_COURSDE":"N0025T1412","ORIGINE1":"SCAN25","BCAE":"non","ZNT":"oui"},"geometry":{"type":"LineString","coordinates":[[2.33868,49.04672],[2.33916,49.04639],[2.34009,49.04601],[2.34038,49.04586],[2.3409,49.04552],[2.34164,49.04515],[2.34176,49.04512],[2.34201,49.04515],[2.34291,49.04512],[2.34332,49.04506],[2.34369,49.04497],[2.34426,49.04478],[2.34492,49.0444],[2.34569,49.04402],[2.34596,49.04384],[2.34684,49.04314],[2.3477,49.04236],[2.35059,49.04025],[2.35104,49.03996],[2.3517,49.03962],[2.35328,49.03913],[2.3536,49.03897],[2.35382,49.03862],[2.35416,49.03791],[2.35447,49.03763],[2.35464,49.03736],[2.35502,49.03698],[2.35536,49.0367],[2.35618,49.03613],[2.3565,49.03586],[2.35732,49.0347],[2.35783,49.0344],[2.35897,49.03415]]}},
{"type":"Feature","properties":{"NOM":"Le Petit Rosne","ETAT":1,"CODE_MODIF":0,"DATE_MODIF":null,"MODIFICATI":null,"RAPPORT_UR":null,"ID_NOM":"N0025","ID_TRONCON":"T0223","ID_COURSDE":"N0025T0223","ORIGINE1":"SCAN25","BCAE":"oui","ZNT":"oui"},"geometry":{"type":"LineString","coordinates":[[2.37009,49.00369],[2.37016,49.00366],[2.37021,49.00352],[2.37036,49.00344],[2.37045,49.00332],[2.37071,49.00282],[2.3708,49.00241],[2.37076,49.0021],[2.37077,49.00163],[2.37084,49.00121],[2.37114,49.00088],[2.37113,49.00074],[2.37129,49.00049]]}},
{"type":"Feature","properties":{"NOM":"Le Petit Rosne","ETAT":3,"CODE_MODIF":0,"DATE_MODIF":null,"MODIFICATI":null,"RAPPORT_UR":null,"ID_NOM":"N0025","ID_TRONCON":"T1413","ID_COURSDE":"N0025T1413","ORIGINE1":"SCAN25","BCAE":"non","ZNT":"oui"},"geometry":{"type":"LineString","coordinates":[[2.37129,49.00049],[2.37141,49.00021],[2.37151,49.00015],[2.37473,48.99953]]}},
{"type":"Feature","properties":{"NOM":"Le Ru des Haras","ETAT":2,"CODE_MODIF":0,"DATE_MODIF":null,"MODIFICATI":null,"RAPPORT_UR":null,"ID_NOM":"N0055","ID_TRONCON":"T0326","ID_COURSDE":"N0055T0326","ORIGINE1":"SCAN25","BCAE":"non","ZNT":"oui"},"geometry":{"type":"LineString","coordinates":[[2.3368,48.98849],[2.3379,48.9884],[2.33924,48.98837],[2.34494,48.98878],[2.34582,48.98891],[2.34886,48.98738]]}},
{"type":"Feature","properties":{"NOM":"Le Ru des Haras","ETAT":3,"CODE_MODIF":0,"DATE_MODIF":null,"MODIFICATI":null,"RAPPORT_UR":null,"ID_NOM":"N0055","ID_TRONCON":"T1414","ID_COURSDE":"N0055T1414","ORIGINE1":"SCAN25","BCAE":"non","ZNT":"oui"},"geometry":{"type":"LineString","coordinates":[[2.34886,48.98738],[2.35188,48.98624],[2.35283,48.98608],[2.35375,48.9861],[2.35373,48.98457]]}},
{"type":"Feature","properties":{"NOM":"Le Ru des Haras","ETAT":2,"CODE_MODIF":0,"DATE_MODIF":null,"MODIFICATI":null,"RAPPORT_UR":null,"ID_NOM":"N0055","ID_TRONCON":"T0325","ID_COURSDE":"N0055T0325","ORIGINE1":"SCAN25","BCAE":"non","ZNT":"oui"},"geometry":{"type":"LineString","coordinates":[[2.35565,48.98079],[2.35571,48.98085],[2.35566,48.98128],[2.35533,48.98228]]}},
{"type":"Feature","properties":{"NOM":"Le Ru des Haras","ETAT":3,"CODE_MODIF":0,"DATE_MODIF":null,"MODIFICATI":null,"RAPPORT_UR":null,"ID_NOM":"N0055","ID_TRONCON":"T1415","ID_COURSDE":"N0055T1415","ORIGINE1":"SCAN25","BCAE":"non","ZNT":"oui"},"geometry":{"type":"LineString","coordinates":[[2.35533,48.98228],[2.35516,48.9828],[2.35499,48.98301],[2.35464,48.9833],[2.35377,48.98453]]}},
{"type":"Feature","properties":{"NOM":"La Bernon","ETAT":1,"CODE_MODIF":3,"DATE_MODIF":"2012-05-18","MODIFICATI":"TRACÉ","RAPPORT_UR":null,"ID_NOM":"N0011","ID_TRONCON":"T1416","ID_COURSDE":"N0011T1416","ORIGINE1":"TERRAIN","BCAE":"oui","ZNT":"oui"},"geometry":{"type":"LineString","coordinates":[[1.86624,49.03369],[1.86618,49.03363],[1.86645,49.03343],[1.86693,49.03277]]}},
{"type":"Feature","properties":{"NOM":"Ruisseau des Glaises","ETAT":2,"CODE_MODIF":0,"DATE_MODIF":null,"MODIFICATI":null,"RAPPORT_UR":null,"ID_NOM":"N0083","ID_TRONCON":"T0384","ID_COURSDE":"N0083T0384","ORIGINE1":"SCAN25","BCAE":"non","ZNT":"oui"},"geometry":{"type":"LineString","coordinates":[[2.26674,49.06513],[2.2669,49.06512],[2.26724,49.06489],[2.26752,49.06458],[2.26788,49.06395],[2.26812,49.06331],[2.26846,49.06259],[2.26764,49.05988],[2.26681,49.05795],[2.26665,49.05771],[2.26579,49.05694],[2.26561,49.05681],[2.26522,49.05634],[2.26497,49.05584],[2.26465,49.05555],[2.26439,49.05546],[2.26437,49.05533]]}},
{"type":"Feature","properties":{"NOM":"Ruisseau des Coutumes","ETAT":2,"CODE_MODIF":0,"DATE_MODIF":null,"MODIFICATI":null,"RAPPORT_UR":null,"ID_NOM":"N0081","ID_TRONCON":"T1418","ID_COURSDE":"N0081T1418","ORIGINE1":"SCAN25","BCAE":"non","ZNT":"oui"},"geometry":{"type":"LineString","coordinates":[[2.24717,49.05827],[2.24693,49.05854],[2.24704,49.05888],[2.24815,49.06041],[2.24828,49.06066],[2.24816,49.06207],[2.24841,49.0628],[2.24876,49.06322],[2.24943,49.06385],[2.24982,49.0638],[2.25037,49.06432],[2.25083,49.0647],[2.25162,49.0655],[2.2524,49.06609],[2.25257,49.06635],[2.25243,49.06707],[2.25234,49.06733]]}},
{"type":"Feature","properties":{"NOM":"Ruisseau des Coutumes","ETAT":0,"CODE_MODIF":0,"DATE_MODIF":"2016-10-11","MODIFICATI":"SUPPRESSION","RAPPORT_UR":null,"ID_NOM":"N0081","ID_TRONCON":"T0382","ID_COURSDE":"N0081T0382","ORIGINE1":"SCAN25","BCAE":"non","ZNT":"non"},"geometry":{"type":"LineString","coordinates":[[2.25234,49.06733],[2.25208,49.06782],[2.25175,49.06792],[2.25167,49.06803],[2.25139,49.0681],[2.25121,49.06827],[2.25117,49.06886],[2.25123,49.06953],[2.25121,49.07014],[2.25114,49.07044],[2.25105,49.07054]]}},
{"type":"Feature","properties":{"NOM":"Le Ru de Theuville","ETAT":2,"CODE_MODIF":0,"DATE_MODIF":null,"MODIFICATI":null,"RAPPORT_UR":null,"ID_NOM":"N0059","ID_TRONCON":"T0332","ID_COURSDE":"N0059T0332","ORIGINE1":"SCAN25","BCAE":"non","ZNT":"oui"},"geometry":{"type":"LineString","coordinates":[[2.02861,49.17872],[2.02916,49.17866],[2.0312,49.17871],[2.03206,49.17878],[2.03278,49.17887],[2.03321,49.17927],[2.03442,49.1793],[2.03475,49.17929],[2.03734,49.1787],[2.03752,49.17873],[2.03794,49.1787],[2.0385,49.17876],[2.03856,49.17866]]}},
{"type":"Feature","properties":{"NOM":"Le Ru de Theuville","ETAT":0,"CODE_MODIF":5,"DATE_MODIF":"2016-10-20","MODIFICATI":"SUPRESSION","RAPPORT_UR":null,"ID_NOM":"N0059","ID_TRONCON":"T1417","ID_COURSDE":"N0059T1417","ORIGINE1":"TERRAIN","BCAE":"non","ZNT":"non"},"geometry":{"type":"LineString","coordinates":[[2.03856,49.17866],[2.03924,49.17886],[2.03943,49.17895],[2.03959,49.179],[2.03979,49.17902],[2.03999,49.179],[2.04041,49.17913],[2.04083,49.17947],[2.04104,49.17973],[2.04112,49.17979],[2.04231,49.18031],[2.04275,49.18047]]}},
{"type":"Feature","properties":{"NOM":"Le Ru de Theuville","ETAT":0,"CODE_MODIF":5,"DATE_MODIF":"2016-10-20","MODIFICATI":"FOSSÉ","RAPPORT_UR":null,"ID_NOM":"N0059","ID_TRONCON":"T0331","ID_COURSDE":"N0059T0331","ORIGINE1":"TERRAIN","BCAE":"non","ZNT":"non"},"geometry":{"type":"LineString","coordinates":[[2.04275,49.18047],[2.04352,49.18029],[2.04419,49.18017],[2.04489,49.17988],[2.04598,49.17935],[2.04631,49.17935],[2.04802,49.17915],[2.04855,49.1792],[2.05203,49.17971],[2.05225,49.17972],[2.05821,49.1783],[2.05848,49.17821],[2.06024,49.17745],[2.06046,49.17732],[2.06153,49.17613],[2.06375,49.17384],[2.06376,49.17379],[2.06591,49.17285],[2.06767,49.17203],[2.06768,49.17181],[2.06736,49.17067],[2.06721,49.17043],[2.067,49.17023],[2.06507,49.16886],[2.06451,49.16852],[2.06148,49.16702],[2.06103,49.16623],[2.06058,49.16511],[2.06056,49.16498],[2.06062,49.16478],[2.06061,49.16471],[2.06027,49.16411],[2.06021,49.16385],[2.06025,49.16377]]}},
{"type":"Feature","properties":{"NOM":"Le Ru de Theuville","ETAT":2,"CODE_MODIF":0,"DATE_MODIF":null,"MODIFICATI":null,"RAPPORT_UR":null,"ID_NOM":"N0059","ID_TRONCON":"T1419","ID_COURSDE":"N0059T1419","ORIGINE1":"SCAN25","BCAE":"non","ZNT":"oui"},"geometry":{"type":"LineString","coordinates":[[2.06025,49.16377],[2.06084,49.16307],[2.06061,49.16273],[2.0605,49.16245],[2.06058,49.1617],[2.06052,49.16119],[2.06064,49.16053],[2.06111,49.15974],[2.06143,49.15926],[2.06172,49.15893],[2.06197,49.15878],[2.06308,49.15829],[2.06467,49.15786],[2.0654,49.15753],[2.06626,49.15692],[2.06655,49.15682],[2.06689,49.15666],[2.06775,49.15615],[2.06819,49.15574],[2.0687,49.15493],[2.06904,49.15466],[2.06927,49.15437],[2.06985,49.15394],[2.0704,49.1536],[2.07082,49.15342],[2.07112,49.15334],[2.07173,49.15324]]}},
{"type":"Feature","properties":{"NOM":"Sans nom","ETAT":0,"CODE_MODIF":5,"DATE_MODIF":"2016-12-13","MODIFICATI":"FOSSÉ","RAPPORT_UR":null,"ID_NOM":"N9999","ID_TRONCON":"T0790","ID_COURSDE":"N9999T0790","ORIGINE1":"TERRAIN","BCAE":"non","ZNT":"non"},"geometry":{"type":"LineString","coordinates":[[1.9652,49.04481],[1.96489,49.04487],[1.96324,49.04545],[1.96063,49.04697],[1.95955,49.04769],[1.95893,49.04794],[1.95758,49.04829],[1.9574,49.04821],[1.95415,49.04751],[1.95341,49.04759],[1.95302,49.04768],[1.95271,49.04779],[1.95248,49.04779]]}},
{"type":"Feature","properties":{"NOM":"Sans nom","ETAT":2,"CODE_MODIF":0,"DATE_MODIF":"2016-12-13","MODIFICATI":"ÉTAT 1 EN 2","RAPPORT_UR":null,"ID_NOM":"N9999","ID_TRONCON":"T0790","ID_COURSDE":"N9999T0790","ORIGINE1":"SCAN25","BCAE":"non","ZNT":"oui"},"geometry":{"type":"LineString","coordinates":[[1.95248,49.04779],[1.95,49.04779],[1.94944,49.04746],[1.94783,49.04747]]}},
{"type":"Feature","properties":{"NOM":"Le Croult","ETAT":1,"CODE_MODIF":0,"DATE_MODIF":null,"MODIFICATI":null,"RAPPORT_UR":null,"ID_NOM":"N0021","ID_TRONCON":"T0201","ID_COURSDE":"N0021T0201","ORIGINE1":"SCAN25","BCAE":"oui","ZNT":"oui"},"geometry":{"type":"LineString","coordinates":[[2.45487,48.98629],[2.4546,48.98605],[2.45447,48.98597],[2.45416,48.98587],[2.45267,48.9856],[2.4519,48.9856],[2.45083,48.98542],[2.45057,48.98541],[2.45027,48.98523],[2.44971,48.98502],[2.44927,48.98504],[2.44895,48.98498],[2.44847,48.98498],[2.44834,48.98495],[2.4482,48.98485],[2.44795,48.98475],[2.44749,48.9847],[2.44731,48.98458],[2.44724,48.98436],[2.44708,48.98417],[2.44602,48.98361],[2.44578,48.98362],[2.44539,48.98378],[2.44515,48.98381],[2.44477,48.98367],[2.44444,48.98363],[2.44425,48.98352],[2.44348,48.98338],[2.44331,48.98328],[2.44294,48.98297],[2.44276,48.98291],[2.44248,48.9829],[2.44189,48.98299],[2.44115,48.98304],[2.44093,48.98295],[2.44054,48.98295],[2.44036,48.98274],[2.44028,48.98271],[2.43977,48.98285],[2.43958,48.98285],[2.43928,48.98277],[2.43904,48.98261],[2.43883,48.98252],[2.43864,48.98244],[2.43841,48.98242],[2.43832,48.98233],[2.43819,48.98205],[2.43758,48.98162],[2.43689,48.98103],[2.43652,48.98084],[2.43563,48.98088],[2.43306,48.98077],[2.43249,48.98067],[2.43205,48.98045],[2.43174,48.98014],[2.43155,48.97987],[2.43128,48.97966],[2.43018,48.97927],[2.42755,48.97845],[2.42669,48.97808],[2.42647,48.97792],[2.42634,48.97766],[2.42631,48.97734],[2.42642,48.97638],[2.42599,48.97582],[2.42599,48.97568],[2.42586,48.97558],[2.42565,48.97527],[2.4254,48.97471],[2.42514,48.97428],[2.42507,48.97379],[2.42483,48.97334],[2.42452,48.97296],[2.42424,48.97276],[2.42375,48.97254],[2.42302,48.97239],[2.42259,48.97238],[2.4223,48.97233],[2.42144,48.97205],[2.42115,48.97202],[2.4208,48.97191],[2.42052,48.97171],[2.42037,48.9714],[2.42015,48.97126],[2.42013,48.97101],[2.42005,48.97089],[2.41971,48.9708],[2.41928,48.97078],[2.41827,48.97014],[2.41802,48.97005],[2.41785,48.96992],[2.41727,48.96934],[2.41697,48.96914],[2.41675,48.96869],[2.41668,48.96864],[2.41637,48.96861],[2.41633,48.96858],[2.41633,48.96839],[2.41628,48.96827],[2.41592,48.9677],[2.41577,48.96757],[2.41545,48.96744],[2.41545,48.96736],[2.41554,48.96719],[2.41552,48.9671],[2.41486,48.96641],[2.41473,48.96616],[2.41463,48.9659],[2.41463,48.9653],[2.41471,48.96502],[2.41493,48.96447],[2.41488,48.96433],[2.41453,48.96406],[2.41445,48.96393],[2.41446,48.96354],[2.41489,48.96316],[2.41502,48.96288],[2.41703,48.96181],[2.41719,48.96169],[2.41724,48.9616],[2.41707,48.96106],[2.41711,48.96038],[2.41716,48.96033],[2.4175,48.96021],[2.41758,48.96014],[2.41765,48.96003],[2.41763,48.95982],[2.41794,48.95965],[2.41799,48.95945],[2.41804,48.95941]]}},
{"type":"Feature","properties":{"NOM":"La Vieille Mer","ETAT":1,"CODE_MODIF":0,"DATE_MODIF":null,"MODIFICATI":null,"RAPPORT_UR":null,"ID_NOM":"N0021","ID_TRONCON":"T0201","ID_COURSDE":"N0021T0201","ORIGINE1":"SCAN25","BCAE":"oui","ZNT":"oui"},"geometry":{"type":"LineString","coordinates":[[2.41804,48.95941],[2.41777,48.95907]]}},
{"type":"Feature","properties":{"NOM":"Le Sausset","ETAT":3,"CODE_MODIF":0,"DATE_MODIF":null,"MODIFICATI":null,"RAPPORT_UR":null,"ID_NOM":"N0066","ID_TRONCON":"T0362","ID_COURSDE":"N0066T0362","ORIGINE1":"SCAN25","BCAE":"non","ZNT":"oui"},"geometry":{"type":"LineString","coordinates":[[2.53293,48.96449],[2.5088,48.95575]]}},
{"type":"Feature","properties":{"NOM":"La Morée","ETAT":1,"CODE_MODIF":0,"DATE_MODIF":null,"MODIFICATI":null,"RAPPORT_UR":null,"ID_NOM":"N0066","ID_TRONCON":"T0359","ID_COURSDE":"N0066T0359","ORIGINE1":"SCAN25","BCAE":"oui","ZNT":"oui"},"geometry":{"type":"LineString","coordinates":[[2.4796,48.94374],[2.47858,48.94441],[2.47803,48.9446],[2.47735,48.94473]]}},
{"type":"Feature","properties":{"NOM":"La Morée","ETAT":1,"CODE_MODIF":0,"DATE_MODIF":null,"MODIFICATI":null,"RAPPORT_UR":null,"ID_NOM":"N0066","ID_TRONCON":"T0359","ID_COURSDE":"N0066T0359","ORIGINE1":"SCAN25","BCAE":"oui","ZNT":"oui"},"geometry":{"type":"LineString","coordinates":[[2.47735,48.94473],[2.47558,48.94509],[2.4749,48.94536],[2.47333,48.94586],[2.4721,48.94635],[2.47104,48.94696],[2.47102,48.94699],[2.47114,48.94948],[2.47102,48.95104],[2.47084,48.95128],[2.46693,48.95185]]}},
{"type":"Feature","properties":{"NOM":"La Morée","ETAT":3,"CODE_MODIF":0,"DATE_MODIF":null,"MODIFICATI":null,"RAPPORT_UR":null,"ID_NOM":"N0066","ID_TRONCON":"T0362","ID_COURSDE":"N0066T0362","ORIGINE1":"SCAN25","BCAE":"non","ZNT":"oui"},"geometry":{"type":"LineString","coordinates":[[2.5088,48.95575],[2.49684,48.95009],[2.4796,48.94374]]}},
{"type":"Feature","properties":{"NOM":"Ru de Chaussy","ETAT":2,"CODE_MODIF":3,"DATE_MODIF":"2017-12-04","MODIFICATI":"TRACÉ","RAPPORT_UR":"\\\\Sbl95-03\\gb_cons\\EAU\\N_MASSE_EAU\\L_COURS_DEAU_L_095\\CONSULTATION_RAPPORT","ID_NOM":"N0032","ID_TRONCON":"T0258","ID_COURSDE":"N0032T0258","ORIGINE1":"TERRAIN","BCAE":"non","ZNT":"oui"},"geometry":{"type":"MultiLineString","coordinates":[[[1.70237,49.11998],[1.70112,49.1188]],[[1.70232,49.11836],[1.70224,49.11875],[1.70215,49.11886],[1.70193,49.11897],[1.70186,49.11904],[1.70168,49.11932]]]}},
{"type":"Feature","properties":{"NOM":"Sans nom","ETAT":1,"CODE_MODIF":0,"DATE_MODIF":null,"MODIFICATI":null,"RAPPORT_UR":null,"ID_NOM":"N9999","ID_TRONCON":"T1402","ID_COURSDE":"N9999T1402","ORIGINE1":"SCAN25","BCAE":"oui","ZNT":"oui"},"geometry":{"type":"LineString","coordinates":[[1.83895,49.1052],[1.83923,49.10538],[1.84194,49.10572],[1.84242,49.10583],[1.84266,49.10576],[1.84282,49.10578],[1.84289,49.10573],[1.84311,49.10571],[1.84384,49.10549],[1.84436,49.10549],[1.84469,49.10555],[1.84547,49.1058],[1.84629,49.10612],[1.84634,49.1062],[1.84641,49.10624],[1.84687,49.10636],[1.8474,49.10637]]}},
{"type":"Feature","properties":{"NOM":"Sans nom","ETAT":0,"CODE_MODIF":5,"DATE_MODIF":"2017-12-04","MODIFICATI":"SUPPRESSION","RAPPORT_UR":null,"ID_NOM":"N9999","ID_TRONCON":"T1403","ID_COURSDE":"N9999T1403","ORIGINE1":"TERRAIN","BCAE":"non","ZNT":"non"},"geometry":{"type":"LineString","coordinates":[[1.84746,49.10636],[1.8484,49.10638],[1.8488,49.1065],[1.84925,49.10659],[1.84946,49.10659],[1.84987,49.10654],[1.84999,49.10657],[1.85013,49.10666],[1.85091,49.10747]]}},
{"type":"Feature","properties":{"NOM":"Sans nom","ETAT":0,"CODE_MODIF":5,"DATE_MODIF":"2017-12-04","MODIFICATI":"SUPPRESSION","RAPPORT_UR":null,"ID_NOM":"N9999","ID_TRONCON":"T1404","ID_COURSDE":"N9999T1404","ORIGINE1":"TERRAIN","BCAE":"non","ZNT":"non"},"geometry":{"type":"LineString","coordinates":[[2.42498,49.07357],[2.42468,49.07441],[2.42457,49.07526],[2.42475,49.07528],[2.42488,49.0754],[2.42497,49.07542]]}},
{"type":"Feature","properties":{"NOM":"Sans nom","ETAT":2,"CODE_MODIF":0,"DATE_MODIF":null,"MODIFICATI":null,"RAPPORT_UR":null,"ID_NOM":"N9999","ID_TRONCON":"T1405","ID_COURSDE":"N9999T1405","ORIGINE1":"SCAN25","BCAE":"non","ZNT":"oui"},"geometry":{"type":"LineString","coordinates":[[2.42508,49.07527],[2.42503,49.07549],[2.4252,49.0761],[2.42523,49.07635],[2.4253,49.07652],[2.42552,49.07673],[2.42549,49.07699],[2.42586,49.07727],[2.42612,49.07765],[2.42611,49.07808],[2.42616,49.0783],[2.42619,49.07834],[2.4265,49.07831],[2.42655,49.07836],[2.42756,49.08017],[2.42832,49.08085],[2.42886,49.08164],[2.42925,49.08247]]}},
{"type":"Feature","properties":{"NOM":"Le Ru de la Queue de l'Etang","ETAT":2,"CODE_MODIF":0,"DATE_MODIF":null,"MODIFICATI":null,"RAPPORT_UR":null,"ID_NOM":"N0046","ID_TRONCON":"T0297","ID_COURSDE":"N0046T0297","ORIGINE1":"SCAN25","BCAE":"non","ZNT":"oui"},"geometry":{"type":"LineString","coordinates":[[1.82233,49.16514],[1.82217,49.16517],[1.82218,49.16528],[1.82225,49.16538],[1.82237,49.16539],[1.82274,49.16522],[1.82323,49.16562],[1.82531,49.16756],[1.82541,49.1678],[1.82541,49.1681],[1.82464,49.16905]]}},
{"type":"Feature","properties":{"NOM":"Le Ru de la Queue de l'Etang","ETAT":0,"CODE_MODIF":5,"DATE_MODIF":"2017-12-04","MODIFICATI":"FOSSÉ","RAPPORT_UR":null,"ID_NOM":"N0046","ID_TRONCON":"T1406","ID_COURSDE":"N0046T1046","ORIGINE1":"TERRAIN","BCAE":"non","ZNT":"non"},"geometry":{"type":"LineString","coordinates":[[1.82464,49.16905],[1.82432,49.16942],[1.82415,49.16956],[1.82399,49.1698],[1.82385,49.17032],[1.82362,49.17094],[1.82314,49.17115],[1.82251,49.17123],[1.82173,49.17122]]}}
]
}
